ISO-10303-21;
HEADER;
FILE_DESCRIPTION((''),'2;1');
FILE_NAME('MR60PB-MGY_3PIN','2026-06-25T',('Herr'),(''),
'kosmo',
'kosmo','');
FILE_SCHEMA(('CONFIG_CONTROL_DESIGN'));
ENDSEC;
DATA;
#2=DIRECTION('',(0.E0,1.E0,0.E0));
#3=VECTOR('',#2,1.12E1);
#4=CARTESIAN_POINT('',(4.05E0,-5.6E0,0.E0));
#5=LINE('',#4,#3);
#6=CARTESIAN_POINT('',(0.E0,5.6E0,0.E0));
#7=DIRECTION('',(0.E0,0.E0,1.E0));
#8=DIRECTION('',(1.E0,0.E0,0.E0));
#9=AXIS2_PLACEMENT_3D('',#6,#7,#8);
#11=DIRECTION('',(0.E0,-1.E0,0.E0));
#12=VECTOR('',#11,1.12E1);
#13=CARTESIAN_POINT('',(-4.05E0,5.6E0,0.E0));
#14=LINE('',#13,#12);
#15=CARTESIAN_POINT('',(0.E0,-5.6E0,0.E0));
#16=DIRECTION('',(0.E0,0.E0,1.E0));
#17=DIRECTION('',(-1.E0,0.E0,0.E0));
#18=AXIS2_PLACEMENT_3D('',#15,#16,#17);
#20=DIRECTION('',(0.E0,-1.E0,0.E0));
#21=VECTOR('',#20,1.12E1);
#22=CARTESIAN_POINT('',(3.35E0,5.6E0,0.E0));
#23=LINE('',#22,#21);
#24=CARTESIAN_POINT('',(0.E0,-5.6E0,0.E0));
#25=DIRECTION('',(0.E0,0.E0,-1.E0));
#26=DIRECTION('',(1.E0,0.E0,0.E0));
#27=AXIS2_PLACEMENT_3D('',#24,#25,#26);
#29=DIRECTION('',(0.E0,1.E0,0.E0));
#30=VECTOR('',#29,1.12E1);
#31=CARTESIAN_POINT('',(-3.35E0,-5.6E0,0.E0));
#32=LINE('',#31,#30);
#33=CARTESIAN_POINT('',(0.E0,5.6E0,0.E0));
#34=DIRECTION('',(0.E0,0.E0,-1.E0));
#35=DIRECTION('',(-1.E0,0.E0,0.E0));
#36=AXIS2_PLACEMENT_3D('',#33,#34,#35);
#38=DIRECTION('',(0.E0,1.E0,0.E0));
#39=VECTOR('',#38,1.12E1);
#40=CARTESIAN_POINT('',(4.05E0,-5.6E0,1.9E0));
#41=LINE('',#40,#39);
#42=DIRECTION('',(0.E0,0.E0,1.E0));
#43=VECTOR('',#42,1.9E0);
#44=CARTESIAN_POINT('',(4.05E0,-5.6E0,0.E0));
#45=LINE('',#44,#43);
#46=DIRECTION('',(0.E0,1.E0,0.E0));
#47=VECTOR('',#46,1.12E1);
#48=CARTESIAN_POINT('',(4.05E0,-5.6E0,4.6E0));
#49=LINE('',#48,#47);
#50=DIRECTION('',(0.E0,0.E0,1.E0));
#51=VECTOR('',#50,9.3E0);
#52=CARTESIAN_POINT('',(4.05E0,-5.6E0,4.6E0));
#53=LINE('',#52,#51);
#54=CARTESIAN_POINT('',(0.E0,5.6E0,1.9E0));
#55=DIRECTION('',(0.E0,0.E0,-1.E0));
#56=DIRECTION('',(-1.E0,0.E0,0.E0));
#57=AXIS2_PLACEMENT_3D('',#54,#55,#56);
#59=DIRECTION('',(0.E0,1.E0,0.E0));
#60=VECTOR('',#59,1.12E1);
#61=CARTESIAN_POINT('',(-4.55E0,-5.6E0,1.9E0));
#62=LINE('',#61,#60);
#63=CARTESIAN_POINT('',(0.E0,-5.6E0,1.9E0));
#64=DIRECTION('',(0.E0,0.E0,-1.E0));
#65=DIRECTION('',(1.E0,0.E0,0.E0));
#66=AXIS2_PLACEMENT_3D('',#63,#64,#65);
#68=DIRECTION('',(0.E0,-1.E0,0.E0));
#69=VECTOR('',#68,1.12E1);
#70=CARTESIAN_POINT('',(4.55E0,5.6E0,1.9E0));
#71=LINE('',#70,#69);
#72=DIRECTION('',(0.E0,0.E0,1.E0));
#73=VECTOR('',#72,2.7E0);
#74=CARTESIAN_POINT('',(-4.55E0,5.6E0,1.9E0));
#75=LINE('',#74,#73);
#76=DIRECTION('',(0.E0,0.E0,1.E0));
#77=VECTOR('',#76,2.7E0);
#78=CARTESIAN_POINT('',(4.55E0,5.6E0,1.9E0));
#79=LINE('',#78,#77);
#80=DIRECTION('',(0.E0,0.E0,1.E0));
#81=VECTOR('',#80,2.7E0);
#82=CARTESIAN_POINT('',(4.55E0,-5.6E0,1.9E0));
#83=LINE('',#82,#81);
#84=DIRECTION('',(0.E0,0.E0,1.E0));
#85=VECTOR('',#84,2.7E0);
#86=CARTESIAN_POINT('',(-4.55E0,-5.6E0,1.9E0));
#87=LINE('',#86,#85);
#88=CARTESIAN_POINT('',(0.E0,5.6E0,4.6E0));
#89=DIRECTION('',(0.E0,0.E0,-1.E0));
#90=DIRECTION('',(-1.E0,0.E0,0.E0));
#91=AXIS2_PLACEMENT_3D('',#88,#89,#90);
#93=DIRECTION('',(0.E0,-1.E0,0.E0));
#94=VECTOR('',#93,1.12E1);
#95=CARTESIAN_POINT('',(4.55E0,5.6E0,4.6E0));
#96=LINE('',#95,#94);
#97=CARTESIAN_POINT('',(0.E0,-5.6E0,4.6E0));
#98=DIRECTION('',(0.E0,0.E0,-1.E0));
#99=DIRECTION('',(1.E0,0.E0,0.E0));
#100=AXIS2_PLACEMENT_3D('',#97,#98,#99);
#102=DIRECTION('',(0.E0,1.E0,0.E0));
#103=VECTOR('',#102,1.12E1);
#104=CARTESIAN_POINT('',(-4.55E0,-5.6E0,4.6E0));
#105=LINE('',#104,#103);
#106=CARTESIAN_POINT('',(0.E0,5.6E0,1.9E0));
#107=DIRECTION('',(0.E0,0.E0,1.E0));
#108=DIRECTION('',(1.E0,0.E0,0.E0));
#109=AXIS2_PLACEMENT_3D('',#106,#107,#108);
#111=DIRECTION('',(0.E0,0.E0,1.E0));
#112=VECTOR('',#111,1.9E0);
#113=CARTESIAN_POINT('',(4.05E0,5.6E0,0.E0));
#114=LINE('',#113,#112);
#115=CARTESIAN_POINT('',(0.E0,5.6E0,4.6E0));
#116=DIRECTION('',(0.E0,0.E0,1.E0));
#117=DIRECTION('',(1.E0,0.E0,0.E0));
#118=AXIS2_PLACEMENT_3D('',#115,#116,#117);
#120=DIRECTION('',(0.E0,0.E0,1.E0));
#121=VECTOR('',#120,9.3E0);
#122=CARTESIAN_POINT('',(4.05E0,5.6E0,4.6E0));
#123=LINE('',#122,#121);
#124=DIRECTION('',(0.E0,-1.E0,0.E0));
#125=VECTOR('',#124,1.12E1);
#126=CARTESIAN_POINT('',(-4.05E0,5.6E0,1.9E0));
#127=LINE('',#126,#125);
#128=DIRECTION('',(0.E0,0.E0,1.E0));
#129=VECTOR('',#128,1.9E0);
#130=CARTESIAN_POINT('',(-4.05E0,5.6E0,0.E0));
#131=LINE('',#130,#129);
#132=DIRECTION('',(0.E0,-1.E0,0.E0));
#133=VECTOR('',#132,1.12E1);
#134=CARTESIAN_POINT('',(-4.05E0,5.6E0,4.6E0));
#135=LINE('',#134,#133);
#136=DIRECTION('',(0.E0,0.E0,1.E0));
#137=VECTOR('',#136,9.3E0);
#138=CARTESIAN_POINT('',(-4.05E0,5.6E0,4.6E0));
#139=LINE('',#138,#137);
#140=CARTESIAN_POINT('',(0.E0,-5.6E0,1.9E0));
#141=DIRECTION('',(0.E0,0.E0,1.E0));
#142=DIRECTION('',(-1.E0,0.E0,0.E0));
#143=AXIS2_PLACEMENT_3D('',#140,#141,#142);
#145=DIRECTION('',(0.E0,0.E0,1.E0));
#146=VECTOR('',#145,1.9E0);
#147=CARTESIAN_POINT('',(-4.05E0,-5.6E0,0.E0));
#148=LINE('',#147,#146);
#149=CARTESIAN_POINT('',(0.E0,-5.6E0,4.6E0));
#150=DIRECTION('',(0.E0,0.E0,1.E0));
#151=DIRECTION('',(-1.E0,0.E0,0.E0));
#152=AXIS2_PLACEMENT_3D('',#149,#150,#151);
#154=DIRECTION('',(0.E0,0.E0,1.E0));
#155=VECTOR('',#154,9.3E0);
#156=CARTESIAN_POINT('',(-4.05E0,-5.6E0,4.6E0));
#157=LINE('',#156,#155);
#158=DIRECTION('',(0.E0,1.E0,0.E0));
#159=VECTOR('',#158,1.12E1);
#160=CARTESIAN_POINT('',(4.05E0,-5.6E0,1.39E1));
#161=LINE('',#160,#159);
#162=CARTESIAN_POINT('',(0.E0,-5.6E0,1.39E1));
#163=DIRECTION('',(0.E0,0.E0,1.E0));
#164=DIRECTION('',(-1.E0,0.E0,0.E0));
#165=AXIS2_PLACEMENT_3D('',#162,#163,#164);
#167=DIRECTION('',(0.E0,-1.E0,0.E0));
#168=VECTOR('',#167,1.12E1);
#169=CARTESIAN_POINT('',(-4.05E0,5.6E0,1.39E1));
#170=LINE('',#169,#168);
#171=CARTESIAN_POINT('',(0.E0,5.6E0,1.39E1));
#172=DIRECTION('',(0.E0,0.E0,1.E0));
#173=DIRECTION('',(1.E0,0.E0,0.E0));
#174=AXIS2_PLACEMENT_3D('',#171,#172,#173);
#176=DIRECTION('',(0.E0,-1.E0,0.E0));
#177=VECTOR('',#176,1.12E1);
#178=CARTESIAN_POINT('',(-3.35E0,5.6E0,1.39E1));
#179=LINE('',#178,#177);
#180=CARTESIAN_POINT('',(0.E0,-5.6E0,1.39E1));
#181=DIRECTION('',(0.E0,0.E0,1.E0));
#182=DIRECTION('',(-1.E0,0.E0,0.E0));
#183=AXIS2_PLACEMENT_3D('',#180,#181,#182);
#185=DIRECTION('',(0.E0,1.E0,0.E0));
#186=VECTOR('',#185,1.12E1);
#187=CARTESIAN_POINT('',(3.35E0,-5.6E0,1.39E1));
#188=LINE('',#187,#186);
#189=CARTESIAN_POINT('',(0.E0,5.6E0,1.39E1));
#190=DIRECTION('',(0.E0,0.E0,1.E0));
#191=DIRECTION('',(1.E0,0.E0,0.E0));
#192=AXIS2_PLACEMENT_3D('',#189,#190,#191);
#194=DIRECTION('',(0.E0,0.E0,-1.E0));
#195=VECTOR('',#194,8.6E0);
#196=CARTESIAN_POINT('',(-3.35E0,5.6E0,1.39E1));
#197=LINE('',#196,#195);
#198=DIRECTION('',(0.E0,0.E0,-1.E0));
#199=VECTOR('',#198,8.6E0);
#200=CARTESIAN_POINT('',(3.35E0,5.6E0,1.39E1));
#201=LINE('',#200,#199);
#202=DIRECTION('',(0.E0,0.E0,-1.E0));
#203=VECTOR('',#202,8.6E0);
#204=CARTESIAN_POINT('',(3.35E0,-5.6E0,1.39E1));
#205=LINE('',#204,#203);
#206=DIRECTION('',(0.E0,0.E0,-1.E0));
#207=VECTOR('',#206,8.6E0);
#208=CARTESIAN_POINT('',(-3.35E0,-5.6E0,1.39E1));
#209=LINE('',#208,#207);
#210=DIRECTION('',(0.E0,-1.E0,0.E0));
#211=VECTOR('',#210,1.12E1);
#212=CARTESIAN_POINT('',(-3.35E0,5.6E0,5.3E0));
#213=LINE('',#212,#211);
#214=CARTESIAN_POINT('',(0.E0,5.6E0,5.3E0));
#215=DIRECTION('',(0.E0,0.E0,1.E0));
#216=DIRECTION('',(1.E0,0.E0,0.E0));
#217=AXIS2_PLACEMENT_3D('',#214,#215,#216);
#219=DIRECTION('',(0.E0,1.E0,0.E0));
#220=VECTOR('',#219,1.12E1);
#221=CARTESIAN_POINT('',(3.35E0,-5.6E0,5.3E0));
#222=LINE('',#221,#220);
#223=CARTESIAN_POINT('',(0.E0,-5.6E0,5.3E0));
#224=DIRECTION('',(0.E0,0.E0,1.E0));
#225=DIRECTION('',(-1.E0,0.E0,0.E0));
#226=AXIS2_PLACEMENT_3D('',#223,#224,#225);
#228=CARTESIAN_POINT('',(0.E0,-5.6E0,5.3E0));
#229=DIRECTION('',(0.E0,0.E0,1.E0));
#230=DIRECTION('',(1.E0,0.E0,0.E0));
#231=AXIS2_PLACEMENT_3D('',#228,#229,#230);
#233=CARTESIAN_POINT('',(0.E0,-5.6E0,5.3E0));
#234=DIRECTION('',(0.E0,0.E0,1.E0));
#235=DIRECTION('',(-1.E0,0.E0,0.E0));
#236=AXIS2_PLACEMENT_3D('',#233,#234,#235);
#238=CARTESIAN_POINT('',(0.E0,5.6E0,5.3E0));
#239=DIRECTION('',(0.E0,0.E0,1.E0));
#240=DIRECTION('',(1.E0,0.E0,0.E0));
#241=AXIS2_PLACEMENT_3D('',#238,#239,#240);
#243=CARTESIAN_POINT('',(0.E0,5.6E0,5.3E0));
#244=DIRECTION('',(0.E0,0.E0,1.E0));
#245=DIRECTION('',(-1.E0,0.E0,0.E0));
#246=AXIS2_PLACEMENT_3D('',#243,#244,#245);
#248=CARTESIAN_POINT('',(0.E0,0.E0,5.3E0));
#249=DIRECTION('',(0.E0,0.E0,1.E0));
#250=DIRECTION('',(1.E0,0.E0,0.E0));
#251=AXIS2_PLACEMENT_3D('',#248,#249,#250);
#253=CARTESIAN_POINT('',(0.E0,0.E0,5.3E0));
#254=DIRECTION('',(0.E0,0.E0,1.E0));
#255=DIRECTION('',(-1.E0,0.E0,0.E0));
#256=AXIS2_PLACEMENT_3D('',#253,#254,#255);
#258=CARTESIAN_POINT('',(0.E0,-5.6E0,8.9E0));
#259=DIRECTION('',(0.E0,0.E0,1.E0));
#260=DIRECTION('',(1.E0,0.E0,0.E0));
#261=AXIS2_PLACEMENT_3D('',#258,#259,#260);
#263=DIRECTION('',(0.E0,0.E0,1.E0));
#264=VECTOR('',#263,3.4E0);
#265=CARTESIAN_POINT('',(1.984313483298E0,-5.35E0,8.9E0));
#266=LINE('',#265,#264);
#267=CARTESIAN_POINT('',(0.E0,-5.6E0,1.23E1));
#268=DIRECTION('',(0.E0,0.E0,1.E0));
#269=DIRECTION('',(9.921567416492E-1,1.25E-1,0.E0));
#270=AXIS2_PLACEMENT_3D('',#267,#268,#269);
#272=DIRECTION('',(0.E0,0.E0,1.E0));
#273=VECTOR('',#272,3.4E0);
#274=CARTESIAN_POINT('',(2.5E-1,-3.615686516702E0,8.9E0));
#275=LINE('',#274,#273);
#276=CARTESIAN_POINT('',(0.E0,-5.6E0,8.9E0));
#277=DIRECTION('',(0.E0,0.E0,1.E0));
#278=DIRECTION('',(1.25E-1,9.921567416492E-1,0.E0));
#279=AXIS2_PLACEMENT_3D('',#276,#277,#278);
#281=DIRECTION('',(0.E0,0.E0,1.E0));
#282=VECTOR('',#281,3.4E0);
#283=CARTESIAN_POINT('',(-2.5E-1,-3.615686516702E0,8.9E0));
#284=LINE('',#283,#282);
#285=CARTESIAN_POINT('',(0.E0,-5.6E0,1.23E1));
#286=DIRECTION('',(0.E0,0.E0,1.E0));
#287=DIRECTION('',(-1.25E-1,9.921567416492E-1,0.E0));
#288=AXIS2_PLACEMENT_3D('',#285,#286,#287);
#290=DIRECTION('',(0.E0,0.E0,1.E0));
#291=VECTOR('',#290,3.4E0);
#292=CARTESIAN_POINT('',(-1.984313483298E0,-5.35E0,8.9E0));
#293=LINE('',#292,#291);
#294=CARTESIAN_POINT('',(0.E0,-5.6E0,8.9E0));
#295=DIRECTION('',(0.E0,0.E0,1.E0));
#296=DIRECTION('',(-9.921567416492E-1,1.25E-1,0.E0));
#297=AXIS2_PLACEMENT_3D('',#294,#295,#296);
#299=DIRECTION('',(0.E0,0.E0,1.E0));
#300=VECTOR('',#299,3.6E0);
#301=CARTESIAN_POINT('',(2.E0,-5.6E0,5.3E0));
#302=LINE('',#301,#300);
#303=DIRECTION('',(1.E0,0.E0,0.E0));
#304=VECTOR('',#303,1.438877877567E0);
#305=CARTESIAN_POINT('',(5.454356057318E-1,-5.85E0,8.9E0));
#306=LINE('',#305,#304);
#307=CARTESIAN_POINT('',(0.E0,-5.6E0,8.9E0));
#308=DIRECTION('',(0.E0,0.E0,1.E0));
#309=DIRECTION('',(4.166666666667E-1,-9.090593428863E-1,0.E0));
#310=AXIS2_PLACEMENT_3D('',#307,#308,#309);
#312=DIRECTION('',(0.E0,1.E0,0.E0));
#313=VECTOR('',#312,1.438877877567E0);
#314=CARTESIAN_POINT('',(2.5E-1,-7.584313483298E0,8.9E0));
#315=LINE('',#314,#313);
#316=DIRECTION('',(0.E0,-1.E0,0.E0));
#317=VECTOR('',#316,1.438877877567E0);
#318=CARTESIAN_POINT('',(-2.5E-1,-6.145435605732E0,8.9E0));
#319=LINE('',#318,#317);
#320=CARTESIAN_POINT('',(0.E0,-5.6E0,8.9E0));
#321=DIRECTION('',(0.E0,0.E0,1.E0));
#322=DIRECTION('',(-9.090593428863E-1,-4.166666666667E-1,0.E0));
#323=AXIS2_PLACEMENT_3D('',#320,#321,#322);
#325=DIRECTION('',(1.E0,0.E0,0.E0));
#326=VECTOR('',#325,1.438877877567E0);
#327=CARTESIAN_POINT('',(-1.984313483298E0,-5.85E0,8.9E0));
#328=LINE('',#327,#326);
#329=DIRECTION('',(-1.E0,0.E0,0.E0));
#330=VECTOR('',#329,1.438877877567E0);
#331=CARTESIAN_POINT('',(-5.454356057318E-1,-5.35E0,8.9E0));
#332=LINE('',#331,#330);
#333=CARTESIAN_POINT('',(0.E0,-5.6E0,8.9E0));
#334=DIRECTION('',(0.E0,0.E0,1.E0));
#335=DIRECTION('',(-4.166666666667E-1,9.090593428863E-1,0.E0));
#336=AXIS2_PLACEMENT_3D('',#333,#334,#335);
#338=DIRECTION('',(0.E0,-1.E0,0.E0));
#339=VECTOR('',#338,1.438877877567E0);
#340=CARTESIAN_POINT('',(-2.5E-1,-3.615686516702E0,8.9E0));
#341=LINE('',#340,#339);
#342=DIRECTION('',(0.E0,1.E0,0.E0));
#343=VECTOR('',#342,1.438877877567E0);
#344=CARTESIAN_POINT('',(2.5E-1,-5.054564394268E0,8.9E0));
#345=LINE('',#344,#343);
#346=CARTESIAN_POINT('',(0.E0,-5.6E0,8.9E0));
#347=DIRECTION('',(0.E0,0.E0,1.E0));
#348=DIRECTION('',(9.090593428863E-1,4.166666666667E-1,0.E0));
#349=AXIS2_PLACEMENT_3D('',#346,#347,#348);
#351=DIRECTION('',(-1.E0,0.E0,0.E0));
#352=VECTOR('',#351,1.438877877567E0);
#353=CARTESIAN_POINT('',(1.984313483298E0,-5.35E0,8.9E0));
#354=LINE('',#353,#352);
#355=DIRECTION('',(1.E0,0.E0,0.E0));
#356=VECTOR('',#355,1.438877877567E0);
#357=CARTESIAN_POINT('',(5.454356057318E-1,5.35E0,8.9E0));
#358=LINE('',#357,#356);
#359=CARTESIAN_POINT('',(0.E0,5.6E0,8.9E0));
#360=DIRECTION('',(0.E0,0.E0,1.E0));
#361=DIRECTION('',(4.166666666667E-1,-9.090593428863E-1,0.E0));
#362=AXIS2_PLACEMENT_3D('',#359,#360,#361);
#364=DIRECTION('',(0.E0,1.E0,0.E0));
#365=VECTOR('',#364,1.438877877567E0);
#366=CARTESIAN_POINT('',(2.5E-1,3.615686516702E0,8.9E0));
#367=LINE('',#366,#365);
#368=DIRECTION('',(0.E0,-1.E0,0.E0));
#369=VECTOR('',#368,1.438877877567E0);
#370=CARTESIAN_POINT('',(-2.5E-1,5.054564394268E0,8.9E0));
#371=LINE('',#370,#369);
#372=CARTESIAN_POINT('',(0.E0,5.6E0,8.9E0));
#373=DIRECTION('',(0.E0,0.E0,1.E0));
#374=DIRECTION('',(-9.090593428863E-1,-4.166666666667E-1,0.E0));
#375=AXIS2_PLACEMENT_3D('',#372,#373,#374);
#377=DIRECTION('',(1.E0,0.E0,0.E0));
#378=VECTOR('',#377,1.438877877567E0);
#379=CARTESIAN_POINT('',(-1.984313483298E0,5.35E0,8.9E0));
#380=LINE('',#379,#378);
#381=DIRECTION('',(-1.E0,0.E0,0.E0));
#382=VECTOR('',#381,1.438877877567E0);
#383=CARTESIAN_POINT('',(-5.454356057318E-1,5.85E0,8.9E0));
#384=LINE('',#383,#382);
#385=CARTESIAN_POINT('',(0.E0,5.6E0,8.9E0));
#386=DIRECTION('',(0.E0,0.E0,1.E0));
#387=DIRECTION('',(-4.166666666667E-1,9.090593428863E-1,0.E0));
#388=AXIS2_PLACEMENT_3D('',#385,#386,#387);
#390=DIRECTION('',(0.E0,-1.E0,0.E0));
#391=VECTOR('',#390,1.438877877567E0);
#392=CARTESIAN_POINT('',(-2.5E-1,7.584313483298E0,8.9E0));
#393=LINE('',#392,#391);
#394=DIRECTION('',(0.E0,1.E0,0.E0));
#395=VECTOR('',#394,1.438877877567E0);
#396=CARTESIAN_POINT('',(2.5E-1,6.145435605732E0,8.9E0));
#397=LINE('',#396,#395);
#398=CARTESIAN_POINT('',(0.E0,5.6E0,8.9E0));
#399=DIRECTION('',(0.E0,0.E0,1.E0));
#400=DIRECTION('',(9.090593428863E-1,4.166666666667E-1,0.E0));
#401=AXIS2_PLACEMENT_3D('',#398,#399,#400);
#403=DIRECTION('',(-1.E0,0.E0,0.E0));
#404=VECTOR('',#403,1.438877877567E0);
#405=CARTESIAN_POINT('',(1.984313483298E0,5.85E0,8.9E0));
#406=LINE('',#405,#404);
#407=DIRECTION('',(1.E0,0.E0,0.E0));
#408=VECTOR('',#407,1.438877877567E0);
#409=CARTESIAN_POINT('',(5.454356057318E-1,-2.5E-1,8.9E0));
#410=LINE('',#409,#408);
#411=CARTESIAN_POINT('',(0.E0,0.E0,8.9E0));
#412=DIRECTION('',(0.E0,0.E0,1.E0));
#413=DIRECTION('',(4.166666666667E-1,-9.090593428863E-1,0.E0));
#414=AXIS2_PLACEMENT_3D('',#411,#412,#413);
#416=DIRECTION('',(0.E0,1.E0,0.E0));
#417=VECTOR('',#416,1.438877877567E0);
#418=CARTESIAN_POINT('',(2.5E-1,-1.984313483298E0,8.9E0));
#419=LINE('',#418,#417);
#420=DIRECTION('',(0.E0,-1.E0,0.E0));
#421=VECTOR('',#420,1.438877877567E0);
#422=CARTESIAN_POINT('',(-2.5E-1,-5.454356057318E-1,8.9E0));
#423=LINE('',#422,#421);
#424=CARTESIAN_POINT('',(0.E0,0.E0,8.9E0));
#425=DIRECTION('',(0.E0,0.E0,1.E0));
#426=DIRECTION('',(-9.090593428863E-1,-4.166666666667E-1,0.E0));
#427=AXIS2_PLACEMENT_3D('',#424,#425,#426);
#429=DIRECTION('',(1.E0,0.E0,0.E0));
#430=VECTOR('',#429,1.438877877567E0);
#431=CARTESIAN_POINT('',(-1.984313483298E0,-2.5E-1,8.9E0));
#432=LINE('',#431,#430);
#433=DIRECTION('',(-1.E0,0.E0,0.E0));
#434=VECTOR('',#433,1.438877877567E0);
#435=CARTESIAN_POINT('',(-5.454356057318E-1,2.5E-1,8.9E0));
#436=LINE('',#435,#434);
#437=CARTESIAN_POINT('',(0.E0,0.E0,8.9E0));
#438=DIRECTION('',(0.E0,0.E0,1.E0));
#439=DIRECTION('',(-4.166666666667E-1,9.090593428863E-1,0.E0));
#440=AXIS2_PLACEMENT_3D('',#437,#438,#439);
#442=DIRECTION('',(0.E0,-1.E0,0.E0));
#443=VECTOR('',#442,1.438877877567E0);
#444=CARTESIAN_POINT('',(-2.5E-1,1.984313483298E0,8.9E0));
#445=LINE('',#444,#443);
#446=DIRECTION('',(0.E0,1.E0,0.E0));
#447=VECTOR('',#446,1.438877877567E0);
#448=CARTESIAN_POINT('',(2.5E-1,5.454356057318E-1,8.9E0));
#449=LINE('',#448,#447);
#450=CARTESIAN_POINT('',(0.E0,0.E0,8.9E0));
#451=DIRECTION('',(0.E0,0.E0,1.E0));
#452=DIRECTION('',(9.090593428863E-1,4.166666666667E-1,0.E0));
#453=AXIS2_PLACEMENT_3D('',#450,#451,#452);
#455=DIRECTION('',(-1.E0,0.E0,0.E0));
#456=VECTOR('',#455,1.438877877567E0);
#457=CARTESIAN_POINT('',(1.984313483298E0,2.5E-1,8.9E0));
#458=LINE('',#457,#456);
#459=CARTESIAN_POINT('',(0.E0,-5.6E0,8.9E0));
#460=DIRECTION('',(0.E0,0.E0,1.E0));
#461=DIRECTION('',(-1.E0,0.E0,0.E0));
#462=AXIS2_PLACEMENT_3D('',#459,#460,#461);
#464=DIRECTION('',(0.E0,0.E0,1.E0));
#465=VECTOR('',#464,3.4E0);
#466=CARTESIAN_POINT('',(-1.984313483298E0,-5.85E0,8.9E0));
#467=LINE('',#466,#465);
#468=CARTESIAN_POINT('',(0.E0,-5.6E0,1.23E1));
#469=DIRECTION('',(0.E0,0.E0,1.E0));
#470=DIRECTION('',(-9.921567416492E-1,-1.25E-1,0.E0));
#471=AXIS2_PLACEMENT_3D('',#468,#469,#470);
#473=DIRECTION('',(0.E0,0.E0,1.E0));
#474=VECTOR('',#473,3.4E0);
#475=CARTESIAN_POINT('',(-2.5E-1,-7.584313483298E0,8.9E0));
#476=LINE('',#475,#474);
#477=CARTESIAN_POINT('',(0.E0,-5.6E0,8.9E0));
#478=DIRECTION('',(0.E0,0.E0,1.E0));
#479=DIRECTION('',(-1.25E-1,-9.921567416492E-1,0.E0));
#480=AXIS2_PLACEMENT_3D('',#477,#478,#479);
#482=DIRECTION('',(0.E0,0.E0,1.E0));
#483=VECTOR('',#482,3.4E0);
#484=CARTESIAN_POINT('',(2.5E-1,-7.584313483298E0,8.9E0));
#485=LINE('',#484,#483);
#486=CARTESIAN_POINT('',(0.E0,-5.6E0,1.23E1));
#487=DIRECTION('',(0.E0,0.E0,1.E0));
#488=DIRECTION('',(1.25E-1,-9.921567416492E-1,0.E0));
#489=AXIS2_PLACEMENT_3D('',#486,#487,#488);
#491=DIRECTION('',(0.E0,0.E0,1.E0));
#492=VECTOR('',#491,3.4E0);
#493=CARTESIAN_POINT('',(1.984313483298E0,-5.85E0,8.9E0));
#494=LINE('',#493,#492);
#495=CARTESIAN_POINT('',(0.E0,-5.6E0,8.9E0));
#496=DIRECTION('',(0.E0,0.E0,1.E0));
#497=DIRECTION('',(9.921567416492E-1,-1.25E-1,0.E0));
#498=AXIS2_PLACEMENT_3D('',#495,#496,#497);
#500=DIRECTION('',(0.E0,0.E0,1.E0));
#501=VECTOR('',#500,3.6E0);
#502=CARTESIAN_POINT('',(-2.E0,-5.6E0,5.3E0));
#503=LINE('',#502,#501);
#504=DIRECTION('',(1.E0,0.E0,0.E0));
#505=VECTOR('',#504,1.136081566348E0);
#506=CARTESIAN_POINT('',(-1.681517172080E0,-5.85E0,1.26E1));
#507=LINE('',#506,#505);
#508=CARTESIAN_POINT('',(0.E0,-5.6E0,1.26E1));
#509=DIRECTION('',(0.E0,0.E0,1.E0));
#510=DIRECTION('',(-9.090593428863E-1,-4.166666666667E-1,0.E0));
#511=AXIS2_PLACEMENT_3D('',#508,#509,#510);
#513=DIRECTION('',(0.E0,1.E0,0.E0));
#514=VECTOR('',#513,1.136081566348E0);
#515=CARTESIAN_POINT('',(-2.5E-1,-7.281517172080E0,1.26E1));
#516=LINE('',#515,#514);
#517=CARTESIAN_POINT('',(0.E0,-5.6E0,1.26E1));
#518=DIRECTION('',(0.E0,0.E0,1.E0));
#519=DIRECTION('',(-9.891277482824E-1,-1.470588235294E-1,0.E0));
#520=AXIS2_PLACEMENT_3D('',#517,#518,#519);
#522=DIRECTION('',(0.E0,1.E0,0.E0));
#523=VECTOR('',#522,1.136081566348E0);
#524=CARTESIAN_POINT('',(2.5E-1,-7.281517172080E0,1.26E1));
#525=LINE('',#524,#523);
#526=CARTESIAN_POINT('',(0.E0,-5.6E0,1.26E1));
#527=DIRECTION('',(0.E0,0.E0,1.E0));
#528=DIRECTION('',(4.166666666667E-1,-9.090593428863E-1,0.E0));
#529=AXIS2_PLACEMENT_3D('',#526,#527,#528);
#531=DIRECTION('',(-1.E0,0.E0,0.E0));
#532=VECTOR('',#531,1.136081566348E0);
#533=CARTESIAN_POINT('',(1.681517172080E0,-5.85E0,1.26E1));
#534=LINE('',#533,#532);
#535=CARTESIAN_POINT('',(0.E0,-5.6E0,1.26E1));
#536=DIRECTION('',(0.E0,0.E0,1.E0));
#537=DIRECTION('',(1.470588235294E-1,-9.891277482824E-1,0.E0));
#538=AXIS2_PLACEMENT_3D('',#535,#536,#537);
#540=DIRECTION('',(-1.E0,0.E0,0.E0));
#541=VECTOR('',#540,1.136081566348E0);
#542=CARTESIAN_POINT('',(1.681517172080E0,-5.35E0,1.26E1));
#543=LINE('',#542,#541);
#544=CARTESIAN_POINT('',(0.E0,-5.6E0,1.26E1));
#545=DIRECTION('',(0.E0,0.E0,1.E0));
#546=DIRECTION('',(9.090593428863E-1,4.166666666667E-1,0.E0));
#547=AXIS2_PLACEMENT_3D('',#544,#545,#546);
#549=DIRECTION('',(0.E0,1.E0,0.E0));
#550=VECTOR('',#549,1.136081566348E0);
#551=CARTESIAN_POINT('',(2.5E-1,-5.054564394268E0,1.26E1));
#552=LINE('',#551,#550);
#553=CARTESIAN_POINT('',(0.E0,-5.6E0,1.26E1));
#554=DIRECTION('',(0.E0,0.E0,1.E0));
#555=DIRECTION('',(9.891277482824E-1,1.470588235294E-1,0.E0));
#556=AXIS2_PLACEMENT_3D('',#553,#554,#555);
#558=DIRECTION('',(0.E0,-1.E0,0.E0));
#559=VECTOR('',#558,1.136081566348E0);
#560=CARTESIAN_POINT('',(-2.5E-1,-3.918482827920E0,1.26E1));
#561=LINE('',#560,#559);
#562=CARTESIAN_POINT('',(0.E0,-5.6E0,1.26E1));
#563=DIRECTION('',(0.E0,0.E0,1.E0));
#564=DIRECTION('',(-4.166666666667E-1,9.090593428863E-1,0.E0));
#565=AXIS2_PLACEMENT_3D('',#562,#563,#564);
#567=DIRECTION('',(1.E0,0.E0,0.E0));
#568=VECTOR('',#567,1.136081566348E0);
#569=CARTESIAN_POINT('',(-1.681517172080E0,-5.35E0,1.26E1));
#570=LINE('',#569,#568);
#571=CARTESIAN_POINT('',(0.E0,-5.6E0,1.26E1));
#572=DIRECTION('',(0.E0,0.E0,1.E0));
#573=DIRECTION('',(-1.470588235294E-1,9.891277482824E-1,0.E0));
#574=AXIS2_PLACEMENT_3D('',#571,#572,#573);
#576=CARTESIAN_POINT('',(0.E0,5.6E0,1.26E1));
#577=DIRECTION('',(0.E0,0.E0,1.E0));
#578=DIRECTION('',(-4.166666666667E-1,9.090593428863E-1,0.E0));
#579=AXIS2_PLACEMENT_3D('',#576,#577,#578);
#581=DIRECTION('',(1.E0,0.E0,0.E0));
#582=VECTOR('',#581,1.136081566348E0);
#583=CARTESIAN_POINT('',(-1.681517172080E0,5.85E0,1.26E1));
#584=LINE('',#583,#582);
#585=CARTESIAN_POINT('',(0.E0,5.6E0,1.26E1));
#586=DIRECTION('',(0.E0,0.E0,1.E0));
#587=DIRECTION('',(-1.470588235294E-1,9.891277482824E-1,0.E0));
#588=AXIS2_PLACEMENT_3D('',#585,#586,#587);
#590=DIRECTION('',(0.E0,-1.E0,0.E0));
#591=VECTOR('',#590,1.136081566348E0);
#592=CARTESIAN_POINT('',(-2.5E-1,7.281517172080E0,1.26E1));
#593=LINE('',#592,#591);
#594=DIRECTION('',(1.E0,0.E0,0.E0));
#595=VECTOR('',#594,1.136081566348E0);
#596=CARTESIAN_POINT('',(-1.681517172080E0,5.35E0,1.26E1));
#597=LINE('',#596,#595);
#598=CARTESIAN_POINT('',(0.E0,5.6E0,1.26E1));
#599=DIRECTION('',(0.E0,0.E0,1.E0));
#600=DIRECTION('',(-9.090593428863E-1,-4.166666666667E-1,0.E0));
#601=AXIS2_PLACEMENT_3D('',#598,#599,#600);
#603=DIRECTION('',(0.E0,-1.E0,0.E0));
#604=VECTOR('',#603,1.136081566348E0);
#605=CARTESIAN_POINT('',(-2.5E-1,5.054564394268E0,1.26E1));
#606=LINE('',#605,#604);
#607=CARTESIAN_POINT('',(0.E0,5.6E0,1.26E1));
#608=DIRECTION('',(0.E0,0.E0,1.E0));
#609=DIRECTION('',(-9.891277482824E-1,-1.470588235294E-1,0.E0));
#610=AXIS2_PLACEMENT_3D('',#607,#608,#609);
#612=DIRECTION('',(0.E0,1.E0,0.E0));
#613=VECTOR('',#612,1.136081566348E0);
#614=CARTESIAN_POINT('',(2.5E-1,3.918482827920E0,1.26E1));
#615=LINE('',#614,#613);
#616=CARTESIAN_POINT('',(0.E0,5.6E0,1.26E1));
#617=DIRECTION('',(0.E0,0.E0,1.E0));
#618=DIRECTION('',(4.166666666667E-1,-9.090593428863E-1,0.E0));
#619=AXIS2_PLACEMENT_3D('',#616,#617,#618);
#621=DIRECTION('',(-1.E0,0.E0,0.E0));
#622=VECTOR('',#621,1.136081566348E0);
#623=CARTESIAN_POINT('',(1.681517172080E0,5.35E0,1.26E1));
#624=LINE('',#623,#622);
#625=CARTESIAN_POINT('',(0.E0,5.6E0,1.26E1));
#626=DIRECTION('',(0.E0,0.E0,1.E0));
#627=DIRECTION('',(1.470588235294E-1,-9.891277482824E-1,0.E0));
#628=AXIS2_PLACEMENT_3D('',#625,#626,#627);
#630=DIRECTION('',(-1.E0,0.E0,0.E0));
#631=VECTOR('',#630,1.136081566348E0);
#632=CARTESIAN_POINT('',(1.681517172080E0,5.85E0,1.26E1));
#633=LINE('',#632,#631);
#634=CARTESIAN_POINT('',(0.E0,5.6E0,1.26E1));
#635=DIRECTION('',(0.E0,0.E0,1.E0));
#636=DIRECTION('',(9.090593428863E-1,4.166666666667E-1,0.E0));
#637=AXIS2_PLACEMENT_3D('',#634,#635,#636);
#639=DIRECTION('',(0.E0,-1.E0,0.E0));
#640=VECTOR('',#639,1.136081566348E0);
#641=CARTESIAN_POINT('',(2.5E-1,7.281517172080E0,1.26E1));
#642=LINE('',#641,#640);
#643=CARTESIAN_POINT('',(0.E0,5.6E0,1.26E1));
#644=DIRECTION('',(0.E0,0.E0,1.E0));
#645=DIRECTION('',(9.891277482824E-1,1.470588235294E-1,0.E0));
#646=AXIS2_PLACEMENT_3D('',#643,#644,#645);
#648=DIRECTION('',(1.E0,0.E0,0.E0));
#649=VECTOR('',#648,1.136081566348E0);
#650=CARTESIAN_POINT('',(-1.681517172080E0,-2.5E-1,1.26E1));
#651=LINE('',#650,#649);
#652=CARTESIAN_POINT('',(0.E0,0.E0,1.26E1));
#653=DIRECTION('',(0.E0,0.E0,1.E0));
#654=DIRECTION('',(-9.090593428863E-1,-4.166666666667E-1,0.E0));
#655=AXIS2_PLACEMENT_3D('',#652,#653,#654);
#657=DIRECTION('',(0.E0,-1.E0,0.E0));
#658=VECTOR('',#657,1.136081566348E0);
#659=CARTESIAN_POINT('',(-2.5E-1,-5.454356057318E-1,1.26E1));
#660=LINE('',#659,#658);
#661=CARTESIAN_POINT('',(0.E0,0.E0,1.26E1));
#662=DIRECTION('',(0.E0,0.E0,1.E0));
#663=DIRECTION('',(-9.891277482824E-1,-1.470588235294E-1,0.E0));
#664=AXIS2_PLACEMENT_3D('',#661,#662,#663);
#666=DIRECTION('',(0.E0,1.E0,0.E0));
#667=VECTOR('',#666,1.136081566348E0);
#668=CARTESIAN_POINT('',(2.5E-1,-1.681517172080E0,1.26E1));
#669=LINE('',#668,#667);
#670=CARTESIAN_POINT('',(0.E0,0.E0,1.26E1));
#671=DIRECTION('',(0.E0,0.E0,1.E0));
#672=DIRECTION('',(4.166666666667E-1,-9.090593428863E-1,0.E0));
#673=AXIS2_PLACEMENT_3D('',#670,#671,#672);
#675=DIRECTION('',(-1.E0,0.E0,0.E0));
#676=VECTOR('',#675,1.136081566348E0);
#677=CARTESIAN_POINT('',(1.681517172080E0,-2.5E-1,1.26E1));
#678=LINE('',#677,#676);
#679=CARTESIAN_POINT('',(0.E0,0.E0,1.26E1));
#680=DIRECTION('',(0.E0,0.E0,1.E0));
#681=DIRECTION('',(1.470588235294E-1,-9.891277482824E-1,0.E0));
#682=AXIS2_PLACEMENT_3D('',#679,#680,#681);
#684=DIRECTION('',(-1.E0,0.E0,0.E0));
#685=VECTOR('',#684,1.136081566348E0);
#686=CARTESIAN_POINT('',(1.681517172080E0,2.5E-1,1.26E1));
#687=LINE('',#686,#685);
#688=CARTESIAN_POINT('',(0.E0,0.E0,1.26E1));
#689=DIRECTION('',(0.E0,0.E0,1.E0));
#690=DIRECTION('',(9.090593428863E-1,4.166666666667E-1,0.E0));
#691=AXIS2_PLACEMENT_3D('',#688,#689,#690);
#693=DIRECTION('',(0.E0,1.E0,0.E0));
#694=VECTOR('',#693,1.136081566348E0);
#695=CARTESIAN_POINT('',(2.5E-1,5.454356057318E-1,1.26E1));
#696=LINE('',#695,#694);
#697=CARTESIAN_POINT('',(0.E0,0.E0,1.26E1));
#698=DIRECTION('',(0.E0,0.E0,1.E0));
#699=DIRECTION('',(9.891277482824E-1,1.470588235294E-1,0.E0));
#700=AXIS2_PLACEMENT_3D('',#697,#698,#699);
#702=DIRECTION('',(0.E0,-1.E0,0.E0));
#703=VECTOR('',#702,1.136081566348E0);
#704=CARTESIAN_POINT('',(-2.5E-1,1.681517172080E0,1.26E1));
#705=LINE('',#704,#703);
#706=CARTESIAN_POINT('',(0.E0,0.E0,1.26E1));
#707=DIRECTION('',(0.E0,0.E0,1.E0));
#708=DIRECTION('',(-4.166666666667E-1,9.090593428863E-1,0.E0));
#709=AXIS2_PLACEMENT_3D('',#706,#707,#708);
#711=DIRECTION('',(1.E0,0.E0,0.E0));
#712=VECTOR('',#711,1.136081566348E0);
#713=CARTESIAN_POINT('',(-1.681517172080E0,2.5E-1,1.26E1));
#714=LINE('',#713,#712);
#715=CARTESIAN_POINT('',(0.E0,0.E0,1.26E1));
#716=DIRECTION('',(0.E0,0.E0,1.E0));
#717=DIRECTION('',(-1.470588235294E-1,9.891277482824E-1,0.E0));
#718=AXIS2_PLACEMENT_3D('',#715,#716,#717);
#720=DIRECTION('',(0.E0,0.E0,-1.E0));
#721=VECTOR('',#720,3.7E0);
#722=CARTESIAN_POINT('',(-5.454356057318E-1,-5.85E0,1.26E1));
#723=LINE('',#722,#721);
#724=DIRECTION('',(0.E0,0.E0,-1.E0));
#725=VECTOR('',#724,3.7E0);
#726=CARTESIAN_POINT('',(-2.5E-1,-6.145435605732E0,1.26E1));
#727=LINE('',#726,#725);
#728=CARTESIAN_POINT('',(2.5E-1,-7.281517172080E0,1.26E1));
#729=CARTESIAN_POINT('',(2.5E-1,-7.314687336862E0,1.256719046960E1));
#730=CARTESIAN_POINT('',(2.5E-1,-7.381341171547E0,1.250121942638E1));
#731=CARTESIAN_POINT('',(2.5E-1,-7.482284677808E0,1.240120134834E1));
#732=CARTESIAN_POINT('',(2.5E-1,-7.550198651593E0,1.233384726027E1));
#733=CARTESIAN_POINT('',(2.5E-1,-7.584313483298E0,1.23E1));
#735=CARTESIAN_POINT('',(1.984313483298E0,-5.85E0,1.23E1));
#736=CARTESIAN_POINT('',(1.950215194451E0,-5.85E0,1.233383084716E1));
#737=CARTESIAN_POINT('',(1.882323305391E0,-5.85E0,1.240116305044E1));
#738=CARTESIAN_POINT('',(1.781381041350E0,-5.85E0,1.250117994776E1));
#739=CARTESIAN_POINT('',(1.714704439088E0,-5.85E0,1.256717355331E1));
#740=CARTESIAN_POINT('',(1.681517172080E0,-5.85E0,1.26E1));
#742=CARTESIAN_POINT('',(-2.5E-1,-7.584313483298E0,1.23E1));
#743=CARTESIAN_POINT('',(-2.5E-1,-7.550215194451E0,1.233383084716E1));
#744=CARTESIAN_POINT('',(-2.5E-1,-7.482323305391E0,1.240116305044E1));
#745=CARTESIAN_POINT('',(-2.5E-1,-7.381381041350E0,1.250117994776E1));
#746=CARTESIAN_POINT('',(-2.5E-1,-7.314704439088E0,1.256717355331E1));
#747=CARTESIAN_POINT('',(-2.5E-1,-7.281517172080E0,1.26E1));
#749=CARTESIAN_POINT('',(-1.681517172080E0,-5.85E0,1.26E1));
#750=CARTESIAN_POINT('',(-1.714687336862E0,-5.85E0,1.256719046960E1));
#751=CARTESIAN_POINT('',(-1.781341171547E0,-5.85E0,1.250121942638E1));
#752=CARTESIAN_POINT('',(-1.882284677808E0,-5.85E0,1.240120134834E1));
#753=CARTESIAN_POINT('',(-1.950198651593E0,-5.85E0,1.233384726027E1));
#754=CARTESIAN_POINT('',(-1.984313483298E0,-5.85E0,1.23E1));
#756=DIRECTION('',(0.E0,0.E0,-1.E0));
#757=VECTOR('',#756,3.7E0);
#758=CARTESIAN_POINT('',(2.5E-1,-6.145435605732E0,1.26E1));
#759=LINE('',#758,#757);
#760=DIRECTION('',(0.E0,0.E0,-1.E0));
#761=VECTOR('',#760,3.7E0);
#762=CARTESIAN_POINT('',(5.454356057318E-1,-5.85E0,1.26E1));
#763=LINE('',#762,#761);
#764=CARTESIAN_POINT('',(-2.5E-1,-3.918482827920E0,1.26E1));
#765=CARTESIAN_POINT('',(-2.5E-1,-3.885312663138E0,1.256719046960E1));
#766=CARTESIAN_POINT('',(-2.5E-1,-3.818658828453E0,1.250121942638E1));
#767=CARTESIAN_POINT('',(-2.5E-1,-3.717715322192E0,1.240120134834E1));
#768=CARTESIAN_POINT('',(-2.5E-1,-3.649801348407E0,1.233384726027E1));
#769=CARTESIAN_POINT('',(-2.5E-1,-3.615686516702E0,1.23E1));
#771=CARTESIAN_POINT('',(-1.984313483298E0,-5.35E0,1.23E1));
#772=CARTESIAN_POINT('',(-1.950215194451E0,-5.35E0,1.233383084716E1));
#773=CARTESIAN_POINT('',(-1.882323305391E0,-5.35E0,1.240116305044E1));
#774=CARTESIAN_POINT('',(-1.781381041350E0,-5.35E0,1.250117994776E1));
#775=CARTESIAN_POINT('',(-1.714704439088E0,-5.35E0,1.256717355331E1));
#776=CARTESIAN_POINT('',(-1.681517172080E0,-5.35E0,1.26E1));
#778=CARTESIAN_POINT('',(2.5E-1,-3.615686516702E0,1.23E1));
#779=CARTESIAN_POINT('',(2.5E-1,-3.649784805549E0,1.233383084716E1));
#780=CARTESIAN_POINT('',(2.5E-1,-3.717676694609E0,1.240116305044E1));
#781=CARTESIAN_POINT('',(2.5E-1,-3.818618958650E0,1.250117994776E1));
#782=CARTESIAN_POINT('',(2.5E-1,-3.885295560912E0,1.256717355331E1));
#783=CARTESIAN_POINT('',(2.5E-1,-3.918482827920E0,1.26E1));
#785=CARTESIAN_POINT('',(1.681517172080E0,-5.35E0,1.26E1));
#786=CARTESIAN_POINT('',(1.714687336862E0,-5.35E0,1.256719046960E1));
#787=CARTESIAN_POINT('',(1.781341171547E0,-5.35E0,1.250121942638E1));
#788=CARTESIAN_POINT('',(1.882284677808E0,-5.35E0,1.240120134834E1));
#789=CARTESIAN_POINT('',(1.950198651593E0,-5.35E0,1.233384726027E1));
#790=CARTESIAN_POINT('',(1.984313483298E0,-5.35E0,1.23E1));
#792=DIRECTION('',(0.E0,0.E0,-1.E0));
#793=VECTOR('',#792,3.7E0);
#794=CARTESIAN_POINT('',(-2.5E-1,-5.054564394268E0,1.26E1));
#795=LINE('',#794,#793);
#796=DIRECTION('',(0.E0,0.E0,-1.E0));
#797=VECTOR('',#796,3.7E0);
#798=CARTESIAN_POINT('',(-5.454356057318E-1,-5.35E0,1.26E1));
#799=LINE('',#798,#797);
#800=DIRECTION('',(0.E0,0.E0,-1.E0));
#801=VECTOR('',#800,3.7E0);
#802=CARTESIAN_POINT('',(2.5E-1,-5.054564394268E0,1.26E1));
#803=LINE('',#802,#801);
#804=DIRECTION('',(0.E0,0.E0,-1.E0));
#805=VECTOR('',#804,3.7E0);
#806=CARTESIAN_POINT('',(5.454356057318E-1,-5.35E0,1.26E1));
#807=LINE('',#806,#805);
#808=DIRECTION('',(0.E0,0.E0,-1.E0));
#809=VECTOR('',#808,3.7E0);
#810=CARTESIAN_POINT('',(-2.5E-1,6.145435605732E0,1.26E1));
#811=LINE('',#810,#809);
#812=CARTESIAN_POINT('',(-1.984313483298E0,5.85E0,1.23E1));
#813=CARTESIAN_POINT('',(-1.950215194451E0,5.85E0,1.233383084716E1));
#814=CARTESIAN_POINT('',(-1.882323305391E0,5.85E0,1.240116305044E1));
#815=CARTESIAN_POINT('',(-1.781381041350E0,5.85E0,1.250117994776E1));
#816=CARTESIAN_POINT('',(-1.714704439088E0,5.85E0,1.256717355331E1));
#817=CARTESIAN_POINT('',(-1.681517172080E0,5.85E0,1.26E1));
#819=CARTESIAN_POINT('',(-2.5E-1,7.281517172080E0,1.26E1));
#820=CARTESIAN_POINT('',(-2.5E-1,7.314687336862E0,1.256719046960E1));
#821=CARTESIAN_POINT('',(-2.5E-1,7.381341171547E0,1.250121942638E1));
#822=CARTESIAN_POINT('',(-2.5E-1,7.482284677808E0,1.240120134834E1));
#823=CARTESIAN_POINT('',(-2.5E-1,7.550198651593E0,1.233384726027E1));
#824=CARTESIAN_POINT('',(-2.5E-1,7.584313483298E0,1.23E1));
#826=CARTESIAN_POINT('',(2.5E-1,7.584313483298E0,1.23E1));
#827=CARTESIAN_POINT('',(2.5E-1,7.550215194451E0,1.233383084716E1));
#828=CARTESIAN_POINT('',(2.5E-1,7.482323305391E0,1.240116305044E1));
#829=CARTESIAN_POINT('',(2.5E-1,7.381381041350E0,1.250117994776E1));
#830=CARTESIAN_POINT('',(2.5E-1,7.314704439088E0,1.256717355331E1));
#831=CARTESIAN_POINT('',(2.5E-1,7.281517172080E0,1.26E1));
#833=CARTESIAN_POINT('',(1.681517172080E0,5.85E0,1.26E1));
#834=CARTESIAN_POINT('',(1.714687336862E0,5.85E0,1.256719046960E1));
#835=CARTESIAN_POINT('',(1.781341171547E0,5.85E0,1.250121942638E1));
#836=CARTESIAN_POINT('',(1.882284677808E0,5.85E0,1.240120134834E1));
#837=CARTESIAN_POINT('',(1.950198651593E0,5.85E0,1.233384726027E1));
#838=CARTESIAN_POINT('',(1.984313483298E0,5.85E0,1.23E1));
#840=DIRECTION('',(0.E0,0.E0,-1.E0));
#841=VECTOR('',#840,3.7E0);
#842=CARTESIAN_POINT('',(-5.454356057318E-1,5.85E0,1.26E1));
#843=LINE('',#842,#841);
#844=CARTESIAN_POINT('',(0.E0,5.6E0,8.9E0));
#845=DIRECTION('',(0.E0,0.E0,1.E0));
#846=DIRECTION('',(1.E0,0.E0,0.E0));
#847=AXIS2_PLACEMENT_3D('',#844,#845,#846);
#849=DIRECTION('',(0.E0,0.E0,1.E0));
#850=VECTOR('',#849,3.4E0);
#851=CARTESIAN_POINT('',(1.984313483298E0,5.85E0,8.9E0));
#852=LINE('',#851,#850);
#853=CARTESIAN_POINT('',(0.E0,5.6E0,1.23E1));
#854=DIRECTION('',(0.E0,0.E0,1.E0));
#855=DIRECTION('',(9.921567416492E-1,1.25E-1,0.E0));
#856=AXIS2_PLACEMENT_3D('',#853,#854,#855);
#858=DIRECTION('',(0.E0,0.E0,1.E0));
#859=VECTOR('',#858,3.4E0);
#860=CARTESIAN_POINT('',(2.5E-1,7.584313483298E0,8.9E0));
#861=LINE('',#860,#859);
#862=CARTESIAN_POINT('',(0.E0,5.6E0,8.9E0));
#863=DIRECTION('',(0.E0,0.E0,1.E0));
#864=DIRECTION('',(1.25E-1,9.921567416492E-1,0.E0));
#865=AXIS2_PLACEMENT_3D('',#862,#863,#864);
#867=DIRECTION('',(0.E0,0.E0,1.E0));
#868=VECTOR('',#867,3.4E0);
#869=CARTESIAN_POINT('',(-2.5E-1,7.584313483298E0,8.9E0));
#870=LINE('',#869,#868);
#871=CARTESIAN_POINT('',(0.E0,5.6E0,1.23E1));
#872=DIRECTION('',(0.E0,0.E0,1.E0));
#873=DIRECTION('',(-1.25E-1,9.921567416492E-1,0.E0));
#874=AXIS2_PLACEMENT_3D('',#871,#872,#873);
#876=DIRECTION('',(0.E0,0.E0,1.E0));
#877=VECTOR('',#876,3.4E0);
#878=CARTESIAN_POINT('',(-1.984313483298E0,5.85E0,8.9E0));
#879=LINE('',#878,#877);
#880=CARTESIAN_POINT('',(0.E0,5.6E0,8.9E0));
#881=DIRECTION('',(0.E0,0.E0,1.E0));
#882=DIRECTION('',(-9.921567416492E-1,1.25E-1,0.E0));
#883=AXIS2_PLACEMENT_3D('',#880,#881,#882);
#885=DIRECTION('',(0.E0,0.E0,1.E0));
#886=VECTOR('',#885,3.6E0);
#887=CARTESIAN_POINT('',(2.E0,5.6E0,5.3E0));
#888=LINE('',#887,#886);
#889=DIRECTION('',(0.E0,0.E0,-1.E0));
#890=VECTOR('',#889,3.7E0);
#891=CARTESIAN_POINT('',(5.454356057318E-1,5.85E0,1.26E1));
#892=LINE('',#891,#890);
#893=DIRECTION('',(0.E0,0.E0,-1.E0));
#894=VECTOR('',#893,3.7E0);
#895=CARTESIAN_POINT('',(2.5E-1,6.145435605732E0,1.26E1));
#896=LINE('',#895,#894);
#897=CARTESIAN_POINT('',(0.E0,5.6E0,8.9E0));
#898=DIRECTION('',(0.E0,0.E0,1.E0));
#899=DIRECTION('',(-1.E0,0.E0,0.E0));
#900=AXIS2_PLACEMENT_3D('',#897,#898,#899);
#902=DIRECTION('',(0.E0,0.E0,1.E0));
#903=VECTOR('',#902,3.4E0);
#904=CARTESIAN_POINT('',(-1.984313483298E0,5.35E0,8.9E0));
#905=LINE('',#904,#903);
#906=CARTESIAN_POINT('',(0.E0,5.6E0,1.23E1));
#907=DIRECTION('',(0.E0,0.E0,1.E0));
#908=DIRECTION('',(-9.921567416492E-1,-1.25E-1,0.E0));
#909=AXIS2_PLACEMENT_3D('',#906,#907,#908);
#911=DIRECTION('',(0.E0,0.E0,1.E0));
#912=VECTOR('',#911,3.4E0);
#913=CARTESIAN_POINT('',(-2.5E-1,3.615686516702E0,8.9E0));
#914=LINE('',#913,#912);
#915=CARTESIAN_POINT('',(0.E0,5.6E0,8.9E0));
#916=DIRECTION('',(0.E0,0.E0,1.E0));
#917=DIRECTION('',(-1.25E-1,-9.921567416492E-1,0.E0));
#918=AXIS2_PLACEMENT_3D('',#915,#916,#917);
#920=DIRECTION('',(0.E0,0.E0,1.E0));
#921=VECTOR('',#920,3.4E0);
#922=CARTESIAN_POINT('',(2.5E-1,3.615686516702E0,8.9E0));
#923=LINE('',#922,#921);
#924=CARTESIAN_POINT('',(0.E0,5.6E0,1.23E1));
#925=DIRECTION('',(0.E0,0.E0,1.E0));
#926=DIRECTION('',(1.25E-1,-9.921567416492E-1,0.E0));
#927=AXIS2_PLACEMENT_3D('',#924,#925,#926);
#929=DIRECTION('',(0.E0,0.E0,1.E0));
#930=VECTOR('',#929,3.4E0);
#931=CARTESIAN_POINT('',(1.984313483298E0,5.35E0,8.9E0));
#932=LINE('',#931,#930);
#933=CARTESIAN_POINT('',(0.E0,5.6E0,8.9E0));
#934=DIRECTION('',(0.E0,0.E0,1.E0));
#935=DIRECTION('',(9.921567416492E-1,-1.25E-1,0.E0));
#936=AXIS2_PLACEMENT_3D('',#933,#934,#935);
#938=DIRECTION('',(0.E0,0.E0,1.E0));
#939=VECTOR('',#938,3.6E0);
#940=CARTESIAN_POINT('',(-2.E0,5.6E0,5.3E0));
#941=LINE('',#940,#939);
#942=CARTESIAN_POINT('',(2.5E-1,3.918482827920E0,1.26E1));
#943=CARTESIAN_POINT('',(2.5E-1,3.885312663138E0,1.256719046960E1));
#944=CARTESIAN_POINT('',(2.5E-1,3.818658828453E0,1.250121942638E1));
#945=CARTESIAN_POINT('',(2.5E-1,3.717715322192E0,1.240120134834E1));
#946=CARTESIAN_POINT('',(2.5E-1,3.649801348407E0,1.233384726027E1));
#947=CARTESIAN_POINT('',(2.5E-1,3.615686516702E0,1.23E1));
#949=CARTESIAN_POINT('',(1.984313483298E0,5.35E0,1.23E1));
#950=CARTESIAN_POINT('',(1.950215194451E0,5.35E0,1.233383084716E1));
#951=CARTESIAN_POINT('',(1.882323305391E0,5.35E0,1.240116305044E1));
#952=CARTESIAN_POINT('',(1.781381041350E0,5.35E0,1.250117994776E1));
#953=CARTESIAN_POINT('',(1.714704439088E0,5.35E0,1.256717355331E1));
#954=CARTESIAN_POINT('',(1.681517172080E0,5.35E0,1.26E1));
#956=CARTESIAN_POINT('',(-2.5E-1,3.615686516702E0,1.23E1));
#957=CARTESIAN_POINT('',(-2.5E-1,3.649784805549E0,1.233383084716E1));
#958=CARTESIAN_POINT('',(-2.5E-1,3.717676694609E0,1.240116305044E1));
#959=CARTESIAN_POINT('',(-2.5E-1,3.818618958650E0,1.250117994776E1));
#960=CARTESIAN_POINT('',(-2.5E-1,3.885295560912E0,1.256717355331E1));
#961=CARTESIAN_POINT('',(-2.5E-1,3.918482827920E0,1.26E1));
#963=CARTESIAN_POINT('',(-1.681517172080E0,5.35E0,1.26E1));
#964=CARTESIAN_POINT('',(-1.714687336862E0,5.35E0,1.256719046960E1));
#965=CARTESIAN_POINT('',(-1.781341171547E0,5.35E0,1.250121942638E1));
#966=CARTESIAN_POINT('',(-1.882284677808E0,5.35E0,1.240120134834E1));
#967=CARTESIAN_POINT('',(-1.950198651593E0,5.35E0,1.233384726027E1));
#968=CARTESIAN_POINT('',(-1.984313483298E0,5.35E0,1.23E1));
#970=DIRECTION('',(0.E0,0.E0,-1.E0));
#971=VECTOR('',#970,3.7E0);
#972=CARTESIAN_POINT('',(2.5E-1,5.054564394268E0,1.26E1));
#973=LINE('',#972,#971);
#974=DIRECTION('',(0.E0,0.E0,-1.E0));
#975=VECTOR('',#974,3.7E0);
#976=CARTESIAN_POINT('',(5.454356057318E-1,5.35E0,1.26E1));
#977=LINE('',#976,#975);
#978=DIRECTION('',(0.E0,0.E0,-1.E0));
#979=VECTOR('',#978,3.7E0);
#980=CARTESIAN_POINT('',(-2.5E-1,5.054564394268E0,1.26E1));
#981=LINE('',#980,#979);
#982=DIRECTION('',(0.E0,0.E0,-1.E0));
#983=VECTOR('',#982,3.7E0);
#984=CARTESIAN_POINT('',(-5.454356057318E-1,5.35E0,1.26E1));
#985=LINE('',#984,#983);
#986=CARTESIAN_POINT('',(-1.681517172080E0,-2.5E-1,1.26E1));
#987=CARTESIAN_POINT('',(-1.714687336862E0,-2.5E-1,1.256719046960E1));
#988=CARTESIAN_POINT('',(-1.781341171547E0,-2.5E-1,1.250121942638E1));
#989=CARTESIAN_POINT('',(-1.882284677808E0,-2.5E-1,1.240120134834E1));
#990=CARTESIAN_POINT('',(-1.950198651593E0,-2.5E-1,1.233384726027E1));
#991=CARTESIAN_POINT('',(-1.984313483298E0,-2.5E-1,1.23E1));
#993=CARTESIAN_POINT('',(-2.5E-1,-1.984313483298E0,1.23E1));
#994=CARTESIAN_POINT('',(-2.5E-1,-1.950215194451E0,1.233383084716E1));
#995=CARTESIAN_POINT('',(-2.5E-1,-1.882323305391E0,1.240116305044E1));
#996=CARTESIAN_POINT('',(-2.5E-1,-1.781381041350E0,1.250117994776E1));
#997=CARTESIAN_POINT('',(-2.5E-1,-1.714704439088E0,1.256717355331E1));
#998=CARTESIAN_POINT('',(-2.5E-1,-1.681517172080E0,1.26E1));
#1000=CARTESIAN_POINT('',(2.5E-1,-1.681517172080E0,1.26E1));
#1001=CARTESIAN_POINT('',(2.5E-1,-1.714687336862E0,1.256719046960E1));
#1002=CARTESIAN_POINT('',(2.5E-1,-1.781341171547E0,1.250121942638E1));
#1003=CARTESIAN_POINT('',(2.5E-1,-1.882284677808E0,1.240120134834E1));
#1004=CARTESIAN_POINT('',(2.5E-1,-1.950198651593E0,1.233384726027E1));
#1005=CARTESIAN_POINT('',(2.5E-1,-1.984313483298E0,1.23E1));
#1007=CARTESIAN_POINT('',(1.984313483298E0,-2.5E-1,1.23E1));
#1008=CARTESIAN_POINT('',(1.950215194451E0,-2.5E-1,1.233383084716E1));
#1009=CARTESIAN_POINT('',(1.882323305391E0,-2.5E-1,1.240116305044E1));
#1010=CARTESIAN_POINT('',(1.781381041350E0,-2.5E-1,1.250117994776E1));
#1011=CARTESIAN_POINT('',(1.714704439088E0,-2.5E-1,1.256717355331E1));
#1012=CARTESIAN_POINT('',(1.681517172080E0,-2.5E-1,1.26E1));
#1014=DIRECTION('',(0.E0,0.E0,-1.E0));
#1015=VECTOR('',#1014,3.7E0);
#1016=CARTESIAN_POINT('',(-2.5E-1,-5.454356057318E-1,1.26E1));
#1017=LINE('',#1016,#1015);
#1018=DIRECTION('',(0.E0,0.E0,-1.E0));
#1019=VECTOR('',#1018,3.7E0);
#1020=CARTESIAN_POINT('',(-5.454356057318E-1,-2.5E-1,1.26E1));
#1021=LINE('',#1020,#1019);
#1022=CARTESIAN_POINT('',(0.E0,0.E0,8.9E0));
#1023=DIRECTION('',(0.E0,0.E0,1.E0));
#1024=DIRECTION('',(-1.E0,0.E0,0.E0));
#1025=AXIS2_PLACEMENT_3D('',#1022,#1023,#1024);
#1027=DIRECTION('',(0.E0,0.E0,1.E0));
#1028=VECTOR('',#1027,3.4E0);
#1029=CARTESIAN_POINT('',(-1.984313483298E0,-2.5E-1,8.9E0));
#1030=LINE('',#1029,#1028);
#1031=CARTESIAN_POINT('',(0.E0,0.E0,1.23E1));
#1032=DIRECTION('',(0.E0,0.E0,1.E0));
#1033=DIRECTION('',(-9.921567416492E-1,-1.25E-1,0.E0));
#1034=AXIS2_PLACEMENT_3D('',#1031,#1032,#1033);
#1036=DIRECTION('',(0.E0,0.E0,1.E0));
#1037=VECTOR('',#1036,3.4E0);
#1038=CARTESIAN_POINT('',(-2.5E-1,-1.984313483298E0,8.9E0));
#1039=LINE('',#1038,#1037);
#1040=CARTESIAN_POINT('',(0.E0,0.E0,8.9E0));
#1041=DIRECTION('',(0.E0,0.E0,1.E0));
#1042=DIRECTION('',(-1.25E-1,-9.921567416492E-1,0.E0));
#1043=AXIS2_PLACEMENT_3D('',#1040,#1041,#1042);
#1045=DIRECTION('',(0.E0,0.E0,1.E0));
#1046=VECTOR('',#1045,3.4E0);
#1047=CARTESIAN_POINT('',(2.5E-1,-1.984313483298E0,8.9E0));
#1048=LINE('',#1047,#1046);
#1049=CARTESIAN_POINT('',(0.E0,0.E0,1.23E1));
#1050=DIRECTION('',(0.E0,0.E0,1.E0));
#1051=DIRECTION('',(1.25E-1,-9.921567416492E-1,0.E0));
#1052=AXIS2_PLACEMENT_3D('',#1049,#1050,#1051);
#1054=DIRECTION('',(0.E0,0.E0,1.E0));
#1055=VECTOR('',#1054,3.4E0);
#1056=CARTESIAN_POINT('',(1.984313483298E0,-2.5E-1,8.9E0));
#1057=LINE('',#1056,#1055);
#1058=CARTESIAN_POINT('',(0.E0,0.E0,8.9E0));
#1059=DIRECTION('',(0.E0,0.E0,1.E0));
#1060=DIRECTION('',(9.921567416492E-1,-1.25E-1,0.E0));
#1061=AXIS2_PLACEMENT_3D('',#1058,#1059,#1060);
#1063=DIRECTION('',(0.E0,0.E0,1.E0));
#1064=VECTOR('',#1063,3.6E0);
#1065=CARTESIAN_POINT('',(-2.E0,0.E0,5.3E0));
#1066=LINE('',#1065,#1064);
#1067=DIRECTION('',(0.E0,0.E0,-1.E0));
#1068=VECTOR('',#1067,3.7E0);
#1069=CARTESIAN_POINT('',(2.5E-1,-5.454356057318E-1,1.26E1));
#1070=LINE('',#1069,#1068);
#1071=DIRECTION('',(0.E0,0.E0,-1.E0));
#1072=VECTOR('',#1071,3.7E0);
#1073=CARTESIAN_POINT('',(5.454356057318E-1,-2.5E-1,1.26E1));
#1074=LINE('',#1073,#1072);
#1075=CARTESIAN_POINT('',(0.E0,0.E0,8.9E0));
#1076=DIRECTION('',(0.E0,0.E0,1.E0));
#1077=DIRECTION('',(1.E0,0.E0,0.E0));
#1078=AXIS2_PLACEMENT_3D('',#1075,#1076,#1077);
#1080=DIRECTION('',(0.E0,0.E0,1.E0));
#1081=VECTOR('',#1080,3.4E0);
#1082=CARTESIAN_POINT('',(1.984313483298E0,2.5E-1,8.9E0));
#1083=LINE('',#1082,#1081);
#1084=CARTESIAN_POINT('',(0.E0,0.E0,1.23E1));
#1085=DIRECTION('',(0.E0,0.E0,1.E0));
#1086=DIRECTION('',(9.921567416492E-1,1.25E-1,0.E0));
#1087=AXIS2_PLACEMENT_3D('',#1084,#1085,#1086);
#1089=DIRECTION('',(0.E0,0.E0,1.E0));
#1090=VECTOR('',#1089,3.4E0);
#1091=CARTESIAN_POINT('',(2.5E-1,1.984313483298E0,8.9E0));
#1092=LINE('',#1091,#1090);
#1093=CARTESIAN_POINT('',(0.E0,0.E0,8.9E0));
#1094=DIRECTION('',(0.E0,0.E0,1.E0));
#1095=DIRECTION('',(1.25E-1,9.921567416492E-1,0.E0));
#1096=AXIS2_PLACEMENT_3D('',#1093,#1094,#1095);
#1098=DIRECTION('',(0.E0,0.E0,1.E0));
#1099=VECTOR('',#1098,3.4E0);
#1100=CARTESIAN_POINT('',(-2.5E-1,1.984313483298E0,8.9E0));
#1101=LINE('',#1100,#1099);
#1102=CARTESIAN_POINT('',(0.E0,0.E0,1.23E1));
#1103=DIRECTION('',(0.E0,0.E0,1.E0));
#1104=DIRECTION('',(-1.25E-1,9.921567416492E-1,0.E0));
#1105=AXIS2_PLACEMENT_3D('',#1102,#1103,#1104);
#1107=DIRECTION('',(0.E0,0.E0,1.E0));
#1108=VECTOR('',#1107,3.4E0);
#1109=CARTESIAN_POINT('',(-1.984313483298E0,2.5E-1,8.9E0));
#1110=LINE('',#1109,#1108);
#1111=CARTESIAN_POINT('',(0.E0,0.E0,8.9E0));
#1112=DIRECTION('',(0.E0,0.E0,1.E0));
#1113=DIRECTION('',(-9.921567416492E-1,1.25E-1,0.E0));
#1114=AXIS2_PLACEMENT_3D('',#1111,#1112,#1113);
#1116=DIRECTION('',(0.E0,0.E0,1.E0));
#1117=VECTOR('',#1116,3.6E0);
#1118=CARTESIAN_POINT('',(2.E0,0.E0,5.3E0));
#1119=LINE('',#1118,#1117);
#1120=CARTESIAN_POINT('',(1.681517172080E0,2.5E-1,1.26E1));
#1121=CARTESIAN_POINT('',(1.714687336862E0,2.5E-1,1.256719046960E1));
#1122=CARTESIAN_POINT('',(1.781341171547E0,2.5E-1,1.250121942638E1));
#1123=CARTESIAN_POINT('',(1.882284677808E0,2.5E-1,1.240120134834E1));
#1124=CARTESIAN_POINT('',(1.950198651593E0,2.5E-1,1.233384726027E1));
#1125=CARTESIAN_POINT('',(1.984313483298E0,2.5E-1,1.23E1));
#1127=CARTESIAN_POINT('',(2.5E-1,1.984313483298E0,1.23E1));
#1128=CARTESIAN_POINT('',(2.5E-1,1.950215194451E0,1.233383084716E1));
#1129=CARTESIAN_POINT('',(2.5E-1,1.882323305391E0,1.240116305044E1));
#1130=CARTESIAN_POINT('',(2.5E-1,1.781381041350E0,1.250117994776E1));
#1131=CARTESIAN_POINT('',(2.5E-1,1.714704439088E0,1.256717355331E1));
#1132=CARTESIAN_POINT('',(2.5E-1,1.681517172080E0,1.26E1));
#1134=CARTESIAN_POINT('',(-2.5E-1,1.681517172080E0,1.26E1));
#1135=CARTESIAN_POINT('',(-2.5E-1,1.714687336862E0,1.256719046960E1));
#1136=CARTESIAN_POINT('',(-2.5E-1,1.781341171547E0,1.250121942638E1));
#1137=CARTESIAN_POINT('',(-2.5E-1,1.882284677808E0,1.240120134834E1));
#1138=CARTESIAN_POINT('',(-2.5E-1,1.950198651593E0,1.233384726027E1));
#1139=CARTESIAN_POINT('',(-2.5E-1,1.984313483298E0,1.23E1));
#1141=CARTESIAN_POINT('',(-1.984313483298E0,2.5E-1,1.23E1));
#1142=CARTESIAN_POINT('',(-1.950215194451E0,2.5E-1,1.233383084716E1));
#1143=CARTESIAN_POINT('',(-1.882323305391E0,2.5E-1,1.240116305044E1));
#1144=CARTESIAN_POINT('',(-1.781381041350E0,2.5E-1,1.250117994776E1));
#1145=CARTESIAN_POINT('',(-1.714704439088E0,2.5E-1,1.256717355331E1));
#1146=CARTESIAN_POINT('',(-1.681517172080E0,2.5E-1,1.26E1));
#1148=DIRECTION('',(0.E0,0.E0,-1.E0));
#1149=VECTOR('',#1148,3.7E0);
#1150=CARTESIAN_POINT('',(2.5E-1,5.454356057318E-1,1.26E1));
#1151=LINE('',#1150,#1149);
#1152=DIRECTION('',(0.E0,0.E0,-1.E0));
#1153=VECTOR('',#1152,3.7E0);
#1154=CARTESIAN_POINT('',(5.454356057318E-1,2.5E-1,1.26E1));
#1155=LINE('',#1154,#1153);
#1156=DIRECTION('',(0.E0,0.E0,-1.E0));
#1157=VECTOR('',#1156,3.7E0);
#1158=CARTESIAN_POINT('',(-2.5E-1,5.454356057318E-1,1.26E1));
#1159=LINE('',#1158,#1157);
#1160=DIRECTION('',(0.E0,0.E0,-1.E0));
#1161=VECTOR('',#1160,3.7E0);
#1162=CARTESIAN_POINT('',(-5.454356057318E-1,2.5E-1,1.26E1));
#1163=LINE('',#1162,#1161);
#1164=DIRECTION('',(0.E0,0.E0,1.E0));
#1165=VECTOR('',#1164,1.5E0);
#1166=CARTESIAN_POINT('',(3.35E0,5.6E0,0.E0));
#1167=LINE('',#1166,#1165);
#1168=DIRECTION('',(0.E0,0.E0,1.E0));
#1169=VECTOR('',#1168,1.5E0);
#1170=CARTESIAN_POINT('',(-3.35E0,5.6E0,0.E0));
#1171=LINE('',#1170,#1169);
#1172=DIRECTION('',(0.E0,0.E0,1.E0));
#1173=VECTOR('',#1172,1.5E0);
#1174=CARTESIAN_POINT('',(-3.35E0,-5.6E0,0.E0));
#1175=LINE('',#1174,#1173);
#1176=DIRECTION('',(0.E0,0.E0,1.E0));
#1177=VECTOR('',#1176,1.5E0);
#1178=CARTESIAN_POINT('',(3.35E0,-5.6E0,0.E0));
#1179=LINE('',#1178,#1177);
#1180=DIRECTION('',(0.E0,-1.E0,0.E0));
#1181=VECTOR('',#1180,1.12E1);
#1182=CARTESIAN_POINT('',(3.35E0,5.6E0,1.5E0));
#1183=LINE('',#1182,#1181);
#1184=CARTESIAN_POINT('',(0.E0,5.6E0,1.5E0));
#1185=DIRECTION('',(0.E0,0.E0,-1.E0));
#1186=DIRECTION('',(-1.E0,0.E0,0.E0));
#1187=AXIS2_PLACEMENT_3D('',#1184,#1185,#1186);
#1189=DIRECTION('',(0.E0,1.E0,0.E0));
#1190=VECTOR('',#1189,1.12E1);
#1191=CARTESIAN_POINT('',(-3.35E0,-5.6E0,1.5E0));
#1192=LINE('',#1191,#1190);
#1193=CARTESIAN_POINT('',(0.E0,-5.6E0,1.5E0));
#1194=DIRECTION('',(0.E0,0.E0,-1.E0));
#1195=DIRECTION('',(1.E0,0.E0,0.E0));
#1196=AXIS2_PLACEMENT_3D('',#1193,#1194,#1195);
#1198=CARTESIAN_POINT('',(0.E0,5.6E0,1.5E0));
#1199=DIRECTION('',(0.E0,0.E0,-1.E0));
#1200=DIRECTION('',(0.E0,-1.E0,0.E0));
#1201=AXIS2_PLACEMENT_3D('',#1198,#1199,#1200);
#1203=CARTESIAN_POINT('',(0.E0,5.6E0,1.5E0));
#1204=DIRECTION('',(0.E0,0.E0,-1.E0));
#1205=DIRECTION('',(0.E0,1.E0,0.E0));
#1206=AXIS2_PLACEMENT_3D('',#1203,#1204,#1205);
#1208=CARTESIAN_POINT('',(0.E0,-5.6E0,1.5E0));
#1209=DIRECTION('',(0.E0,0.E0,-1.E0));
#1210=DIRECTION('',(0.E0,-1.E0,0.E0));
#1211=AXIS2_PLACEMENT_3D('',#1208,#1209,#1210);
#1213=CARTESIAN_POINT('',(0.E0,-5.6E0,1.5E0));
#1214=DIRECTION('',(0.E0,0.E0,-1.E0));
#1215=DIRECTION('',(0.E0,1.E0,0.E0));
#1216=AXIS2_PLACEMENT_3D('',#1213,#1214,#1215);
#1218=CARTESIAN_POINT('',(0.E0,0.E0,1.5E0));
#1219=DIRECTION('',(0.E0,0.E0,-1.E0));
#1220=DIRECTION('',(0.E0,-1.E0,0.E0));
#1221=AXIS2_PLACEMENT_3D('',#1218,#1219,#1220);
#1223=CARTESIAN_POINT('',(0.E0,0.E0,1.5E0));
#1224=DIRECTION('',(0.E0,0.E0,-1.E0));
#1225=DIRECTION('',(0.E0,1.E0,0.E0));
#1226=AXIS2_PLACEMENT_3D('',#1223,#1224,#1225);
#1228=CARTESIAN_POINT('',(0.E0,5.6E0,-3.3E0));
#1229=DIRECTION('',(0.E0,0.E0,-1.E0));
#1230=DIRECTION('',(0.E0,-1.E0,0.E0));
#1231=AXIS2_PLACEMENT_3D('',#1228,#1229,#1230);
#1233=DIRECTION('',(6.500705821341E-9,1.399725518716E-9,-1.E0));
#1234=VECTOR('',#1233,4.800000006719E0);
#1235=CARTESIAN_POINT('',(0.E0,4.1E0,1.5E0));
#1236=LINE('',#1235,#1234);
#1237=DIRECTION('',(-5.393453210980E-8,-7.071067811866E-1,7.071067811865E-1));
#1238=VECTOR('',#1237,1.414213585599E-1);
#1239=CARTESIAN_POINT('',(3.883088297407E-8,4.200000008361E0,
-3.400000008361E0));
#1240=LINE('',#1239,#1238);
#1241=CARTESIAN_POINT('',(0.E0,-5.6E0,-3.4E0));
#1242=DIRECTION('',(0.E0,0.E0,-1.E0));
#1243=DIRECTION('',(0.E0,-1.E0,0.E0));
#1244=AXIS2_PLACEMENT_3D('',#1241,#1242,#1243);
#1246=CARTESIAN_POINT('',(0.E0,-5.6E0,-3.4E0));
#1247=DIRECTION('',(0.E0,0.E0,-1.E0));
#1248=DIRECTION('',(0.E0,1.E0,0.E0));
#1249=AXIS2_PLACEMENT_3D('',#1246,#1247,#1248);
#1251=CARTESIAN_POINT('',(0.E0,0.E0,-3.4E0));
#1252=DIRECTION('',(0.E0,0.E0,-1.E0));
#1253=DIRECTION('',(0.E0,-1.E0,0.E0));
#1254=AXIS2_PLACEMENT_3D('',#1251,#1252,#1253);
#1256=CARTESIAN_POINT('',(0.E0,0.E0,-3.4E0));
#1257=DIRECTION('',(0.E0,0.E0,-1.E0));
#1258=DIRECTION('',(0.E0,1.E0,0.E0));
#1259=AXIS2_PLACEMENT_3D('',#1256,#1257,#1258);
#1261=CARTESIAN_POINT('',(0.E0,5.6E0,-3.4E0));
#1262=DIRECTION('',(0.E0,0.E0,-1.E0));
#1263=DIRECTION('',(0.E0,-1.E0,0.E0));
#1264=AXIS2_PLACEMENT_3D('',#1261,#1262,#1263);
#1266=CARTESIAN_POINT('',(0.E0,5.6E0,-3.4E0));
#1267=DIRECTION('',(0.E0,0.E0,-1.E0));
#1268=DIRECTION('',(0.E0,1.E0,0.E0));
#1269=AXIS2_PLACEMENT_3D('',#1266,#1267,#1268);
#1271=DIRECTION('',(-5.393453183977E-8,-7.071067811866E-1,7.071067811865E-1));
#1272=VECTOR('',#1271,1.414213585599E-1);
#1273=CARTESIAN_POINT('',(3.883088290467E-8,-6.999999991639E0,
-3.400000008361E0));
#1274=LINE('',#1273,#1272);
#1275=DIRECTION('',(5.393453228214E-8,7.071067811865E-1,7.071067811865E-1));
#1276=VECTOR('',#1275,1.414213585599E-1);
#1277=CARTESIAN_POINT('',(-3.883088276396E-8,-4.200000008361E0,
-3.400000008361E0));
#1278=LINE('',#1277,#1276);
#1279=CARTESIAN_POINT('',(0.E0,-5.6E0,-3.3E0));
#1280=DIRECTION('',(0.E0,0.E0,-1.E0));
#1281=DIRECTION('',(0.E0,1.E0,0.E0));
#1282=AXIS2_PLACEMENT_3D('',#1279,#1280,#1281);
#1284=DIRECTION('',(-6.500705772490E-9,-1.399725518716E-9,-1.E0));
#1285=VECTOR('',#1284,4.800000006719E0);
#1286=CARTESIAN_POINT('',(0.E0,-4.1E0,1.5E0));
#1287=LINE('',#1286,#1285);
#1288=CARTESIAN_POINT('',(0.E0,-5.6E0,-3.3E0));
#1289=DIRECTION('',(0.E0,0.E0,-1.E0));
#1290=DIRECTION('',(0.E0,-1.E0,0.E0));
#1291=AXIS2_PLACEMENT_3D('',#1288,#1289,#1290);
#1293=DIRECTION('',(6.500705814837E-9,1.399725333679E-9,-1.E0));
#1294=VECTOR('',#1293,4.800000006719E0);
#1295=CARTESIAN_POINT('',(0.E0,-7.1E0,1.5E0));
#1296=LINE('',#1295,#1294);
#1297=DIRECTION('',(-5.393453134882E-8,-7.071067811866E-1,7.071067811865E-1));
#1298=VECTOR('',#1297,1.414213585599E-1);
#1299=CARTESIAN_POINT('',(3.883088288882E-8,-1.399999991639E0,
-3.400000008361E0));
#1300=LINE('',#1299,#1298);
#1301=DIRECTION('',(5.393453110457E-8,7.071067811866E-1,7.071067811865E-1));
#1302=VECTOR('',#1301,1.414213585599E-1);
#1303=CARTESIAN_POINT('',(-3.883088276396E-8,1.399999991639E0,
-3.400000008361E0));
#1304=LINE('',#1303,#1302);
#1305=CARTESIAN_POINT('',(0.E0,0.E0,-3.3E0));
#1306=DIRECTION('',(0.E0,0.E0,-1.E0));
#1307=DIRECTION('',(0.E0,1.E0,0.E0));
#1308=AXIS2_PLACEMENT_3D('',#1305,#1306,#1307);
#1310=DIRECTION('',(-6.500705807185E-9,-1.399725287419E-9,-1.E0));
#1311=VECTOR('',#1310,4.800000006719E0);
#1312=CARTESIAN_POINT('',(0.E0,1.5E0,1.5E0));
#1313=LINE('',#1312,#1311);
#1314=CARTESIAN_POINT('',(0.E0,0.E0,-3.3E0));
#1315=DIRECTION('',(0.E0,0.E0,-1.E0));
#1316=DIRECTION('',(0.E0,-1.E0,0.E0));
#1317=AXIS2_PLACEMENT_3D('',#1314,#1315,#1316);
#1319=DIRECTION('',(6.500705826001E-9,1.399725287419E-9,-1.E0));
#1320=VECTOR('',#1319,4.800000006719E0);
#1321=CARTESIAN_POINT('',(0.E0,-1.5E0,1.5E0));
#1322=LINE('',#1321,#1320);
#1323=DIRECTION('',(5.393453228214E-8,7.071067811866E-1,7.071067811865E-1));
#1324=VECTOR('',#1323,1.414213585599E-1);
#1325=CARTESIAN_POINT('',(-3.883088276396E-8,6.999999991639E0,
-3.400000008361E0));
#1326=LINE('',#1325,#1324);
#1327=CARTESIAN_POINT('',(0.E0,5.6E0,-3.3E0));
#1328=DIRECTION('',(0.E0,0.E0,-1.E0));
#1329=DIRECTION('',(0.E0,1.E0,0.E0));
#1330=AXIS2_PLACEMENT_3D('',#1327,#1328,#1329);
#1332=DIRECTION('',(-6.500705772490E-9,-1.399725333679E-9,-1.E0));
#1333=VECTOR('',#1332,4.800000006719E0);
#1334=CARTESIAN_POINT('',(0.E0,7.1E0,1.5E0));
#1335=LINE('',#1334,#1333);
#1336=CARTESIAN_POINT('',(4.05E0,-5.6E0,0.E0));
#1337=CARTESIAN_POINT('',(4.05E0,5.6E0,0.E0));
#1338=VERTEX_POINT('',#1336);
#1339=VERTEX_POINT('',#1337);
#1340=CARTESIAN_POINT('',(-4.05E0,5.6E0,0.E0));
#1341=CARTESIAN_POINT('',(-4.05E0,-5.6E0,0.E0));
#1342=VERTEX_POINT('',#1340);
#1343=VERTEX_POINT('',#1341);
#1344=CARTESIAN_POINT('',(4.05E0,-5.6E0,1.39E1));
#1345=CARTESIAN_POINT('',(4.05E0,5.6E0,1.39E1));
#1346=VERTEX_POINT('',#1344);
#1347=VERTEX_POINT('',#1345);
#1348=CARTESIAN_POINT('',(-4.05E0,5.6E0,1.39E1));
#1349=CARTESIAN_POINT('',(-4.05E0,-5.6E0,1.39E1));
#1350=VERTEX_POINT('',#1348);
#1351=VERTEX_POINT('',#1349);
#1352=CARTESIAN_POINT('',(2.E0,-5.6E0,5.3E0));
#1353=CARTESIAN_POINT('',(-2.E0,-5.6E0,5.3E0));
#1354=VERTEX_POINT('',#1352);
#1355=VERTEX_POINT('',#1353);
#1356=CARTESIAN_POINT('',(2.E0,5.6E0,5.3E0));
#1357=CARTESIAN_POINT('',(-2.E0,5.6E0,5.3E0));
#1358=VERTEX_POINT('',#1356);
#1359=VERTEX_POINT('',#1357);
#1360=CARTESIAN_POINT('',(-5.454356057318E-1,-5.85E0,8.9E0));
#1361=CARTESIAN_POINT('',(-2.5E-1,-6.145435605732E0,8.9E0));
#1362=VERTEX_POINT('',#1360);
#1363=VERTEX_POINT('',#1361);
#1364=CARTESIAN_POINT('',(2.5E-1,-6.145435605732E0,8.9E0));
#1365=CARTESIAN_POINT('',(5.454356057318E-1,-5.85E0,8.9E0));
#1366=VERTEX_POINT('',#1364);
#1367=VERTEX_POINT('',#1365);
#1368=CARTESIAN_POINT('',(5.454356057318E-1,-5.35E0,8.9E0));
#1369=CARTESIAN_POINT('',(2.5E-1,-5.054564394268E0,8.9E0));
#1370=VERTEX_POINT('',#1368);
#1371=VERTEX_POINT('',#1369);
#1372=CARTESIAN_POINT('',(-2.5E-1,-5.054564394268E0,8.9E0));
#1373=CARTESIAN_POINT('',(-5.454356057318E-1,-5.35E0,8.9E0));
#1374=VERTEX_POINT('',#1372);
#1375=VERTEX_POINT('',#1373);
#1376=CARTESIAN_POINT('',(-2.5E-1,6.145435605732E0,8.9E0));
#1377=CARTESIAN_POINT('',(-5.454356057318E-1,5.85E0,8.9E0));
#1378=VERTEX_POINT('',#1376);
#1379=VERTEX_POINT('',#1377);
#1380=CARTESIAN_POINT('',(-5.454356057318E-1,5.35E0,8.9E0));
#1381=CARTESIAN_POINT('',(-2.5E-1,5.054564394268E0,8.9E0));
#1382=VERTEX_POINT('',#1380);
#1383=VERTEX_POINT('',#1381);
#1384=CARTESIAN_POINT('',(2.5E-1,5.054564394268E0,8.9E0));
#1385=CARTESIAN_POINT('',(5.454356057318E-1,5.35E0,8.9E0));
#1386=VERTEX_POINT('',#1384);
#1387=VERTEX_POINT('',#1385);
#1388=CARTESIAN_POINT('',(5.454356057318E-1,5.85E0,8.9E0));
#1389=CARTESIAN_POINT('',(2.5E-1,6.145435605732E0,8.9E0));
#1390=VERTEX_POINT('',#1388);
#1391=VERTEX_POINT('',#1389);
#1392=CARTESIAN_POINT('',(-1.681517172080E0,-5.85E0,1.26E1));
#1393=CARTESIAN_POINT('',(-5.454356057318E-1,-5.85E0,1.26E1));
#1394=VERTEX_POINT('',#1392);
#1395=VERTEX_POINT('',#1393);
#1396=CARTESIAN_POINT('',(-2.5E-1,-6.145435605732E0,1.26E1));
#1397=VERTEX_POINT('',#1396);
#1398=CARTESIAN_POINT('',(-2.5E-1,-7.281517172080E0,1.26E1));
#1399=VERTEX_POINT('',#1398);
#1400=CARTESIAN_POINT('',(2.5E-1,-7.281517172080E0,1.26E1));
#1401=CARTESIAN_POINT('',(2.5E-1,-6.145435605732E0,1.26E1));
#1402=VERTEX_POINT('',#1400);
#1403=VERTEX_POINT('',#1401);
#1404=CARTESIAN_POINT('',(5.454356057318E-1,-5.85E0,1.26E1));
#1405=VERTEX_POINT('',#1404);
#1406=CARTESIAN_POINT('',(1.681517172080E0,-5.85E0,1.26E1));
#1407=VERTEX_POINT('',#1406);
#1408=CARTESIAN_POINT('',(1.681517172080E0,-5.35E0,1.26E1));
#1409=CARTESIAN_POINT('',(5.454356057318E-1,-5.35E0,1.26E1));
#1410=VERTEX_POINT('',#1408);
#1411=VERTEX_POINT('',#1409);
#1412=CARTESIAN_POINT('',(2.5E-1,-5.054564394268E0,1.26E1));
#1413=VERTEX_POINT('',#1412);
#1414=CARTESIAN_POINT('',(2.5E-1,-3.918482827920E0,1.26E1));
#1415=VERTEX_POINT('',#1414);
#1416=CARTESIAN_POINT('',(-2.5E-1,-3.918482827920E0,1.26E1));
#1417=CARTESIAN_POINT('',(-2.5E-1,-5.054564394268E0,1.26E1));
#1418=VERTEX_POINT('',#1416);
#1419=VERTEX_POINT('',#1417);
#1420=CARTESIAN_POINT('',(-5.454356057318E-1,-5.35E0,1.26E1));
#1421=VERTEX_POINT('',#1420);
#1422=CARTESIAN_POINT('',(-1.681517172080E0,-5.35E0,1.26E1));
#1423=VERTEX_POINT('',#1422);
#1424=CARTESIAN_POINT('',(-2.5E-1,6.145435605732E0,1.26E1));
#1425=CARTESIAN_POINT('',(-5.454356057318E-1,5.85E0,1.26E1));
#1426=VERTEX_POINT('',#1424);
#1427=VERTEX_POINT('',#1425);
#1428=CARTESIAN_POINT('',(-1.681517172080E0,5.85E0,1.26E1));
#1429=VERTEX_POINT('',#1428);
#1430=CARTESIAN_POINT('',(-1.681517172080E0,5.35E0,1.26E1));
#1431=CARTESIAN_POINT('',(-5.454356057318E-1,5.35E0,1.26E1));
#1432=VERTEX_POINT('',#1430);
#1433=VERTEX_POINT('',#1431);
#1434=CARTESIAN_POINT('',(-2.5E-1,5.054564394268E0,1.26E1));
#1435=VERTEX_POINT('',#1434);
#1436=CARTESIAN_POINT('',(-2.5E-1,3.918482827920E0,1.26E1));
#1437=VERTEX_POINT('',#1436);
#1438=CARTESIAN_POINT('',(2.5E-1,3.918482827920E0,1.26E1));
#1439=CARTESIAN_POINT('',(2.5E-1,5.054564394268E0,1.26E1));
#1440=VERTEX_POINT('',#1438);
#1441=VERTEX_POINT('',#1439);
#1442=CARTESIAN_POINT('',(5.454356057318E-1,5.35E0,1.26E1));
#1443=VERTEX_POINT('',#1442);
#1444=CARTESIAN_POINT('',(1.681517172080E0,5.35E0,1.26E1));
#1445=VERTEX_POINT('',#1444);
#1446=CARTESIAN_POINT('',(1.681517172080E0,5.85E0,1.26E1));
#1447=CARTESIAN_POINT('',(5.454356057318E-1,5.85E0,1.26E1));
#1448=VERTEX_POINT('',#1446);
#1449=VERTEX_POINT('',#1447);
#1450=CARTESIAN_POINT('',(2.5E-1,6.145435605732E0,1.26E1));
#1451=VERTEX_POINT('',#1450);
#1452=CARTESIAN_POINT('',(2.5E-1,7.281517172080E0,1.26E1));
#1453=VERTEX_POINT('',#1452);
#1454=CARTESIAN_POINT('',(-2.5E-1,7.281517172080E0,1.26E1));
#1455=VERTEX_POINT('',#1454);
#1456=CARTESIAN_POINT('',(2.E0,-5.6E0,8.9E0));
#1457=CARTESIAN_POINT('',(1.984313483298E0,-5.35E0,8.9E0));
#1458=VERTEX_POINT('',#1456);
#1459=VERTEX_POINT('',#1457);
#1460=CARTESIAN_POINT('',(2.5E-1,-3.615686516702E0,8.9E0));
#1461=CARTESIAN_POINT('',(-2.5E-1,-3.615686516702E0,8.9E0));
#1462=VERTEX_POINT('',#1460);
#1463=VERTEX_POINT('',#1461);
#1464=CARTESIAN_POINT('',(-1.984313483298E0,-5.35E0,8.9E0));
#1465=CARTESIAN_POINT('',(-1.984313483298E0,-5.35E0,1.23E1));
#1466=VERTEX_POINT('',#1464);
#1467=VERTEX_POINT('',#1465);
#1468=CARTESIAN_POINT('',(-2.E0,-5.6E0,8.9E0));
#1469=CARTESIAN_POINT('',(-1.984313483298E0,-5.85E0,8.9E0));
#1470=VERTEX_POINT('',#1468);
#1471=VERTEX_POINT('',#1469);
#1472=CARTESIAN_POINT('',(-2.5E-1,-7.584313483298E0,8.9E0));
#1473=CARTESIAN_POINT('',(2.5E-1,-7.584313483298E0,8.9E0));
#1474=VERTEX_POINT('',#1472);
#1475=VERTEX_POINT('',#1473);
#1476=CARTESIAN_POINT('',(1.984313483298E0,-5.85E0,8.9E0));
#1477=CARTESIAN_POINT('',(1.984313483298E0,-5.85E0,1.23E1));
#1478=VERTEX_POINT('',#1476);
#1479=VERTEX_POINT('',#1477);
#1480=CARTESIAN_POINT('',(2.E0,5.6E0,8.9E0));
#1481=CARTESIAN_POINT('',(1.984313483298E0,5.85E0,8.9E0));
#1482=VERTEX_POINT('',#1480);
#1483=VERTEX_POINT('',#1481);
#1484=CARTESIAN_POINT('',(2.5E-1,7.584313483298E0,8.9E0));
#1485=CARTESIAN_POINT('',(-2.5E-1,7.584313483298E0,8.9E0));
#1486=VERTEX_POINT('',#1484);
#1487=VERTEX_POINT('',#1485);
#1488=CARTESIAN_POINT('',(-1.984313483298E0,5.85E0,8.9E0));
#1489=CARTESIAN_POINT('',(-1.984313483298E0,5.85E0,1.23E1));
#1490=VERTEX_POINT('',#1488);
#1491=VERTEX_POINT('',#1489);
#1492=CARTESIAN_POINT('',(-2.E0,5.6E0,8.9E0));
#1493=CARTESIAN_POINT('',(-1.984313483298E0,5.35E0,8.9E0));
#1494=VERTEX_POINT('',#1492);
#1495=VERTEX_POINT('',#1493);
#1496=CARTESIAN_POINT('',(-2.5E-1,3.615686516702E0,8.9E0));
#1497=CARTESIAN_POINT('',(2.5E-1,3.615686516702E0,8.9E0));
#1498=VERTEX_POINT('',#1496);
#1499=VERTEX_POINT('',#1497);
#1500=CARTESIAN_POINT('',(1.984313483298E0,5.35E0,8.9E0));
#1501=CARTESIAN_POINT('',(1.984313483298E0,5.35E0,1.23E1));
#1502=VERTEX_POINT('',#1500);
#1503=VERTEX_POINT('',#1501);
#1504=VERTEX_POINT('',#733);
#1505=VERTEX_POINT('',#769);
#1506=VERTEX_POINT('',#947);
#1507=VERTEX_POINT('',#824);
#1508=CARTESIAN_POINT('',(1.984313483298E0,-5.35E0,1.23E1));
#1509=CARTESIAN_POINT('',(2.5E-1,-3.615686516702E0,1.23E1));
#1510=VERTEX_POINT('',#1508);
#1511=VERTEX_POINT('',#1509);
#1512=CARTESIAN_POINT('',(-1.984313483298E0,-5.85E0,1.23E1));
#1513=CARTESIAN_POINT('',(-2.5E-1,-7.584313483298E0,1.23E1));
#1514=VERTEX_POINT('',#1512);
#1515=VERTEX_POINT('',#1513);
#1516=CARTESIAN_POINT('',(1.984313483298E0,5.85E0,1.23E1));
#1517=CARTESIAN_POINT('',(2.5E-1,7.584313483298E0,1.23E1));
#1518=VERTEX_POINT('',#1516);
#1519=VERTEX_POINT('',#1517);
#1520=CARTESIAN_POINT('',(-1.984313483298E0,5.35E0,1.23E1));
#1521=CARTESIAN_POINT('',(-2.5E-1,3.615686516702E0,1.23E1));
#1522=VERTEX_POINT('',#1520);
#1523=VERTEX_POINT('',#1521);
#1524=CARTESIAN_POINT('',(0.E0,4.1E0,1.5E0));
#1525=CARTESIAN_POINT('',(0.E0,7.1E0,1.5E0));
#1526=VERTEX_POINT('',#1524);
#1527=VERTEX_POINT('',#1525);
#1528=CARTESIAN_POINT('',(0.E0,-7.1E0,1.5E0));
#1529=CARTESIAN_POINT('',(0.E0,-4.1E0,1.5E0));
#1530=VERTEX_POINT('',#1528);
#1531=VERTEX_POINT('',#1529);
#1532=CARTESIAN_POINT('',(-3.35E0,5.6E0,5.3E0));
#1533=CARTESIAN_POINT('',(-3.35E0,-5.6E0,5.3E0));
#1534=VERTEX_POINT('',#1532);
#1535=VERTEX_POINT('',#1533);
#1536=CARTESIAN_POINT('',(3.35E0,-5.6E0,5.3E0));
#1537=VERTEX_POINT('',#1536);
#1538=CARTESIAN_POINT('',(3.35E0,5.6E0,5.3E0));
#1539=VERTEX_POINT('',#1538);
#1540=CARTESIAN_POINT('',(-3.35E0,5.6E0,1.39E1));
#1541=CARTESIAN_POINT('',(-3.35E0,-5.6E0,1.39E1));
#1542=VERTEX_POINT('',#1540);
#1543=VERTEX_POINT('',#1541);
#1544=CARTESIAN_POINT('',(3.35E0,-5.6E0,1.39E1));
#1545=VERTEX_POINT('',#1544);
#1546=CARTESIAN_POINT('',(3.35E0,5.6E0,1.39E1));
#1547=VERTEX_POINT('',#1546);
#1548=CARTESIAN_POINT('',(2.E0,0.E0,5.3E0));
#1549=CARTESIAN_POINT('',(-2.E0,0.E0,5.3E0));
#1550=VERTEX_POINT('',#1548);
#1551=VERTEX_POINT('',#1549);
#1552=CARTESIAN_POINT('',(-5.454356057318E-1,-2.5E-1,8.9E0));
#1553=CARTESIAN_POINT('',(-2.5E-1,-5.454356057318E-1,8.9E0));
#1554=VERTEX_POINT('',#1552);
#1555=VERTEX_POINT('',#1553);
#1556=CARTESIAN_POINT('',(2.5E-1,-5.454356057318E-1,8.9E0));
#1557=CARTESIAN_POINT('',(5.454356057318E-1,-2.5E-1,8.9E0));
#1558=VERTEX_POINT('',#1556);
#1559=VERTEX_POINT('',#1557);
#1560=CARTESIAN_POINT('',(5.454356057318E-1,2.5E-1,8.9E0));
#1561=CARTESIAN_POINT('',(2.5E-1,5.454356057318E-1,8.9E0));
#1562=VERTEX_POINT('',#1560);
#1563=VERTEX_POINT('',#1561);
#1564=CARTESIAN_POINT('',(-2.5E-1,5.454356057318E-1,8.9E0));
#1565=CARTESIAN_POINT('',(-5.454356057318E-1,2.5E-1,8.9E0));
#1566=VERTEX_POINT('',#1564);
#1567=VERTEX_POINT('',#1565);
#1568=CARTESIAN_POINT('',(-1.681517172080E0,-2.5E-1,1.26E1));
#1569=CARTESIAN_POINT('',(-5.454356057318E-1,-2.5E-1,1.26E1));
#1570=VERTEX_POINT('',#1568);
#1571=VERTEX_POINT('',#1569);
#1572=CARTESIAN_POINT('',(-2.5E-1,-5.454356057318E-1,1.26E1));
#1573=VERTEX_POINT('',#1572);
#1574=CARTESIAN_POINT('',(-2.5E-1,-1.681517172080E0,1.26E1));
#1575=VERTEX_POINT('',#1574);
#1576=CARTESIAN_POINT('',(2.5E-1,-1.681517172080E0,1.26E1));
#1577=CARTESIAN_POINT('',(2.5E-1,-5.454356057318E-1,1.26E1));
#1578=VERTEX_POINT('',#1576);
#1579=VERTEX_POINT('',#1577);
#1580=CARTESIAN_POINT('',(5.454356057318E-1,-2.5E-1,1.26E1));
#1581=VERTEX_POINT('',#1580);
#1582=CARTESIAN_POINT('',(1.681517172080E0,-2.5E-1,1.26E1));
#1583=VERTEX_POINT('',#1582);
#1584=CARTESIAN_POINT('',(1.681517172080E0,2.5E-1,1.26E1));
#1585=CARTESIAN_POINT('',(5.454356057318E-1,2.5E-1,1.26E1));
#1586=VERTEX_POINT('',#1584);
#1587=VERTEX_POINT('',#1585);
#1588=CARTESIAN_POINT('',(2.5E-1,5.454356057318E-1,1.26E1));
#1589=VERTEX_POINT('',#1588);
#1590=CARTESIAN_POINT('',(2.5E-1,1.681517172080E0,1.26E1));
#1591=VERTEX_POINT('',#1590);
#1592=CARTESIAN_POINT('',(-2.5E-1,1.681517172080E0,1.26E1));
#1593=CARTESIAN_POINT('',(-2.5E-1,5.454356057318E-1,1.26E1));
#1594=VERTEX_POINT('',#1592);
#1595=VERTEX_POINT('',#1593);
#1596=CARTESIAN_POINT('',(-5.454356057318E-1,2.5E-1,1.26E1));
#1597=VERTEX_POINT('',#1596);
#1598=CARTESIAN_POINT('',(-1.681517172080E0,2.5E-1,1.26E1));
#1599=VERTEX_POINT('',#1598);
#1600=CARTESIAN_POINT('',(2.E0,0.E0,8.9E0));
#1601=CARTESIAN_POINT('',(1.984313483298E0,2.5E-1,8.9E0));
#1602=VERTEX_POINT('',#1600);
#1603=VERTEX_POINT('',#1601);
#1604=CARTESIAN_POINT('',(2.5E-1,1.984313483298E0,8.9E0));
#1605=CARTESIAN_POINT('',(-2.5E-1,1.984313483298E0,8.9E0));
#1606=VERTEX_POINT('',#1604);
#1607=VERTEX_POINT('',#1605);
#1608=CARTESIAN_POINT('',(-1.984313483298E0,2.5E-1,8.9E0));
#1609=CARTESIAN_POINT('',(-2.E0,0.E0,8.9E0));
#1610=VERTEX_POINT('',#1608);
#1611=VERTEX_POINT('',#1609);
#1612=CARTESIAN_POINT('',(1.984313483298E0,2.5E-1,1.23E1));
#1613=VERTEX_POINT('',#1612);
#1614=CARTESIAN_POINT('',(2.5E-1,1.984313483298E0,1.23E1));
#1615=VERTEX_POINT('',#1614);
#1616=CARTESIAN_POINT('',(-2.5E-1,1.984313483298E0,1.23E1));
#1617=VERTEX_POINT('',#1616);
#1618=CARTESIAN_POINT('',(-1.984313483298E0,2.5E-1,1.23E1));
#1619=VERTEX_POINT('',#1618);
#1620=CARTESIAN_POINT('',(-1.984313483298E0,-2.5E-1,8.9E0));
#1621=VERTEX_POINT('',#1620);
#1622=CARTESIAN_POINT('',(-2.5E-1,-1.984313483298E0,8.9E0));
#1623=CARTESIAN_POINT('',(2.5E-1,-1.984313483298E0,8.9E0));
#1624=VERTEX_POINT('',#1622);
#1625=VERTEX_POINT('',#1623);
#1626=CARTESIAN_POINT('',(1.984313483298E0,-2.5E-1,8.9E0));
#1627=VERTEX_POINT('',#1626);
#1628=CARTESIAN_POINT('',(-1.984313483298E0,-2.5E-1,1.23E1));
#1629=VERTEX_POINT('',#1628);
#1630=CARTESIAN_POINT('',(-2.5E-1,-1.984313483298E0,1.23E1));
#1631=VERTEX_POINT('',#1630);
#1632=CARTESIAN_POINT('',(2.5E-1,-1.984313483298E0,1.23E1));
#1633=VERTEX_POINT('',#1632);
#1634=CARTESIAN_POINT('',(1.984313483298E0,-2.5E-1,1.23E1));
#1635=VERTEX_POINT('',#1634);
#1636=CARTESIAN_POINT('',(3.35E0,5.6E0,1.5E0));
#1637=CARTESIAN_POINT('',(3.35E0,-5.6E0,1.5E0));
#1638=VERTEX_POINT('',#1636);
#1639=VERTEX_POINT('',#1637);
#1640=CARTESIAN_POINT('',(-3.35E0,-5.6E0,1.5E0));
#1641=VERTEX_POINT('',#1640);
#1642=CARTESIAN_POINT('',(-3.35E0,5.6E0,1.5E0));
#1643=VERTEX_POINT('',#1642);
#1644=CARTESIAN_POINT('',(3.35E0,5.6E0,0.E0));
#1645=CARTESIAN_POINT('',(3.35E0,-5.6E0,0.E0));
#1646=VERTEX_POINT('',#1644);
#1647=VERTEX_POINT('',#1645);
#1648=CARTESIAN_POINT('',(-3.35E0,-5.6E0,0.E0));
#1649=VERTEX_POINT('',#1648);
#1650=CARTESIAN_POINT('',(-3.35E0,5.6E0,0.E0));
#1651=VERTEX_POINT('',#1650);
#1652=CARTESIAN_POINT('',(0.E0,-1.5E0,1.5E0));
#1653=CARTESIAN_POINT('',(0.E0,1.5E0,1.5E0));
#1654=VERTEX_POINT('',#1652);
#1655=VERTEX_POINT('',#1653);
#1656=CARTESIAN_POINT('',(-4.55E0,5.6E0,1.9E0));
#1657=CARTESIAN_POINT('',(4.55E0,5.6E0,1.9E0));
#1658=VERTEX_POINT('',#1656);
#1659=VERTEX_POINT('',#1657);
#1660=CARTESIAN_POINT('',(4.55E0,-5.6E0,1.9E0));
#1661=VERTEX_POINT('',#1660);
#1662=CARTESIAN_POINT('',(-4.55E0,-5.6E0,1.9E0));
#1663=VERTEX_POINT('',#1662);
#1664=CARTESIAN_POINT('',(-4.55E0,5.6E0,4.6E0));
#1665=CARTESIAN_POINT('',(4.55E0,5.6E0,4.6E0));
#1666=VERTEX_POINT('',#1664);
#1667=VERTEX_POINT('',#1665);
#1668=CARTESIAN_POINT('',(4.55E0,-5.6E0,4.6E0));
#1669=VERTEX_POINT('',#1668);
#1670=CARTESIAN_POINT('',(-4.55E0,-5.6E0,4.6E0));
#1671=VERTEX_POINT('',#1670);
#1672=CARTESIAN_POINT('',(4.05E0,-5.6E0,1.9E0));
#1673=CARTESIAN_POINT('',(4.05E0,5.6E0,1.9E0));
#1674=VERTEX_POINT('',#1672);
#1675=VERTEX_POINT('',#1673);
#1676=CARTESIAN_POINT('',(4.05E0,-5.6E0,4.6E0));
#1677=CARTESIAN_POINT('',(4.05E0,5.6E0,4.6E0));
#1678=VERTEX_POINT('',#1676);
#1679=VERTEX_POINT('',#1677);
#1680=CARTESIAN_POINT('',(-4.05E0,5.6E0,1.9E0));
#1681=CARTESIAN_POINT('',(-4.05E0,-5.6E0,1.9E0));
#1682=VERTEX_POINT('',#1680);
#1683=VERTEX_POINT('',#1681);
#1684=CARTESIAN_POINT('',(-4.05E0,5.6E0,4.6E0));
#1685=CARTESIAN_POINT('',(-4.05E0,-5.6E0,4.6E0));
#1686=VERTEX_POINT('',#1684);
#1687=VERTEX_POINT('',#1685);
#1688=CARTESIAN_POINT('',(0.E0,-7.E0,-3.4E0));
#1689=CARTESIAN_POINT('',(0.E0,-4.2E0,-3.4E0));
#1690=VERTEX_POINT('',#1688);
#1691=VERTEX_POINT('',#1689);
#1692=CARTESIAN_POINT('',(0.E0,-7.1E0,-3.3E0));
#1693=CARTESIAN_POINT('',(0.E0,-4.1E0,-3.3E0));
#1694=VERTEX_POINT('',#1692);
#1695=VERTEX_POINT('',#1693);
#1696=CARTESIAN_POINT('',(0.E0,-1.4E0,-3.4E0));
#1697=CARTESIAN_POINT('',(0.E0,1.4E0,-3.4E0));
#1698=VERTEX_POINT('',#1696);
#1699=VERTEX_POINT('',#1697);
#1700=CARTESIAN_POINT('',(0.E0,-1.5E0,-3.3E0));
#1701=CARTESIAN_POINT('',(0.E0,1.5E0,-3.3E0));
#1702=VERTEX_POINT('',#1700);
#1703=VERTEX_POINT('',#1701);
#1704=CARTESIAN_POINT('',(0.E0,4.2E0,-3.4E0));
#1705=CARTESIAN_POINT('',(0.E0,7.E0,-3.4E0));
#1706=VERTEX_POINT('',#1704);
#1707=VERTEX_POINT('',#1705);
#1708=CARTESIAN_POINT('',(0.E0,4.1E0,-3.3E0));
#1709=CARTESIAN_POINT('',(0.E0,7.1E0,-3.3E0));
#1710=VERTEX_POINT('',#1708);
#1711=VERTEX_POINT('',#1709);
#1712=CARTESIAN_POINT('',(0.E0,0.E0,0.E0));
#1713=DIRECTION('',(0.E0,0.E0,1.E0));
#1714=DIRECTION('',(0.E0,1.E0,0.E0));
#1715=AXIS2_PLACEMENT_3D('',#1712,#1713,#1714);
#1716=PLANE('',#1715);
#1718=ORIENTED_EDGE('',*,*,#1717,.T.);
#1720=ORIENTED_EDGE('',*,*,#1719,.T.);
#1722=ORIENTED_EDGE('',*,*,#1721,.T.);
#1724=ORIENTED_EDGE('',*,*,#1723,.T.);
#1725=EDGE_LOOP('',(#1718,#1720,#1722,#1724));
#1726=FACE_OUTER_BOUND('',#1725,.F.);
#1728=ORIENTED_EDGE('',*,*,#1727,.T.);
#1730=ORIENTED_EDGE('',*,*,#1729,.T.);
#1732=ORIENTED_EDGE('',*,*,#1731,.T.);
#1734=ORIENTED_EDGE('',*,*,#1733,.T.);
#1735=EDGE_LOOP('',(#1728,#1730,#1732,#1734));
#1736=FACE_BOUND('',#1735,.F.);
#1737=ADVANCED_FACE('',(#1726,#1736),#1716,.F.);
#1738=CARTESIAN_POINT('',(4.05E0,-5.6E0,0.E0));
#1739=DIRECTION('',(1.E0,0.E0,0.E0));
#1740=DIRECTION('',(0.E0,1.E0,0.E0));
#1741=AXIS2_PLACEMENT_3D('',#1738,#1739,#1740);
#1742=PLANE('',#1741);
#1744=ORIENTED_EDGE('',*,*,#1743,.T.);
#1746=ORIENTED_EDGE('',*,*,#1745,.F.);
#1747=ORIENTED_EDGE('',*,*,#1717,.F.);
#1749=ORIENTED_EDGE('',*,*,#1748,.T.);
#1750=EDGE_LOOP('',(#1744,#1746,#1747,#1749));
#1751=FACE_OUTER_BOUND('',#1750,.F.);
#1752=ADVANCED_FACE('',(#1751),#1742,.T.);
#1753=CARTESIAN_POINT('',(4.05E0,-5.6E0,0.E0));
#1754=DIRECTION('',(1.E0,0.E0,0.E0));
#1755=DIRECTION('',(0.E0,1.E0,0.E0));
#1756=AXIS2_PLACEMENT_3D('',#1753,#1754,#1755);
#1757=PLANE('',#1756);
#1759=ORIENTED_EDGE('',*,*,#1758,.F.);
#1761=ORIENTED_EDGE('',*,*,#1760,.T.);
#1763=ORIENTED_EDGE('',*,*,#1762,.T.);
#1765=ORIENTED_EDGE('',*,*,#1764,.F.);
#1766=EDGE_LOOP('',(#1759,#1761,#1763,#1765));
#1767=FACE_OUTER_BOUND('',#1766,.F.);
#1768=ADVANCED_FACE('',(#1767),#1757,.T.);
#1769=CARTESIAN_POINT('',(0.E0,0.E0,1.9E0));
#1770=DIRECTION('',(0.E0,0.E0,-1.E0));
#1771=DIRECTION('',(0.E0,-1.E0,0.E0));
#1772=AXIS2_PLACEMENT_3D('',#1769,#1770,#1771);
#1773=PLANE('',#1772);
#1775=ORIENTED_EDGE('',*,*,#1774,.F.);
#1777=ORIENTED_EDGE('',*,*,#1776,.F.);
#1779=ORIENTED_EDGE('',*,*,#1778,.F.);
#1781=ORIENTED_EDGE('',*,*,#1780,.F.);
#1782=EDGE_LOOP('',(#1775,#1777,#1779,#1781));
#1783=FACE_OUTER_BOUND('',#1782,.F.);
#1784=ORIENTED_EDGE('',*,*,#1743,.F.);
#1786=ORIENTED_EDGE('',*,*,#1785,.F.);
#1788=ORIENTED_EDGE('',*,*,#1787,.F.);
#1790=ORIENTED_EDGE('',*,*,#1789,.F.);
#1791=EDGE_LOOP('',(#1784,#1786,#1788,#1790));
#1792=FACE_BOUND('',#1791,.F.);
#1793=ADVANCED_FACE('',(#1783,#1792),#1773,.T.);
#1794=CARTESIAN_POINT('',(0.E0,5.6E0,1.9E0));
#1795=DIRECTION('',(0.E0,0.E0,-1.E0));
#1796=DIRECTION('',(0.E0,-1.E0,0.E0));
#1797=AXIS2_PLACEMENT_3D('',#1794,#1795,#1796);
#1798=CYLINDRICAL_SURFACE('',#1797,4.55E0);
#1799=ORIENTED_EDGE('',*,*,#1774,.T.);
#1801=ORIENTED_EDGE('',*,*,#1800,.T.);
#1803=ORIENTED_EDGE('',*,*,#1802,.F.);
#1805=ORIENTED_EDGE('',*,*,#1804,.F.);
#1806=EDGE_LOOP('',(#1799,#1801,#1803,#1805));
#1807=FACE_OUTER_BOUND('',#1806,.F.);
#1808=ADVANCED_FACE('',(#1807),#1798,.T.);
#1809=CARTESIAN_POINT('',(4.55E0,5.6E0,1.9E0));
#1810=DIRECTION('',(1.E0,0.E0,0.E0));
#1811=DIRECTION('',(0.E0,-1.E0,0.E0));
#1812=AXIS2_PLACEMENT_3D('',#1809,#1810,#1811);
#1813=PLANE('',#1812);
#1814=ORIENTED_EDGE('',*,*,#1780,.T.);
#1816=ORIENTED_EDGE('',*,*,#1815,.T.);
#1818=ORIENTED_EDGE('',*,*,#1817,.F.);
#1819=ORIENTED_EDGE('',*,*,#1800,.F.);
#1820=EDGE_LOOP('',(#1814,#1816,#1818,#1819));
#1821=FACE_OUTER_BOUND('',#1820,.F.);
#1822=ADVANCED_FACE('',(#1821),#1813,.T.);
#1823=CARTESIAN_POINT('',(0.E0,-5.6E0,1.9E0));
#1824=DIRECTION('',(0.E0,0.E0,-1.E0));
#1825=DIRECTION('',(0.E0,-1.E0,0.E0));
#1826=AXIS2_PLACEMENT_3D('',#1823,#1824,#1825);
#1827=CYLINDRICAL_SURFACE('',#1826,4.55E0);
#1828=ORIENTED_EDGE('',*,*,#1778,.T.);
#1830=ORIENTED_EDGE('',*,*,#1829,.T.);
#1832=ORIENTED_EDGE('',*,*,#1831,.F.);
#1833=ORIENTED_EDGE('',*,*,#1815,.F.);
#1834=EDGE_LOOP('',(#1828,#1830,#1832,#1833));
#1835=FACE_OUTER_BOUND('',#1834,.F.);
#1836=ADVANCED_FACE('',(#1835),#1827,.T.);
#1837=CARTESIAN_POINT('',(-4.55E0,-5.6E0,1.9E0));
#1838=DIRECTION('',(-1.E0,0.E0,0.E0));
#1839=DIRECTION('',(0.E0,1.E0,0.E0));
#1840=AXIS2_PLACEMENT_3D('',#1837,#1838,#1839);
#1841=PLANE('',#1840);
#1842=ORIENTED_EDGE('',*,*,#1776,.T.);
#1843=ORIENTED_EDGE('',*,*,#1804,.T.);
#1845=ORIENTED_EDGE('',*,*,#1844,.F.);
#1846=ORIENTED_EDGE('',*,*,#1829,.F.);
#1847=EDGE_LOOP('',(#1842,#1843,#1845,#1846));
#1848=FACE_OUTER_BOUND('',#1847,.F.);
#1849=ADVANCED_FACE('',(#1848),#1841,.T.);
#1850=CARTESIAN_POINT('',(0.E0,0.E0,4.6E0));
#1851=DIRECTION('',(0.E0,0.E0,-1.E0));
#1852=DIRECTION('',(0.E0,-1.E0,0.E0));
#1853=AXIS2_PLACEMENT_3D('',#1850,#1851,#1852);
#1854=PLANE('',#1853);
#1855=ORIENTED_EDGE('',*,*,#1802,.T.);
#1856=ORIENTED_EDGE('',*,*,#1817,.T.);
#1857=ORIENTED_EDGE('',*,*,#1831,.T.);
#1858=ORIENTED_EDGE('',*,*,#1844,.T.);
#1859=EDGE_LOOP('',(#1855,#1856,#1857,#1858));
#1860=FACE_OUTER_BOUND('',#1859,.F.);
#1861=ORIENTED_EDGE('',*,*,#1758,.T.);
#1863=ORIENTED_EDGE('',*,*,#1862,.T.);
#1865=ORIENTED_EDGE('',*,*,#1864,.T.);
#1867=ORIENTED_EDGE('',*,*,#1866,.T.);
#1868=EDGE_LOOP('',(#1861,#1863,#1865,#1867));
#1869=FACE_BOUND('',#1868,.F.);
#1870=ADVANCED_FACE('',(#1860,#1869),#1854,.F.);
#1871=CARTESIAN_POINT('',(0.E0,5.6E0,0.E0));
#1872=DIRECTION('',(0.E0,0.E0,1.E0));
#1873=DIRECTION('',(0.E0,1.E0,0.E0));
#1874=AXIS2_PLACEMENT_3D('',#1871,#1872,#1873);
#1875=CYLINDRICAL_SURFACE('',#1874,4.05E0);
#1876=ORIENTED_EDGE('',*,*,#1789,.T.);
#1878=ORIENTED_EDGE('',*,*,#1877,.F.);
#1879=ORIENTED_EDGE('',*,*,#1719,.F.);
#1880=ORIENTED_EDGE('',*,*,#1745,.T.);
#1881=EDGE_LOOP('',(#1876,#1878,#1879,#1880));
#1882=FACE_OUTER_BOUND('',#1881,.F.);
#1883=ADVANCED_FACE('',(#1882),#1875,.T.);
#1884=CARTESIAN_POINT('',(0.E0,5.6E0,0.E0));
#1885=DIRECTION('',(0.E0,0.E0,1.E0));
#1886=DIRECTION('',(0.E0,1.E0,0.E0));
#1887=AXIS2_PLACEMENT_3D('',#1884,#1885,#1886);
#1888=CYLINDRICAL_SURFACE('',#1887,4.05E0);
#1889=ORIENTED_EDGE('',*,*,#1862,.F.);
#1890=ORIENTED_EDGE('',*,*,#1764,.T.);
#1892=ORIENTED_EDGE('',*,*,#1891,.T.);
#1894=ORIENTED_EDGE('',*,*,#1893,.F.);
#1895=EDGE_LOOP('',(#1889,#1890,#1892,#1894));
#1896=FACE_OUTER_BOUND('',#1895,.F.);
#1897=ADVANCED_FACE('',(#1896),#1888,.T.);
#1898=CARTESIAN_POINT('',(-4.05E0,5.6E0,0.E0));
#1899=DIRECTION('',(-1.E0,0.E0,0.E0));
#1900=DIRECTION('',(0.E0,-1.E0,0.E0));
#1901=AXIS2_PLACEMENT_3D('',#1898,#1899,#1900);
#1902=PLANE('',#1901);
#1903=ORIENTED_EDGE('',*,*,#1787,.T.);
#1905=ORIENTED_EDGE('',*,*,#1904,.F.);
#1906=ORIENTED_EDGE('',*,*,#1721,.F.);
#1907=ORIENTED_EDGE('',*,*,#1877,.T.);
#1908=EDGE_LOOP('',(#1903,#1905,#1906,#1907));
#1909=FACE_OUTER_BOUND('',#1908,.F.);
#1910=ADVANCED_FACE('',(#1909),#1902,.T.);
#1911=CARTESIAN_POINT('',(-4.05E0,5.6E0,0.E0));
#1912=DIRECTION('',(-1.E0,0.E0,0.E0));
#1913=DIRECTION('',(0.E0,-1.E0,0.E0));
#1914=AXIS2_PLACEMENT_3D('',#1911,#1912,#1913);
#1915=PLANE('',#1914);
#1916=ORIENTED_EDGE('',*,*,#1864,.F.);
#1917=ORIENTED_EDGE('',*,*,#1893,.T.);
#1919=ORIENTED_EDGE('',*,*,#1918,.T.);
#1921=ORIENTED_EDGE('',*,*,#1920,.F.);
#1922=EDGE_LOOP('',(#1916,#1917,#1919,#1921));
#1923=FACE_OUTER_BOUND('',#1922,.F.);
#1924=ADVANCED_FACE('',(#1923),#1915,.T.);
#1925=CARTESIAN_POINT('',(0.E0,-5.6E0,0.E0));
#1926=DIRECTION('',(0.E0,0.E0,1.E0));
#1927=DIRECTION('',(0.E0,1.E0,0.E0));
#1928=AXIS2_PLACEMENT_3D('',#1925,#1926,#1927);
#1929=CYLINDRICAL_SURFACE('',#1928,4.05E0);
#1930=ORIENTED_EDGE('',*,*,#1785,.T.);
#1931=ORIENTED_EDGE('',*,*,#1748,.F.);
#1932=ORIENTED_EDGE('',*,*,#1723,.F.);
#1933=ORIENTED_EDGE('',*,*,#1904,.T.);
#1934=EDGE_LOOP('',(#1930,#1931,#1932,#1933));
#1935=FACE_OUTER_BOUND('',#1934,.F.);
#1936=ADVANCED_FACE('',(#1935),#1929,.T.);
#1937=CARTESIAN_POINT('',(0.E0,-5.6E0,0.E0));
#1938=DIRECTION('',(0.E0,0.E0,1.E0));
#1939=DIRECTION('',(0.E0,1.E0,0.E0));
#1940=AXIS2_PLACEMENT_3D('',#1937,#1938,#1939);
#1941=CYLINDRICAL_SURFACE('',#1940,4.05E0);
#1942=ORIENTED_EDGE('',*,*,#1866,.F.);
#1943=ORIENTED_EDGE('',*,*,#1920,.T.);
#1945=ORIENTED_EDGE('',*,*,#1944,.T.);
#1946=ORIENTED_EDGE('',*,*,#1760,.F.);
#1947=EDGE_LOOP('',(#1942,#1943,#1945,#1946));
#1948=FACE_OUTER_BOUND('',#1947,.F.);
#1949=ADVANCED_FACE('',(#1948),#1941,.T.);
#1950=CARTESIAN_POINT('',(0.E0,0.E0,1.39E1));
#1951=DIRECTION('',(0.E0,0.E0,1.E0));
#1952=DIRECTION('',(0.E0,1.E0,0.E0));
#1953=AXIS2_PLACEMENT_3D('',#1950,#1951,#1952);
#1954=PLANE('',#1953);
#1955=ORIENTED_EDGE('',*,*,#1762,.F.);
#1956=ORIENTED_EDGE('',*,*,#1944,.F.);
#1957=ORIENTED_EDGE('',*,*,#1918,.F.);
#1958=ORIENTED_EDGE('',*,*,#1891,.F.);
#1959=EDGE_LOOP('',(#1955,#1956,#1957,#1958));
#1960=FACE_OUTER_BOUND('',#1959,.F.);
#1962=ORIENTED_EDGE('',*,*,#1961,.T.);
#1964=ORIENTED_EDGE('',*,*,#1963,.T.);
#1966=ORIENTED_EDGE('',*,*,#1965,.T.);
#1968=ORIENTED_EDGE('',*,*,#1967,.T.);
#1969=EDGE_LOOP('',(#1962,#1964,#1966,#1968));
#1970=FACE_BOUND('',#1969,.F.);
#1971=ADVANCED_FACE('',(#1960,#1970),#1954,.T.);
#1972=CARTESIAN_POINT('',(-3.35E0,5.6E0,1.39E1));
#1973=DIRECTION('',(-1.E0,0.E0,0.E0));
#1974=DIRECTION('',(0.E0,-1.E0,0.E0));
#1975=AXIS2_PLACEMENT_3D('',#1972,#1973,#1974);
#1976=PLANE('',#1975);
#1977=ORIENTED_EDGE('',*,*,#1961,.F.);
#1979=ORIENTED_EDGE('',*,*,#1978,.T.);
#1981=ORIENTED_EDGE('',*,*,#1980,.T.);
#1983=ORIENTED_EDGE('',*,*,#1982,.F.);
#1984=EDGE_LOOP('',(#1977,#1979,#1981,#1983));
#1985=FACE_OUTER_BOUND('',#1984,.F.);
#1986=ADVANCED_FACE('',(#1985),#1976,.F.);
#1987=CARTESIAN_POINT('',(0.E0,5.6E0,1.39E1));
#1988=DIRECTION('',(0.E0,0.E0,1.E0));
#1989=DIRECTION('',(1.E0,0.E0,0.E0));
#1990=AXIS2_PLACEMENT_3D('',#1987,#1988,#1989);
#1991=CYLINDRICAL_SURFACE('',#1990,3.35E0);
#1992=ORIENTED_EDGE('',*,*,#1967,.F.);
#1994=ORIENTED_EDGE('',*,*,#1993,.T.);
#1996=ORIENTED_EDGE('',*,*,#1995,.T.);
#1997=ORIENTED_EDGE('',*,*,#1978,.F.);
#1998=EDGE_LOOP('',(#1992,#1994,#1996,#1997));
#1999=FACE_OUTER_BOUND('',#1998,.F.);
#2000=ADVANCED_FACE('',(#1999),#1991,.F.);
#2001=CARTESIAN_POINT('',(3.35E0,-5.6E0,1.39E1));
#2002=DIRECTION('',(1.E0,0.E0,0.E0));
#2003=DIRECTION('',(0.E0,1.E0,0.E0));
#2004=AXIS2_PLACEMENT_3D('',#2001,#2002,#2003);
#2005=PLANE('',#2004);
#2006=ORIENTED_EDGE('',*,*,#1965,.F.);
#2008=ORIENTED_EDGE('',*,*,#2007,.T.);
#2010=ORIENTED_EDGE('',*,*,#2009,.T.);
#2011=ORIENTED_EDGE('',*,*,#1993,.F.);
#2012=EDGE_LOOP('',(#2006,#2008,#2010,#2011));
#2013=FACE_OUTER_BOUND('',#2012,.F.);
#2014=ADVANCED_FACE('',(#2013),#2005,.F.);
#2015=CARTESIAN_POINT('',(0.E0,-5.6E0,1.39E1));
#2016=DIRECTION('',(0.E0,0.E0,1.E0));
#2017=DIRECTION('',(1.E0,0.E0,0.E0));
#2018=AXIS2_PLACEMENT_3D('',#2015,#2016,#2017);
#2019=CYLINDRICAL_SURFACE('',#2018,3.35E0);
#2020=ORIENTED_EDGE('',*,*,#1963,.F.);
#2021=ORIENTED_EDGE('',*,*,#1982,.T.);
#2023=ORIENTED_EDGE('',*,*,#2022,.T.);
#2024=ORIENTED_EDGE('',*,*,#2007,.F.);
#2025=EDGE_LOOP('',(#2020,#2021,#2023,#2024));
#2026=FACE_OUTER_BOUND('',#2025,.F.);
#2027=ADVANCED_FACE('',(#2026),#2019,.F.);
#2028=CARTESIAN_POINT('',(0.E0,0.E0,5.3E0));
#2029=DIRECTION('',(0.E0,0.E0,1.E0));
#2030=DIRECTION('',(0.E0,1.E0,0.E0));
#2031=AXIS2_PLACEMENT_3D('',#2028,#2029,#2030);
#2032=PLANE('',#2031);
#2033=ORIENTED_EDGE('',*,*,#1980,.F.);
#2034=ORIENTED_EDGE('',*,*,#1995,.F.);
#2035=ORIENTED_EDGE('',*,*,#2009,.F.);
#2036=ORIENTED_EDGE('',*,*,#2022,.F.);
#2037=EDGE_LOOP('',(#2033,#2034,#2035,#2036));
#2038=FACE_OUTER_BOUND('',#2037,.F.);
#2040=ORIENTED_EDGE('',*,*,#2039,.T.);
#2042=ORIENTED_EDGE('',*,*,#2041,.T.);
#2043=EDGE_LOOP('',(#2040,#2042));
#2044=FACE_BOUND('',#2043,.F.);
#2046=ORIENTED_EDGE('',*,*,#2045,.T.);
#2048=ORIENTED_EDGE('',*,*,#2047,.T.);
#2049=EDGE_LOOP('',(#2046,#2048));
#2050=FACE_BOUND('',#2049,.F.);
#2052=ORIENTED_EDGE('',*,*,#2051,.T.);
#2054=ORIENTED_EDGE('',*,*,#2053,.T.);
#2055=EDGE_LOOP('',(#2052,#2054));
#2056=FACE_BOUND('',#2055,.F.);
#2057=ADVANCED_FACE('',(#2038,#2044,#2050,#2056),#2032,.T.);
#2058=CARTESIAN_POINT('',(0.E0,-5.6E0,5.3E0));
#2059=DIRECTION('',(0.E0,0.E0,1.E0));
#2060=DIRECTION('',(1.E0,0.E0,0.E0));
#2061=AXIS2_PLACEMENT_3D('',#2058,#2059,#2060);
#2062=CYLINDRICAL_SURFACE('',#2061,2.E0);
#2064=ORIENTED_EDGE('',*,*,#2063,.T.);
#2066=ORIENTED_EDGE('',*,*,#2065,.T.);
#2068=ORIENTED_EDGE('',*,*,#2067,.T.);
#2070=ORIENTED_EDGE('',*,*,#2069,.F.);
#2072=ORIENTED_EDGE('',*,*,#2071,.T.);
#2074=ORIENTED_EDGE('',*,*,#2073,.T.);
#2076=ORIENTED_EDGE('',*,*,#2075,.T.);
#2078=ORIENTED_EDGE('',*,*,#2077,.F.);
#2080=ORIENTED_EDGE('',*,*,#2079,.T.);
#2082=ORIENTED_EDGE('',*,*,#2081,.F.);
#2083=ORIENTED_EDGE('',*,*,#2039,.F.);
#2085=ORIENTED_EDGE('',*,*,#2084,.T.);
#2086=EDGE_LOOP('',(#2064,#2066,#2068,#2070,#2072,#2074,#2076,#2078,#2080,#2082,
#2083,#2085));
#2087=FACE_OUTER_BOUND('',#2086,.F.);
#2088=ADVANCED_FACE('',(#2087),#2062,.T.);
#2089=CARTESIAN_POINT('',(0.E0,0.E0,8.9E0));
#2090=DIRECTION('',(0.E0,0.E0,1.E0));
#2091=DIRECTION('',(0.E0,1.E0,0.E0));
#2092=AXIS2_PLACEMENT_3D('',#2089,#2090,#2091);
#2093=PLANE('',#2092);
#2094=ORIENTED_EDGE('',*,*,#2063,.F.);
#2096=ORIENTED_EDGE('',*,*,#2095,.F.);
#2098=ORIENTED_EDGE('',*,*,#2097,.F.);
#2100=ORIENTED_EDGE('',*,*,#2099,.F.);
#2102=ORIENTED_EDGE('',*,*,#2101,.F.);
#2104=ORIENTED_EDGE('',*,*,#2103,.F.);
#2106=ORIENTED_EDGE('',*,*,#2105,.F.);
#2108=ORIENTED_EDGE('',*,*,#2107,.F.);
#2110=ORIENTED_EDGE('',*,*,#2109,.F.);
#2112=ORIENTED_EDGE('',*,*,#2111,.F.);
#2113=ORIENTED_EDGE('',*,*,#2079,.F.);
#2115=ORIENTED_EDGE('',*,*,#2114,.F.);
#2117=ORIENTED_EDGE('',*,*,#2116,.F.);
#2119=ORIENTED_EDGE('',*,*,#2118,.F.);
#2120=ORIENTED_EDGE('',*,*,#2071,.F.);
#2122=ORIENTED_EDGE('',*,*,#2121,.F.);
#2124=ORIENTED_EDGE('',*,*,#2123,.F.);
#2126=ORIENTED_EDGE('',*,*,#2125,.F.);
#2127=EDGE_LOOP('',(#2094,#2096,#2098,#2100,#2102,#2104,#2106,#2108,#2110,#2112,
#2113,#2115,#2117,#2119,#2120,#2122,#2124,#2126));
#2128=FACE_OUTER_BOUND('',#2127,.F.);
#2129=ADVANCED_FACE('',(#2128),#2093,.T.);
#2130=CARTESIAN_POINT('',(0.E0,0.E0,8.9E0));
#2131=DIRECTION('',(0.E0,0.E0,1.E0));
#2132=DIRECTION('',(0.E0,1.E0,0.E0));
#2133=AXIS2_PLACEMENT_3D('',#2130,#2131,#2132);
#2134=PLANE('',#2133);
#2136=ORIENTED_EDGE('',*,*,#2135,.F.);
#2138=ORIENTED_EDGE('',*,*,#2137,.F.);
#2140=ORIENTED_EDGE('',*,*,#2139,.F.);
#2142=ORIENTED_EDGE('',*,*,#2141,.F.);
#2144=ORIENTED_EDGE('',*,*,#2143,.F.);
#2146=ORIENTED_EDGE('',*,*,#2145,.F.);
#2148=ORIENTED_EDGE('',*,*,#2147,.F.);
#2150=ORIENTED_EDGE('',*,*,#2149,.F.);
#2152=ORIENTED_EDGE('',*,*,#2151,.F.);
#2154=ORIENTED_EDGE('',*,*,#2153,.F.);
#2156=ORIENTED_EDGE('',*,*,#2155,.F.);
#2158=ORIENTED_EDGE('',*,*,#2157,.F.);
#2160=ORIENTED_EDGE('',*,*,#2159,.F.);
#2162=ORIENTED_EDGE('',*,*,#2161,.F.);
#2164=ORIENTED_EDGE('',*,*,#2163,.F.);
#2166=ORIENTED_EDGE('',*,*,#2165,.F.);
#2168=ORIENTED_EDGE('',*,*,#2167,.F.);
#2170=ORIENTED_EDGE('',*,*,#2169,.F.);
#2171=EDGE_LOOP('',(#2136,#2138,#2140,#2142,#2144,#2146,#2148,#2150,#2152,#2154,
#2156,#2158,#2160,#2162,#2164,#2166,#2168,#2170));
#2172=FACE_OUTER_BOUND('',#2171,.F.);
#2173=ADVANCED_FACE('',(#2172),#2134,.T.);
#2174=CARTESIAN_POINT('',(0.E0,0.E0,8.9E0));
#2175=DIRECTION('',(0.E0,0.E0,1.E0));
#2176=DIRECTION('',(0.E0,1.E0,0.E0));
#2177=AXIS2_PLACEMENT_3D('',#2174,#2175,#2176);
#2178=PLANE('',#2177);
#2180=ORIENTED_EDGE('',*,*,#2179,.F.);
#2182=ORIENTED_EDGE('',*,*,#2181,.F.);
#2184=ORIENTED_EDGE('',*,*,#2183,.F.);
#2186=ORIENTED_EDGE('',*,*,#2185,.F.);
#2188=ORIENTED_EDGE('',*,*,#2187,.F.);
#2190=ORIENTED_EDGE('',*,*,#2189,.F.);
#2192=ORIENTED_EDGE('',*,*,#2191,.F.);
#2194=ORIENTED_EDGE('',*,*,#2193,.F.);
#2196=ORIENTED_EDGE('',*,*,#2195,.F.);
#2198=ORIENTED_EDGE('',*,*,#2197,.F.);
#2200=ORIENTED_EDGE('',*,*,#2199,.F.);
#2202=ORIENTED_EDGE('',*,*,#2201,.F.);
#2204=ORIENTED_EDGE('',*,*,#2203,.F.);
#2206=ORIENTED_EDGE('',*,*,#2205,.F.);
#2208=ORIENTED_EDGE('',*,*,#2207,.F.);
#2210=ORIENTED_EDGE('',*,*,#2209,.F.);
#2212=ORIENTED_EDGE('',*,*,#2211,.F.);
#2214=ORIENTED_EDGE('',*,*,#2213,.F.);
#2215=EDGE_LOOP('',(#2180,#2182,#2184,#2186,#2188,#2190,#2192,#2194,#2196,#2198,
#2200,#2202,#2204,#2206,#2208,#2210,#2212,#2214));
#2216=FACE_OUTER_BOUND('',#2215,.F.);
#2217=ADVANCED_FACE('',(#2216),#2178,.T.);
#2218=CARTESIAN_POINT('',(0.E0,-5.6E0,5.3E0));
#2219=DIRECTION('',(0.E0,0.E0,1.E0));
#2220=DIRECTION('',(1.E0,0.E0,0.E0));
#2221=AXIS2_PLACEMENT_3D('',#2218,#2219,#2220);
#2222=CYLINDRICAL_SURFACE('',#2221,2.E0);
#2223=ORIENTED_EDGE('',*,*,#2111,.T.);
#2225=ORIENTED_EDGE('',*,*,#2224,.T.);
#2227=ORIENTED_EDGE('',*,*,#2226,.T.);
#2229=ORIENTED_EDGE('',*,*,#2228,.F.);
#2230=ORIENTED_EDGE('',*,*,#2103,.T.);
#2232=ORIENTED_EDGE('',*,*,#2231,.T.);
#2234=ORIENTED_EDGE('',*,*,#2233,.T.);
#2236=ORIENTED_EDGE('',*,*,#2235,.F.);
#2237=ORIENTED_EDGE('',*,*,#2095,.T.);
#2238=ORIENTED_EDGE('',*,*,#2084,.F.);
#2239=ORIENTED_EDGE('',*,*,#2041,.F.);
#2240=ORIENTED_EDGE('',*,*,#2081,.T.);
#2241=EDGE_LOOP('',(#2223,#2225,#2227,#2229,#2230,#2232,#2234,#2236,#2237,#2238,
#2239,#2240));
#2242=FACE_OUTER_BOUND('',#2241,.F.);
#2243=ADVANCED_FACE('',(#2242),#2222,.T.);
#2244=CARTESIAN_POINT('',(-2.E0,-5.85E0,1.39E1));
#2245=DIRECTION('',(0.E0,-1.E0,0.E0));
#2246=DIRECTION('',(1.E0,0.E0,0.E0));
#2247=AXIS2_PLACEMENT_3D('',#2244,#2245,#2246);
#2248=PLANE('',#2247);
#2250=ORIENTED_EDGE('',*,*,#2249,.F.);
#2252=ORIENTED_EDGE('',*,*,#2251,.T.);
#2253=ORIENTED_EDGE('',*,*,#2224,.F.);
#2254=ORIENTED_EDGE('',*,*,#2109,.T.);
#2256=ORIENTED_EDGE('',*,*,#2255,.F.);
#2257=EDGE_LOOP('',(#2250,#2252,#2253,#2254,#2256));
#2258=FACE_OUTER_BOUND('',#2257,.F.);
#2259=ADVANCED_FACE('',(#2258),#2248,.F.);
#2260=CARTESIAN_POINT('',(0.E0,0.E0,1.26E1));
#2261=DIRECTION('',(0.E0,0.E0,1.E0));
#2262=DIRECTION('',(1.E0,0.E0,0.E0));
#2263=AXIS2_PLACEMENT_3D('',#2260,#2261,#2262);
#2264=PLANE('',#2263);
#2265=ORIENTED_EDGE('',*,*,#2249,.T.);
#2267=ORIENTED_EDGE('',*,*,#2266,.T.);
#2269=ORIENTED_EDGE('',*,*,#2268,.F.);
#2271=ORIENTED_EDGE('',*,*,#2270,.F.);
#2272=EDGE_LOOP('',(#2265,#2267,#2269,#2271));
#2273=FACE_OUTER_BOUND('',#2272,.F.);
#2274=ADVANCED_FACE('',(#2273),#2264,.T.);
#2275=CARTESIAN_POINT('',(0.E0,0.E0,1.26E1));
#2276=DIRECTION('',(0.E0,0.E0,1.E0));
#2277=DIRECTION('',(1.E0,0.E0,0.E0));
#2278=AXIS2_PLACEMENT_3D('',#2275,#2276,#2277);
#2279=PLANE('',#2278);
#2281=ORIENTED_EDGE('',*,*,#2280,.T.);
#2283=ORIENTED_EDGE('',*,*,#2282,.T.);
#2285=ORIENTED_EDGE('',*,*,#2284,.F.);
#2287=ORIENTED_EDGE('',*,*,#2286,.F.);
#2288=EDGE_LOOP('',(#2281,#2283,#2285,#2287));
#2289=FACE_OUTER_BOUND('',#2288,.F.);
#2290=ADVANCED_FACE('',(#2289),#2279,.T.);
#2291=CARTESIAN_POINT('',(0.E0,0.E0,1.26E1));
#2292=DIRECTION('',(0.E0,0.E0,1.E0));
#2293=DIRECTION('',(1.E0,0.E0,0.E0));
#2294=AXIS2_PLACEMENT_3D('',#2291,#2292,#2293);
#2295=PLANE('',#2294);
#2297=ORIENTED_EDGE('',*,*,#2296,.T.);
#2299=ORIENTED_EDGE('',*,*,#2298,.T.);
#2301=ORIENTED_EDGE('',*,*,#2300,.T.);
#2303=ORIENTED_EDGE('',*,*,#2302,.F.);
#2304=EDGE_LOOP('',(#2297,#2299,#2301,#2303));
#2305=FACE_OUTER_BOUND('',#2304,.F.);
#2306=ADVANCED_FACE('',(#2305),#2295,.T.);
#2307=CARTESIAN_POINT('',(0.E0,0.E0,1.26E1));
#2308=DIRECTION('',(0.E0,0.E0,1.E0));
#2309=DIRECTION('',(1.E0,0.E0,0.E0));
#2310=AXIS2_PLACEMENT_3D('',#2307,#2308,#2309);
#2311=PLANE('',#2310);
#2313=ORIENTED_EDGE('',*,*,#2312,.T.);
#2315=ORIENTED_EDGE('',*,*,#2314,.T.);
#2317=ORIENTED_EDGE('',*,*,#2316,.F.);
#2319=ORIENTED_EDGE('',*,*,#2318,.F.);
#2320=EDGE_LOOP('',(#2313,#2315,#2317,#2319));
#2321=FACE_OUTER_BOUND('',#2320,.F.);
#2322=ADVANCED_FACE('',(#2321),#2311,.T.);
#2323=CARTESIAN_POINT('',(0.E0,0.E0,1.26E1));
#2324=DIRECTION('',(0.E0,0.E0,1.E0));
#2325=DIRECTION('',(1.E0,0.E0,0.E0));
#2326=AXIS2_PLACEMENT_3D('',#2323,#2324,#2325);
#2327=PLANE('',#2326);
#2329=ORIENTED_EDGE('',*,*,#2328,.T.);
#2331=ORIENTED_EDGE('',*,*,#2330,.F.);
#2333=ORIENTED_EDGE('',*,*,#2332,.F.);
#2335=ORIENTED_EDGE('',*,*,#2334,.T.);
#2336=EDGE_LOOP('',(#2329,#2331,#2333,#2335));
#2337=FACE_OUTER_BOUND('',#2336,.F.);
#2338=ADVANCED_FACE('',(#2337),#2327,.T.);
#2339=CARTESIAN_POINT('',(0.E0,0.E0,1.26E1));
#2340=DIRECTION('',(0.E0,0.E0,1.E0));
#2341=DIRECTION('',(1.E0,0.E0,0.E0));
#2342=AXIS2_PLACEMENT_3D('',#2339,#2340,#2341);
#2343=PLANE('',#2342);
#2345=ORIENTED_EDGE('',*,*,#2344,.T.);
#2347=ORIENTED_EDGE('',*,*,#2346,.T.);
#2349=ORIENTED_EDGE('',*,*,#2348,.T.);
#2351=ORIENTED_EDGE('',*,*,#2350,.F.);
#2352=EDGE_LOOP('',(#2345,#2347,#2349,#2351));
#2353=FACE_OUTER_BOUND('',#2352,.F.);
#2354=ADVANCED_FACE('',(#2353),#2343,.T.);
#2355=CARTESIAN_POINT('',(0.E0,0.E0,1.26E1));
#2356=DIRECTION('',(0.E0,0.E0,1.E0));
#2357=DIRECTION('',(1.E0,0.E0,0.E0));
#2358=AXIS2_PLACEMENT_3D('',#2355,#2356,#2357);
#2359=PLANE('',#2358);
#2361=ORIENTED_EDGE('',*,*,#2360,.T.);
#2363=ORIENTED_EDGE('',*,*,#2362,.T.);
#2365=ORIENTED_EDGE('',*,*,#2364,.F.);
#2367=ORIENTED_EDGE('',*,*,#2366,.F.);
#2368=EDGE_LOOP('',(#2361,#2363,#2365,#2367));
#2369=FACE_OUTER_BOUND('',#2368,.F.);
#2370=ADVANCED_FACE('',(#2369),#2359,.T.);
#2371=CARTESIAN_POINT('',(0.E0,0.E0,1.26E1));
#2372=DIRECTION('',(0.E0,0.E0,1.E0));
#2373=DIRECTION('',(1.E0,0.E0,0.E0));
#2374=AXIS2_PLACEMENT_3D('',#2371,#2372,#2373);
#2375=PLANE('',#2374);
#2377=ORIENTED_EDGE('',*,*,#2376,.T.);
#2379=ORIENTED_EDGE('',*,*,#2378,.T.);
#2381=ORIENTED_EDGE('',*,*,#2380,.F.);
#2383=ORIENTED_EDGE('',*,*,#2382,.F.);
#2384=EDGE_LOOP('',(#2377,#2379,#2381,#2383));
#2385=FACE_OUTER_BOUND('',#2384,.F.);
#2386=ADVANCED_FACE('',(#2385),#2375,.T.);
#2387=CARTESIAN_POINT('',(0.E0,0.E0,1.26E1));
#2388=DIRECTION('',(0.E0,0.E0,1.E0));
#2389=DIRECTION('',(1.E0,0.E0,0.E0));
#2390=AXIS2_PLACEMENT_3D('',#2387,#2388,#2389);
#2391=PLANE('',#2390);
#2393=ORIENTED_EDGE('',*,*,#2392,.T.);
#2395=ORIENTED_EDGE('',*,*,#2394,.T.);
#2397=ORIENTED_EDGE('',*,*,#2396,.T.);
#2399=ORIENTED_EDGE('',*,*,#2398,.F.);
#2400=EDGE_LOOP('',(#2393,#2395,#2397,#2399));
#2401=FACE_OUTER_BOUND('',#2400,.F.);
#2402=ADVANCED_FACE('',(#2401),#2391,.T.);
#2403=CARTESIAN_POINT('',(0.E0,0.E0,1.26E1));
#2404=DIRECTION('',(0.E0,0.E0,1.E0));
#2405=DIRECTION('',(1.E0,0.E0,0.E0));
#2406=AXIS2_PLACEMENT_3D('',#2403,#2404,#2405);
#2407=PLANE('',#2406);
#2409=ORIENTED_EDGE('',*,*,#2408,.T.);
#2411=ORIENTED_EDGE('',*,*,#2410,.T.);
#2413=ORIENTED_EDGE('',*,*,#2412,.F.);
#2415=ORIENTED_EDGE('',*,*,#2414,.F.);
#2416=EDGE_LOOP('',(#2409,#2411,#2413,#2415));
#2417=FACE_OUTER_BOUND('',#2416,.F.);
#2418=ADVANCED_FACE('',(#2417),#2407,.T.);
#2419=CARTESIAN_POINT('',(0.E0,0.E0,1.26E1));
#2420=DIRECTION('',(0.E0,0.E0,1.E0));
#2421=DIRECTION('',(1.E0,0.E0,0.E0));
#2422=AXIS2_PLACEMENT_3D('',#2419,#2420,#2421);
#2423=PLANE('',#2422);
#2425=ORIENTED_EDGE('',*,*,#2424,.T.);
#2427=ORIENTED_EDGE('',*,*,#2426,.T.);
#2429=ORIENTED_EDGE('',*,*,#2428,.T.);
#2431=ORIENTED_EDGE('',*,*,#2430,.F.);
#2432=EDGE_LOOP('',(#2425,#2427,#2429,#2431));
#2433=FACE_OUTER_BOUND('',#2432,.F.);
#2434=ADVANCED_FACE('',(#2433),#2423,.T.);
#2435=CARTESIAN_POINT('',(0.E0,0.E0,1.26E1));
#2436=DIRECTION('',(0.E0,0.E0,1.E0));
#2437=DIRECTION('',(1.E0,0.E0,0.E0));
#2438=AXIS2_PLACEMENT_3D('',#2435,#2436,#2437);
#2439=PLANE('',#2438);
#2441=ORIENTED_EDGE('',*,*,#2440,.T.);
#2443=ORIENTED_EDGE('',*,*,#2442,.T.);
#2445=ORIENTED_EDGE('',*,*,#2444,.F.);
#2447=ORIENTED_EDGE('',*,*,#2446,.F.);
#2448=EDGE_LOOP('',(#2441,#2443,#2445,#2447));
#2449=FACE_OUTER_BOUND('',#2448,.F.);
#2450=ADVANCED_FACE('',(#2449),#2439,.T.);
#2451=CARTESIAN_POINT('',(0.E0,-5.6E0,1.39E1));
#2452=DIRECTION('',(0.E0,0.E0,1.E0));
#2453=DIRECTION('',(0.E0,1.E0,0.E0));
#2454=AXIS2_PLACEMENT_3D('',#2451,#2452,#2453);
#2455=CYLINDRICAL_SURFACE('',#2454,6.E-1);
#2456=ORIENTED_EDGE('',*,*,#2266,.F.);
#2457=ORIENTED_EDGE('',*,*,#2255,.T.);
#2458=ORIENTED_EDGE('',*,*,#2107,.T.);
#2460=ORIENTED_EDGE('',*,*,#2459,.F.);
#2461=EDGE_LOOP('',(#2456,#2457,#2458,#2460));
#2462=FACE_OUTER_BOUND('',#2461,.F.);
#2463=ADVANCED_FACE('',(#2462),#2455,.F.);
#2464=CARTESIAN_POINT('',(-2.5E-1,-6.145435605732E0,1.39E1));
#2465=DIRECTION('',(-1.E0,0.E0,0.E0));
#2466=DIRECTION('',(0.E0,-1.E0,0.E0));
#2467=AXIS2_PLACEMENT_3D('',#2464,#2465,#2466);
#2468=PLANE('',#2467);
#2469=ORIENTED_EDGE('',*,*,#2268,.T.);
#2470=ORIENTED_EDGE('',*,*,#2459,.T.);
#2471=ORIENTED_EDGE('',*,*,#2105,.T.);
#2472=ORIENTED_EDGE('',*,*,#2228,.T.);
#2474=ORIENTED_EDGE('',*,*,#2473,.T.);
#2475=EDGE_LOOP('',(#2469,#2470,#2471,#2472,#2474));
#2476=FACE_OUTER_BOUND('',#2475,.F.);
#2477=ADVANCED_FACE('',(#2476),#2468,.F.);
#2478=CARTESIAN_POINT('',(0.E0,-5.6E0,1.245E1));
#2479=DIRECTION('',(0.E0,0.E0,-1.E0));
#2480=DIRECTION('',(0.E0,-1.E0,0.E0));
#2481=AXIS2_PLACEMENT_3D('',#2478,#2479,#2480);
#2482=CONICAL_SURFACE('',#2481,1.85E0,4.5E1);
#2484=ORIENTED_EDGE('',*,*,#2483,.F.);
#2485=ORIENTED_EDGE('',*,*,#2286,.T.);
#2487=ORIENTED_EDGE('',*,*,#2486,.F.);
#2488=ORIENTED_EDGE('',*,*,#2233,.F.);
#2489=EDGE_LOOP('',(#2484,#2485,#2487,#2488));
#2490=FACE_OUTER_BOUND('',#2489,.F.);
#2491=ADVANCED_FACE('',(#2490),#2482,.T.);
#2492=CARTESIAN_POINT('',(0.E0,-5.6E0,1.245E1));
#2493=DIRECTION('',(0.E0,0.E0,-1.E0));
#2494=DIRECTION('',(0.E0,-1.E0,0.E0));
#2495=AXIS2_PLACEMENT_3D('',#2492,#2493,#2494);
#2496=CONICAL_SURFACE('',#2495,1.85E0,4.5E1);
#2497=ORIENTED_EDGE('',*,*,#2270,.T.);
#2498=ORIENTED_EDGE('',*,*,#2473,.F.);
#2499=ORIENTED_EDGE('',*,*,#2226,.F.);
#2500=ORIENTED_EDGE('',*,*,#2251,.F.);
#2501=EDGE_LOOP('',(#2497,#2498,#2499,#2500));
#2502=FACE_OUTER_BOUND('',#2501,.F.);
#2503=ADVANCED_FACE('',(#2502),#2496,.T.);
#2504=CARTESIAN_POINT('',(2.5E-1,-7.6E0,1.39E1));
#2505=DIRECTION('',(1.E0,0.E0,0.E0));
#2506=DIRECTION('',(0.E0,1.E0,0.E0));
#2507=AXIS2_PLACEMENT_3D('',#2504,#2505,#2506);
#2508=PLANE('',#2507);
#2509=ORIENTED_EDGE('',*,*,#2280,.F.);
#2510=ORIENTED_EDGE('',*,*,#2483,.T.);
#2511=ORIENTED_EDGE('',*,*,#2231,.F.);
#2512=ORIENTED_EDGE('',*,*,#2101,.T.);
#2514=ORIENTED_EDGE('',*,*,#2513,.F.);
#2515=EDGE_LOOP('',(#2509,#2510,#2511,#2512,#2514));
#2516=FACE_OUTER_BOUND('',#2515,.F.);
#2517=ADVANCED_FACE('',(#2516),#2508,.F.);
#2518=CARTESIAN_POINT('',(0.E0,-5.6E0,1.39E1));
#2519=DIRECTION('',(0.E0,0.E0,1.E0));
#2520=DIRECTION('',(0.E0,1.E0,0.E0));
#2521=AXIS2_PLACEMENT_3D('',#2518,#2519,#2520);
#2522=CYLINDRICAL_SURFACE('',#2521,6.E-1);
#2523=ORIENTED_EDGE('',*,*,#2282,.F.);
#2524=ORIENTED_EDGE('',*,*,#2513,.T.);
#2525=ORIENTED_EDGE('',*,*,#2099,.T.);
#2527=ORIENTED_EDGE('',*,*,#2526,.F.);
#2528=EDGE_LOOP('',(#2523,#2524,#2525,#2527));
#2529=FACE_OUTER_BOUND('',#2528,.F.);
#2530=ADVANCED_FACE('',(#2529),#2522,.F.);
#2531=CARTESIAN_POINT('',(5.454356057318E-1,-5.85E0,1.39E1));
#2532=DIRECTION('',(0.E0,-1.E0,0.E0));
#2533=DIRECTION('',(1.E0,0.E0,0.E0));
#2534=AXIS2_PLACEMENT_3D('',#2531,#2532,#2533);
#2535=PLANE('',#2534);
#2536=ORIENTED_EDGE('',*,*,#2284,.T.);
#2537=ORIENTED_EDGE('',*,*,#2526,.T.);
#2538=ORIENTED_EDGE('',*,*,#2097,.T.);
#2539=ORIENTED_EDGE('',*,*,#2235,.T.);
#2540=ORIENTED_EDGE('',*,*,#2486,.T.);
#2541=EDGE_LOOP('',(#2536,#2537,#2538,#2539,#2540));
#2542=FACE_OUTER_BOUND('',#2541,.F.);
#2543=ADVANCED_FACE('',(#2542),#2535,.F.);
#2544=CARTESIAN_POINT('',(2.E0,-5.35E0,1.39E1));
#2545=DIRECTION('',(0.E0,1.E0,0.E0));
#2546=DIRECTION('',(-1.E0,0.E0,0.E0));
#2547=AXIS2_PLACEMENT_3D('',#2544,#2545,#2546);
#2548=PLANE('',#2547);
#2549=ORIENTED_EDGE('',*,*,#2296,.F.);
#2551=ORIENTED_EDGE('',*,*,#2550,.T.);
#2552=ORIENTED_EDGE('',*,*,#2065,.F.);
#2553=ORIENTED_EDGE('',*,*,#2125,.T.);
#2555=ORIENTED_EDGE('',*,*,#2554,.F.);
#2556=EDGE_LOOP('',(#2549,#2551,#2552,#2553,#2555));
#2557=FACE_OUTER_BOUND('',#2556,.F.);
#2558=ADVANCED_FACE('',(#2557),#2548,.F.);
#2559=CARTESIAN_POINT('',(0.E0,-5.6E0,1.245E1));
#2560=DIRECTION('',(0.E0,0.E0,-1.E0));
#2561=DIRECTION('',(0.E0,-1.E0,0.E0));
#2562=AXIS2_PLACEMENT_3D('',#2559,#2560,#2561);
#2563=CONICAL_SURFACE('',#2562,1.85E0,4.5E1);
#2565=ORIENTED_EDGE('',*,*,#2564,.F.);
#2566=ORIENTED_EDGE('',*,*,#2318,.T.);
#2568=ORIENTED_EDGE('',*,*,#2567,.F.);
#2569=ORIENTED_EDGE('',*,*,#2075,.F.);
#2570=EDGE_LOOP('',(#2565,#2566,#2568,#2569));
#2571=FACE_OUTER_BOUND('',#2570,.F.);
#2572=ADVANCED_FACE('',(#2571),#2563,.T.);
#2573=CARTESIAN_POINT('',(0.E0,-5.6E0,1.245E1));
#2574=DIRECTION('',(0.E0,0.E0,-1.E0));
#2575=DIRECTION('',(0.E0,-1.E0,0.E0));
#2576=AXIS2_PLACEMENT_3D('',#2573,#2574,#2575);
#2577=CONICAL_SURFACE('',#2576,1.85E0,4.5E1);
#2578=ORIENTED_EDGE('',*,*,#2302,.T.);
#2580=ORIENTED_EDGE('',*,*,#2579,.F.);
#2581=ORIENTED_EDGE('',*,*,#2067,.F.);
#2582=ORIENTED_EDGE('',*,*,#2550,.F.);
#2583=EDGE_LOOP('',(#2578,#2580,#2581,#2582));
#2584=FACE_OUTER_BOUND('',#2583,.F.);
#2585=ADVANCED_FACE('',(#2584),#2577,.T.);
#2586=CARTESIAN_POINT('',(-2.5E-1,-3.6E0,1.39E1));
#2587=DIRECTION('',(-1.E0,0.E0,0.E0));
#2588=DIRECTION('',(0.E0,-1.E0,0.E0));
#2589=AXIS2_PLACEMENT_3D('',#2586,#2587,#2588);
#2590=PLANE('',#2589);
#2591=ORIENTED_EDGE('',*,*,#2312,.F.);
#2592=ORIENTED_EDGE('',*,*,#2564,.T.);
#2593=ORIENTED_EDGE('',*,*,#2073,.F.);
#2594=ORIENTED_EDGE('',*,*,#2118,.T.);
#2596=ORIENTED_EDGE('',*,*,#2595,.F.);
#2597=EDGE_LOOP('',(#2591,#2592,#2593,#2594,#2596));
#2598=FACE_OUTER_BOUND('',#2597,.F.);
#2599=ADVANCED_FACE('',(#2598),#2590,.F.);
#2600=CARTESIAN_POINT('',(0.E0,-5.6E0,1.39E1));
#2601=DIRECTION('',(0.E0,0.E0,1.E0));
#2602=DIRECTION('',(0.E0,1.E0,0.E0));
#2603=AXIS2_PLACEMENT_3D('',#2600,#2601,#2602);
#2604=CYLINDRICAL_SURFACE('',#2603,6.E-1);
#2605=ORIENTED_EDGE('',*,*,#2314,.F.);
#2606=ORIENTED_EDGE('',*,*,#2595,.T.);
#2607=ORIENTED_EDGE('',*,*,#2116,.T.);
#2609=ORIENTED_EDGE('',*,*,#2608,.F.);
#2610=EDGE_LOOP('',(#2605,#2606,#2607,#2609));
#2611=FACE_OUTER_BOUND('',#2610,.F.);
#2612=ADVANCED_FACE('',(#2611),#2604,.F.);
#2613=CARTESIAN_POINT('',(-5.454356057318E-1,-5.35E0,1.39E1));
#2614=DIRECTION('',(0.E0,1.E0,0.E0));
#2615=DIRECTION('',(-1.E0,0.E0,0.E0));
#2616=AXIS2_PLACEMENT_3D('',#2613,#2614,#2615);
#2617=PLANE('',#2616);
#2618=ORIENTED_EDGE('',*,*,#2316,.T.);
#2619=ORIENTED_EDGE('',*,*,#2608,.T.);
#2620=ORIENTED_EDGE('',*,*,#2114,.T.);
#2621=ORIENTED_EDGE('',*,*,#2077,.T.);
#2622=ORIENTED_EDGE('',*,*,#2567,.T.);
#2623=EDGE_LOOP('',(#2618,#2619,#2620,#2621,#2622));
#2624=FACE_OUTER_BOUND('',#2623,.F.);
#2625=ADVANCED_FACE('',(#2624),#2617,.F.);
#2626=CARTESIAN_POINT('',(2.5E-1,-5.054564394268E0,1.39E1));
#2627=DIRECTION('',(1.E0,0.E0,0.E0));
#2628=DIRECTION('',(0.E0,1.E0,0.E0));
#2629=AXIS2_PLACEMENT_3D('',#2626,#2627,#2628);
#2630=PLANE('',#2629);
#2631=ORIENTED_EDGE('',*,*,#2300,.F.);
#2633=ORIENTED_EDGE('',*,*,#2632,.T.);
#2634=ORIENTED_EDGE('',*,*,#2121,.T.);
#2635=ORIENTED_EDGE('',*,*,#2069,.T.);
#2636=ORIENTED_EDGE('',*,*,#2579,.T.);
#2637=EDGE_LOOP('',(#2631,#2633,#2634,#2635,#2636));
#2638=FACE_OUTER_BOUND('',#2637,.F.);
#2639=ADVANCED_FACE('',(#2638),#2630,.F.);
#2640=CARTESIAN_POINT('',(0.E0,-5.6E0,1.39E1));
#2641=DIRECTION('',(0.E0,0.E0,1.E0));
#2642=DIRECTION('',(0.E0,1.E0,0.E0));
#2643=AXIS2_PLACEMENT_3D('',#2640,#2641,#2642);
#2644=CYLINDRICAL_SURFACE('',#2643,6.E-1);
#2645=ORIENTED_EDGE('',*,*,#2298,.F.);
#2646=ORIENTED_EDGE('',*,*,#2554,.T.);
#2647=ORIENTED_EDGE('',*,*,#2123,.T.);
#2648=ORIENTED_EDGE('',*,*,#2632,.F.);
#2649=EDGE_LOOP('',(#2645,#2646,#2647,#2648));
#2650=FACE_OUTER_BOUND('',#2649,.F.);
#2651=ADVANCED_FACE('',(#2650),#2644,.F.);
#2652=CARTESIAN_POINT('',(0.E0,5.6E0,1.39E1));
#2653=DIRECTION('',(0.E0,0.E0,1.E0));
#2654=DIRECTION('',(0.E0,1.E0,0.E0));
#2655=AXIS2_PLACEMENT_3D('',#2652,#2653,#2654);
#2656=CYLINDRICAL_SURFACE('',#2655,6.E-1);
#2657=ORIENTED_EDGE('',*,*,#2328,.F.);
#2659=ORIENTED_EDGE('',*,*,#2658,.T.);
#2660=ORIENTED_EDGE('',*,*,#2159,.T.);
#2662=ORIENTED_EDGE('',*,*,#2661,.F.);
#2663=EDGE_LOOP('',(#2657,#2659,#2660,#2662));
#2664=FACE_OUTER_BOUND('',#2663,.F.);
#2665=ADVANCED_FACE('',(#2664),#2656,.F.);
#2666=CARTESIAN_POINT('',(-2.5E-1,7.6E0,1.39E1));
#2667=DIRECTION('',(-1.E0,0.E0,0.E0));
#2668=DIRECTION('',(0.E0,-1.E0,0.E0));
#2669=AXIS2_PLACEMENT_3D('',#2666,#2667,#2668);
#2670=PLANE('',#2669);
#2671=ORIENTED_EDGE('',*,*,#2334,.F.);
#2673=ORIENTED_EDGE('',*,*,#2672,.T.);
#2675=ORIENTED_EDGE('',*,*,#2674,.F.);
#2676=ORIENTED_EDGE('',*,*,#2161,.T.);
#2677=ORIENTED_EDGE('',*,*,#2658,.F.);
#2678=EDGE_LOOP('',(#2671,#2673,#2675,#2676,#2677));
#2679=FACE_OUTER_BOUND('',#2678,.F.);
#2680=ADVANCED_FACE('',(#2679),#2670,.F.);
#2681=CARTESIAN_POINT('',(0.E0,5.6E0,1.245E1));
#2682=DIRECTION('',(0.E0,0.E0,-1.E0));
#2683=DIRECTION('',(0.E0,-1.E0,0.E0));
#2684=AXIS2_PLACEMENT_3D('',#2681,#2682,#2683);
#2685=CONICAL_SURFACE('',#2684,1.85E0,4.5E1);
#2687=ORIENTED_EDGE('',*,*,#2686,.F.);
#2689=ORIENTED_EDGE('',*,*,#2688,.F.);
#2690=ORIENTED_EDGE('',*,*,#2672,.F.);
#2691=ORIENTED_EDGE('',*,*,#2332,.T.);
#2692=EDGE_LOOP('',(#2687,#2689,#2690,#2691));
#2693=FACE_OUTER_BOUND('',#2692,.F.);
#2694=ADVANCED_FACE('',(#2693),#2685,.T.);
#2695=CARTESIAN_POINT('',(0.E0,5.6E0,1.245E1));
#2696=DIRECTION('',(0.E0,0.E0,-1.E0));
#2697=DIRECTION('',(0.E0,-1.E0,0.E0));
#2698=AXIS2_PLACEMENT_3D('',#2695,#2696,#2697);
#2699=CONICAL_SURFACE('',#2698,1.85E0,4.5E1);
#2700=ORIENTED_EDGE('',*,*,#2382,.T.);
#2702=ORIENTED_EDGE('',*,*,#2701,.F.);
#2704=ORIENTED_EDGE('',*,*,#2703,.F.);
#2706=ORIENTED_EDGE('',*,*,#2705,.F.);
#2707=EDGE_LOOP('',(#2700,#2702,#2704,#2706));
#2708=FACE_OUTER_BOUND('',#2707,.F.);
#2709=ADVANCED_FACE('',(#2708),#2699,.T.);
#2710=CARTESIAN_POINT('',(-5.454356057318E-1,5.85E0,1.39E1));
#2711=DIRECTION('',(0.E0,1.E0,0.E0));
#2712=DIRECTION('',(-1.E0,0.E0,0.E0));
#2713=AXIS2_PLACEMENT_3D('',#2710,#2711,#2712);
#2714=PLANE('',#2713);
#2715=ORIENTED_EDGE('',*,*,#2330,.T.);
#2716=ORIENTED_EDGE('',*,*,#2661,.T.);
#2717=ORIENTED_EDGE('',*,*,#2157,.T.);
#2719=ORIENTED_EDGE('',*,*,#2718,.T.);
#2720=ORIENTED_EDGE('',*,*,#2686,.T.);
#2721=EDGE_LOOP('',(#2715,#2716,#2717,#2719,#2720));
#2722=FACE_OUTER_BOUND('',#2721,.F.);
#2723=ADVANCED_FACE('',(#2722),#2714,.F.);
#2724=CARTESIAN_POINT('',(0.E0,5.6E0,5.3E0));
#2725=DIRECTION('',(0.E0,0.E0,1.E0));
#2726=DIRECTION('',(1.E0,0.E0,0.E0));
#2727=AXIS2_PLACEMENT_3D('',#2724,#2725,#2726);
#2728=CYLINDRICAL_SURFACE('',#2727,2.E0);
#2729=ORIENTED_EDGE('',*,*,#2135,.T.);
#2731=ORIENTED_EDGE('',*,*,#2730,.T.);
#2732=ORIENTED_EDGE('',*,*,#2703,.T.);
#2734=ORIENTED_EDGE('',*,*,#2733,.F.);
#2735=ORIENTED_EDGE('',*,*,#2163,.T.);
#2736=ORIENTED_EDGE('',*,*,#2674,.T.);
#2737=ORIENTED_EDGE('',*,*,#2688,.T.);
#2738=ORIENTED_EDGE('',*,*,#2718,.F.);
#2739=ORIENTED_EDGE('',*,*,#2155,.T.);
#2741=ORIENTED_EDGE('',*,*,#2740,.F.);
#2742=ORIENTED_EDGE('',*,*,#2045,.F.);
#2744=ORIENTED_EDGE('',*,*,#2743,.T.);
#2745=EDGE_LOOP('',(#2729,#2731,#2732,#2734,#2735,#2736,#2737,#2738,#2739,#2741,
#2742,#2744));
#2746=FACE_OUTER_BOUND('',#2745,.F.);
#2747=ADVANCED_FACE('',(#2746),#2728,.T.);
#2748=CARTESIAN_POINT('',(2.E0,5.85E0,1.39E1));
#2749=DIRECTION('',(0.E0,1.E0,0.E0));
#2750=DIRECTION('',(-1.E0,0.E0,0.E0));
#2751=AXIS2_PLACEMENT_3D('',#2748,#2749,#2750);
#2752=PLANE('',#2751);
#2753=ORIENTED_EDGE('',*,*,#2376,.F.);
#2754=ORIENTED_EDGE('',*,*,#2705,.T.);
#2755=ORIENTED_EDGE('',*,*,#2730,.F.);
#2756=ORIENTED_EDGE('',*,*,#2169,.T.);
#2758=ORIENTED_EDGE('',*,*,#2757,.F.);
#2759=EDGE_LOOP('',(#2753,#2754,#2755,#2756,#2758));
#2760=FACE_OUTER_BOUND('',#2759,.F.);
#2761=ADVANCED_FACE('',(#2760),#2752,.F.);
#2762=CARTESIAN_POINT('',(0.E0,5.6E0,1.39E1));
#2763=DIRECTION('',(0.E0,0.E0,1.E0));
#2764=DIRECTION('',(0.E0,1.E0,0.E0));
#2765=AXIS2_PLACEMENT_3D('',#2762,#2763,#2764);
#2766=CYLINDRICAL_SURFACE('',#2765,6.E-1);
#2767=ORIENTED_EDGE('',*,*,#2378,.F.);
#2768=ORIENTED_EDGE('',*,*,#2757,.T.);
#2769=ORIENTED_EDGE('',*,*,#2167,.T.);
#2771=ORIENTED_EDGE('',*,*,#2770,.F.);
#2772=EDGE_LOOP('',(#2767,#2768,#2769,#2771));
#2773=FACE_OUTER_BOUND('',#2772,.F.);
#2774=ADVANCED_FACE('',(#2773),#2766,.F.);
#2775=CARTESIAN_POINT('',(2.5E-1,6.145435605732E0,1.39E1));
#2776=DIRECTION('',(1.E0,0.E0,0.E0));
#2777=DIRECTION('',(0.E0,1.E0,0.E0));
#2778=AXIS2_PLACEMENT_3D('',#2775,#2776,#2777);
#2779=PLANE('',#2778);
#2780=ORIENTED_EDGE('',*,*,#2380,.T.);
#2781=ORIENTED_EDGE('',*,*,#2770,.T.);
#2782=ORIENTED_EDGE('',*,*,#2165,.T.);
#2783=ORIENTED_EDGE('',*,*,#2733,.T.);
#2784=ORIENTED_EDGE('',*,*,#2701,.T.);
#2785=EDGE_LOOP('',(#2780,#2781,#2782,#2783,#2784));
#2786=FACE_OUTER_BOUND('',#2785,.F.);
#2787=ADVANCED_FACE('',(#2786),#2779,.F.);
#2788=CARTESIAN_POINT('',(0.E0,5.6E0,5.3E0));
#2789=DIRECTION('',(0.E0,0.E0,1.E0));
#2790=DIRECTION('',(1.E0,0.E0,0.E0));
#2791=AXIS2_PLACEMENT_3D('',#2788,#2789,#2790);
#2792=CYLINDRICAL_SURFACE('',#2791,2.E0);
#2793=ORIENTED_EDGE('',*,*,#2153,.T.);
#2795=ORIENTED_EDGE('',*,*,#2794,.T.);
#2797=ORIENTED_EDGE('',*,*,#2796,.T.);
#2799=ORIENTED_EDGE('',*,*,#2798,.F.);
#2800=ORIENTED_EDGE('',*,*,#2145,.T.);
#2802=ORIENTED_EDGE('',*,*,#2801,.T.);
#2804=ORIENTED_EDGE('',*,*,#2803,.T.);
#2806=ORIENTED_EDGE('',*,*,#2805,.F.);
#2807=ORIENTED_EDGE('',*,*,#2137,.T.);
#2808=ORIENTED_EDGE('',*,*,#2743,.F.);
#2809=ORIENTED_EDGE('',*,*,#2047,.F.);
#2810=ORIENTED_EDGE('',*,*,#2740,.T.);
#2811=EDGE_LOOP('',(#2793,#2795,#2797,#2799,#2800,#2802,#2804,#2806,#2807,#2808,
#2809,#2810));
#2812=FACE_OUTER_BOUND('',#2811,.F.);
#2813=ADVANCED_FACE('',(#2812),#2792,.T.);
#2814=CARTESIAN_POINT('',(-2.E0,5.35E0,1.39E1));
#2815=DIRECTION('',(0.E0,-1.E0,0.E0));
#2816=DIRECTION('',(1.E0,0.E0,0.E0));
#2817=AXIS2_PLACEMENT_3D('',#2814,#2815,#2816);
#2818=PLANE('',#2817);
#2819=ORIENTED_EDGE('',*,*,#2344,.F.);
#2821=ORIENTED_EDGE('',*,*,#2820,.T.);
#2822=ORIENTED_EDGE('',*,*,#2794,.F.);
#2823=ORIENTED_EDGE('',*,*,#2151,.T.);
#2825=ORIENTED_EDGE('',*,*,#2824,.F.);
#2826=EDGE_LOOP('',(#2819,#2821,#2822,#2823,#2825));
#2827=FACE_OUTER_BOUND('',#2826,.F.);
#2828=ADVANCED_FACE('',(#2827),#2818,.F.);
#2829=CARTESIAN_POINT('',(0.E0,5.6E0,1.245E1));
#2830=DIRECTION('',(0.E0,0.E0,-1.E0));
#2831=DIRECTION('',(0.E0,-1.E0,0.E0));
#2832=AXIS2_PLACEMENT_3D('',#2829,#2830,#2831);
#2833=CONICAL_SURFACE('',#2832,1.85E0,4.5E1);
#2835=ORIENTED_EDGE('',*,*,#2834,.F.);
#2836=ORIENTED_EDGE('',*,*,#2366,.T.);
#2838=ORIENTED_EDGE('',*,*,#2837,.F.);
#2839=ORIENTED_EDGE('',*,*,#2803,.F.);
#2840=EDGE_LOOP('',(#2835,#2836,#2838,#2839));
#2841=FACE_OUTER_BOUND('',#2840,.F.);
#2842=ADVANCED_FACE('',(#2841),#2833,.T.);
#2843=CARTESIAN_POINT('',(0.E0,5.6E0,1.245E1));
#2844=DIRECTION('',(0.E0,0.E0,-1.E0));
#2845=DIRECTION('',(0.E0,-1.E0,0.E0));
#2846=AXIS2_PLACEMENT_3D('',#2843,#2844,#2845);
#2847=CONICAL_SURFACE('',#2846,1.85E0,4.5E1);
#2848=ORIENTED_EDGE('',*,*,#2350,.T.);
#2850=ORIENTED_EDGE('',*,*,#2849,.F.);
#2851=ORIENTED_EDGE('',*,*,#2796,.F.);
#2852=ORIENTED_EDGE('',*,*,#2820,.F.);
#2853=EDGE_LOOP('',(#2848,#2850,#2851,#2852));
#2854=FACE_OUTER_BOUND('',#2853,.F.);
#2855=ADVANCED_FACE('',(#2854),#2847,.T.);
#2856=CARTESIAN_POINT('',(2.5E-1,3.6E0,1.39E1));
#2857=DIRECTION('',(1.E0,0.E0,0.E0));
#2858=DIRECTION('',(0.E0,1.E0,0.E0));
#2859=AXIS2_PLACEMENT_3D('',#2856,#2857,#2858);
#2860=PLANE('',#2859);
#2861=ORIENTED_EDGE('',*,*,#2360,.F.);
#2862=ORIENTED_EDGE('',*,*,#2834,.T.);
#2863=ORIENTED_EDGE('',*,*,#2801,.F.);
#2864=ORIENTED_EDGE('',*,*,#2143,.T.);
#2866=ORIENTED_EDGE('',*,*,#2865,.F.);
#2867=EDGE_LOOP('',(#2861,#2862,#2863,#2864,#2866));
#2868=FACE_OUTER_BOUND('',#2867,.F.);
#2869=ADVANCED_FACE('',(#2868),#2860,.F.);
#2870=CARTESIAN_POINT('',(0.E0,5.6E0,1.39E1));
#2871=DIRECTION('',(0.E0,0.E0,1.E0));
#2872=DIRECTION('',(0.E0,1.E0,0.E0));
#2873=AXIS2_PLACEMENT_3D('',#2870,#2871,#2872);
#2874=CYLINDRICAL_SURFACE('',#2873,6.E-1);
#2875=ORIENTED_EDGE('',*,*,#2362,.F.);
#2876=ORIENTED_EDGE('',*,*,#2865,.T.);
#2877=ORIENTED_EDGE('',*,*,#2141,.T.);
#2879=ORIENTED_EDGE('',*,*,#2878,.F.);
#2880=EDGE_LOOP('',(#2875,#2876,#2877,#2879));
#2881=FACE_OUTER_BOUND('',#2880,.F.);
#2882=ADVANCED_FACE('',(#2881),#2874,.F.);
#2883=CARTESIAN_POINT('',(5.454356057318E-1,5.35E0,1.39E1));
#2884=DIRECTION('',(0.E0,-1.E0,0.E0));
#2885=DIRECTION('',(1.E0,0.E0,0.E0));
#2886=AXIS2_PLACEMENT_3D('',#2883,#2884,#2885);
#2887=PLANE('',#2886);
#2888=ORIENTED_EDGE('',*,*,#2364,.T.);
#2889=ORIENTED_EDGE('',*,*,#2878,.T.);
#2890=ORIENTED_EDGE('',*,*,#2139,.T.);
#2891=ORIENTED_EDGE('',*,*,#2805,.T.);
#2892=ORIENTED_EDGE('',*,*,#2837,.T.);
#2893=EDGE_LOOP('',(#2888,#2889,#2890,#2891,#2892));
#2894=FACE_OUTER_BOUND('',#2893,.F.);
#2895=ADVANCED_FACE('',(#2894),#2887,.F.);
#2896=CARTESIAN_POINT('',(-2.5E-1,5.054564394268E0,1.39E1));
#2897=DIRECTION('',(-1.E0,0.E0,0.E0));
#2898=DIRECTION('',(0.E0,-1.E0,0.E0));
#2899=AXIS2_PLACEMENT_3D('',#2896,#2897,#2898);
#2900=PLANE('',#2899);
#2901=ORIENTED_EDGE('',*,*,#2348,.F.);
#2903=ORIENTED_EDGE('',*,*,#2902,.T.);
#2904=ORIENTED_EDGE('',*,*,#2147,.T.);
#2905=ORIENTED_EDGE('',*,*,#2798,.T.);
#2906=ORIENTED_EDGE('',*,*,#2849,.T.);
#2907=EDGE_LOOP('',(#2901,#2903,#2904,#2905,#2906));
#2908=FACE_OUTER_BOUND('',#2907,.F.);
#2909=ADVANCED_FACE('',(#2908),#2900,.F.);
#2910=CARTESIAN_POINT('',(0.E0,5.6E0,1.39E1));
#2911=DIRECTION('',(0.E0,0.E0,1.E0));
#2912=DIRECTION('',(0.E0,1.E0,0.E0));
#2913=AXIS2_PLACEMENT_3D('',#2910,#2911,#2912);
#2914=CYLINDRICAL_SURFACE('',#2913,6.E-1);
#2915=ORIENTED_EDGE('',*,*,#2346,.F.);
#2916=ORIENTED_EDGE('',*,*,#2824,.T.);
#2917=ORIENTED_EDGE('',*,*,#2149,.T.);
#2918=ORIENTED_EDGE('',*,*,#2902,.F.);
#2919=EDGE_LOOP('',(#2915,#2916,#2917,#2918));
#2920=FACE_OUTER_BOUND('',#2919,.F.);
#2921=ADVANCED_FACE('',(#2920),#2914,.F.);
#2922=CARTESIAN_POINT('',(-2.E0,-2.5E-1,1.39E1));
#2923=DIRECTION('',(0.E0,-1.E0,0.E0));
#2924=DIRECTION('',(1.E0,0.E0,0.E0));
#2925=AXIS2_PLACEMENT_3D('',#2922,#2923,#2924);
#2926=PLANE('',#2925);
#2927=ORIENTED_EDGE('',*,*,#2392,.F.);
#2929=ORIENTED_EDGE('',*,*,#2928,.T.);
#2931=ORIENTED_EDGE('',*,*,#2930,.F.);
#2932=ORIENTED_EDGE('',*,*,#2195,.T.);
#2934=ORIENTED_EDGE('',*,*,#2933,.F.);
#2935=EDGE_LOOP('',(#2927,#2929,#2931,#2932,#2934));
#2936=FACE_OUTER_BOUND('',#2935,.F.);
#2937=ADVANCED_FACE('',(#2936),#2926,.F.);
#2938=CARTESIAN_POINT('',(0.E0,0.E0,1.245E1));
#2939=DIRECTION('',(0.E0,0.E0,-1.E0));
#2940=DIRECTION('',(0.E0,-1.E0,0.E0));
#2941=AXIS2_PLACEMENT_3D('',#2938,#2939,#2940);
#2942=CONICAL_SURFACE('',#2941,1.85E0,4.5E1);
#2943=ORIENTED_EDGE('',*,*,#2928,.F.);
#2944=ORIENTED_EDGE('',*,*,#2398,.T.);
#2946=ORIENTED_EDGE('',*,*,#2945,.F.);
#2948=ORIENTED_EDGE('',*,*,#2947,.F.);
#2949=EDGE_LOOP('',(#2943,#2944,#2946,#2948));
#2950=FACE_OUTER_BOUND('',#2949,.F.);
#2951=ADVANCED_FACE('',(#2950),#2942,.T.);
#2952=CARTESIAN_POINT('',(0.E0,0.E0,1.245E1));
#2953=DIRECTION('',(0.E0,0.E0,-1.E0));
#2954=DIRECTION('',(0.E0,-1.E0,0.E0));
#2955=AXIS2_PLACEMENT_3D('',#2952,#2953,#2954);
#2956=CONICAL_SURFACE('',#2955,1.85E0,4.5E1);
#2958=ORIENTED_EDGE('',*,*,#2957,.F.);
#2959=ORIENTED_EDGE('',*,*,#2414,.T.);
#2961=ORIENTED_EDGE('',*,*,#2960,.F.);
#2963=ORIENTED_EDGE('',*,*,#2962,.F.);
#2964=EDGE_LOOP('',(#2958,#2959,#2961,#2963));
#2965=FACE_OUTER_BOUND('',#2964,.F.);
#2966=ADVANCED_FACE('',(#2965),#2956,.T.);
#2967=CARTESIAN_POINT('',(-2.5E-1,-5.454356057318E-1,1.39E1));
#2968=DIRECTION('',(-1.E0,0.E0,0.E0));
#2969=DIRECTION('',(0.E0,-1.E0,0.E0));
#2970=AXIS2_PLACEMENT_3D('',#2967,#2968,#2969);
#2971=PLANE('',#2970);
#2972=ORIENTED_EDGE('',*,*,#2396,.F.);
#2974=ORIENTED_EDGE('',*,*,#2973,.T.);
#2975=ORIENTED_EDGE('',*,*,#2191,.T.);
#2977=ORIENTED_EDGE('',*,*,#2976,.T.);
#2978=ORIENTED_EDGE('',*,*,#2945,.T.);
#2979=EDGE_LOOP('',(#2972,#2974,#2975,#2977,#2978));
#2980=FACE_OUTER_BOUND('',#2979,.F.);
#2981=ADVANCED_FACE('',(#2980),#2971,.F.);
#2982=CARTESIAN_POINT('',(0.E0,0.E0,1.39E1));
#2983=DIRECTION('',(0.E0,0.E0,1.E0));
#2984=DIRECTION('',(0.E0,1.E0,0.E0));
#2985=AXIS2_PLACEMENT_3D('',#2982,#2983,#2984);
#2986=CYLINDRICAL_SURFACE('',#2985,6.E-1);
#2987=ORIENTED_EDGE('',*,*,#2394,.F.);
#2988=ORIENTED_EDGE('',*,*,#2933,.T.);
#2989=ORIENTED_EDGE('',*,*,#2193,.T.);
#2990=ORIENTED_EDGE('',*,*,#2973,.F.);
#2991=EDGE_LOOP('',(#2987,#2988,#2989,#2990));
#2992=FACE_OUTER_BOUND('',#2991,.F.);
#2993=ADVANCED_FACE('',(#2992),#2986,.F.);
#2994=CARTESIAN_POINT('',(0.E0,0.E0,5.3E0));
#2995=DIRECTION('',(0.E0,0.E0,1.E0));
#2996=DIRECTION('',(1.E0,0.E0,0.E0));
#2997=AXIS2_PLACEMENT_3D('',#2994,#2995,#2996);
#2998=CYLINDRICAL_SURFACE('',#2997,2.E0);
#2999=ORIENTED_EDGE('',*,*,#2197,.T.);
#3000=ORIENTED_EDGE('',*,*,#2930,.T.);
#3001=ORIENTED_EDGE('',*,*,#2947,.T.);
#3002=ORIENTED_EDGE('',*,*,#2976,.F.);
#3003=ORIENTED_EDGE('',*,*,#2189,.T.);
#3005=ORIENTED_EDGE('',*,*,#3004,.T.);
#3006=ORIENTED_EDGE('',*,*,#2962,.T.);
#3008=ORIENTED_EDGE('',*,*,#3007,.F.);
#3009=ORIENTED_EDGE('',*,*,#2181,.T.);
#3011=ORIENTED_EDGE('',*,*,#3010,.F.);
#3012=ORIENTED_EDGE('',*,*,#2053,.F.);
#3014=ORIENTED_EDGE('',*,*,#3013,.T.);
#3015=EDGE_LOOP('',(#2999,#3000,#3001,#3002,#3003,#3005,#3006,#3008,#3009,#3011,
#3012,#3014));
#3016=FACE_OUTER_BOUND('',#3015,.F.);
#3017=ADVANCED_FACE('',(#3016),#2998,.T.);
#3018=CARTESIAN_POINT('',(2.5E-1,-2.E0,1.39E1));
#3019=DIRECTION('',(1.E0,0.E0,0.E0));
#3020=DIRECTION('',(0.E0,1.E0,0.E0));
#3021=AXIS2_PLACEMENT_3D('',#3018,#3019,#3020);
#3022=PLANE('',#3021);
#3023=ORIENTED_EDGE('',*,*,#2408,.F.);
#3024=ORIENTED_EDGE('',*,*,#2957,.T.);
#3025=ORIENTED_EDGE('',*,*,#3004,.F.);
#3026=ORIENTED_EDGE('',*,*,#2187,.T.);
#3028=ORIENTED_EDGE('',*,*,#3027,.F.);
#3029=EDGE_LOOP('',(#3023,#3024,#3025,#3026,#3028));
#3030=FACE_OUTER_BOUND('',#3029,.F.);
#3031=ADVANCED_FACE('',(#3030),#3022,.F.);
#3032=CARTESIAN_POINT('',(0.E0,0.E0,1.39E1));
#3033=DIRECTION('',(0.E0,0.E0,1.E0));
#3034=DIRECTION('',(0.E0,1.E0,0.E0));
#3035=AXIS2_PLACEMENT_3D('',#3032,#3033,#3034);
#3036=CYLINDRICAL_SURFACE('',#3035,6.E-1);
#3037=ORIENTED_EDGE('',*,*,#2410,.F.);
#3038=ORIENTED_EDGE('',*,*,#3027,.T.);
#3039=ORIENTED_EDGE('',*,*,#2185,.T.);
#3041=ORIENTED_EDGE('',*,*,#3040,.F.);
#3042=EDGE_LOOP('',(#3037,#3038,#3039,#3041));
#3043=FACE_OUTER_BOUND('',#3042,.F.);
#3044=ADVANCED_FACE('',(#3043),#3036,.F.);
#3045=CARTESIAN_POINT('',(5.454356057318E-1,-2.5E-1,1.39E1));
#3046=DIRECTION('',(0.E0,-1.E0,0.E0));
#3047=DIRECTION('',(1.E0,0.E0,0.E0));
#3048=AXIS2_PLACEMENT_3D('',#3045,#3046,#3047);
#3049=PLANE('',#3048);
#3050=ORIENTED_EDGE('',*,*,#2412,.T.);
#3051=ORIENTED_EDGE('',*,*,#3040,.T.);
#3052=ORIENTED_EDGE('',*,*,#2183,.T.);
#3053=ORIENTED_EDGE('',*,*,#3007,.T.);
#3054=ORIENTED_EDGE('',*,*,#2960,.T.);
#3055=EDGE_LOOP('',(#3050,#3051,#3052,#3053,#3054));
#3056=FACE_OUTER_BOUND('',#3055,.F.);
#3057=ADVANCED_FACE('',(#3056),#3049,.F.);
#3058=CARTESIAN_POINT('',(0.E0,0.E0,5.3E0));
#3059=DIRECTION('',(0.E0,0.E0,1.E0));
#3060=DIRECTION('',(1.E0,0.E0,0.E0));
#3061=AXIS2_PLACEMENT_3D('',#3058,#3059,#3060);
#3062=CYLINDRICAL_SURFACE('',#3061,2.E0);
#3063=ORIENTED_EDGE('',*,*,#2179,.T.);
#3065=ORIENTED_EDGE('',*,*,#3064,.T.);
#3067=ORIENTED_EDGE('',*,*,#3066,.T.);
#3069=ORIENTED_EDGE('',*,*,#3068,.F.);
#3070=ORIENTED_EDGE('',*,*,#2207,.T.);
#3072=ORIENTED_EDGE('',*,*,#3071,.T.);
#3074=ORIENTED_EDGE('',*,*,#3073,.T.);
#3076=ORIENTED_EDGE('',*,*,#3075,.F.);
#3077=ORIENTED_EDGE('',*,*,#2199,.T.);
#3078=ORIENTED_EDGE('',*,*,#3013,.F.);
#3079=ORIENTED_EDGE('',*,*,#2051,.F.);
#3080=ORIENTED_EDGE('',*,*,#3010,.T.);
#3081=EDGE_LOOP('',(#3063,#3065,#3067,#3069,#3070,#3072,#3074,#3076,#3077,#3078,
#3079,#3080));
#3082=FACE_OUTER_BOUND('',#3081,.F.);
#3083=ADVANCED_FACE('',(#3082),#3062,.T.);
#3084=CARTESIAN_POINT('',(2.E0,2.5E-1,1.39E1));
#3085=DIRECTION('',(0.E0,1.E0,0.E0));
#3086=DIRECTION('',(-1.E0,0.E0,0.E0));
#3087=AXIS2_PLACEMENT_3D('',#3084,#3085,#3086);
#3088=PLANE('',#3087);
#3089=ORIENTED_EDGE('',*,*,#2424,.F.);
#3091=ORIENTED_EDGE('',*,*,#3090,.T.);
#3092=ORIENTED_EDGE('',*,*,#3064,.F.);
#3093=ORIENTED_EDGE('',*,*,#2213,.T.);
#3095=ORIENTED_EDGE('',*,*,#3094,.F.);
#3096=EDGE_LOOP('',(#3089,#3091,#3092,#3093,#3095));
#3097=FACE_OUTER_BOUND('',#3096,.F.);
#3098=ADVANCED_FACE('',(#3097),#3088,.F.);
#3099=CARTESIAN_POINT('',(0.E0,0.E0,1.245E1));
#3100=DIRECTION('',(0.E0,0.E0,-1.E0));
#3101=DIRECTION('',(0.E0,-1.E0,0.E0));
#3102=AXIS2_PLACEMENT_3D('',#3099,#3100,#3101);
#3103=CONICAL_SURFACE('',#3102,1.85E0,4.5E1);
#3104=ORIENTED_EDGE('',*,*,#3090,.F.);
#3105=ORIENTED_EDGE('',*,*,#2430,.T.);
#3107=ORIENTED_EDGE('',*,*,#3106,.F.);
#3108=ORIENTED_EDGE('',*,*,#3066,.F.);
#3109=EDGE_LOOP('',(#3104,#3105,#3107,#3108));
#3110=FACE_OUTER_BOUND('',#3109,.F.);
#3111=ADVANCED_FACE('',(#3110),#3103,.T.);
#3112=CARTESIAN_POINT('',(0.E0,0.E0,1.245E1));
#3113=DIRECTION('',(0.E0,0.E0,-1.E0));
#3114=DIRECTION('',(0.E0,-1.E0,0.E0));
#3115=AXIS2_PLACEMENT_3D('',#3112,#3113,#3114);
#3116=CONICAL_SURFACE('',#3115,1.85E0,4.5E1);
#3118=ORIENTED_EDGE('',*,*,#3117,.F.);
#3119=ORIENTED_EDGE('',*,*,#2446,.T.);
#3121=ORIENTED_EDGE('',*,*,#3120,.F.);
#3122=ORIENTED_EDGE('',*,*,#3073,.F.);
#3123=EDGE_LOOP('',(#3118,#3119,#3121,#3122));
#3124=FACE_OUTER_BOUND('',#3123,.F.);
#3125=ADVANCED_FACE('',(#3124),#3116,.T.);
#3126=CARTESIAN_POINT('',(2.5E-1,5.454356057318E-1,1.39E1));
#3127=DIRECTION('',(1.E0,0.E0,0.E0));
#3128=DIRECTION('',(0.E0,1.E0,0.E0));
#3129=AXIS2_PLACEMENT_3D('',#3126,#3127,#3128);
#3130=PLANE('',#3129);
#3131=ORIENTED_EDGE('',*,*,#2428,.F.);
#3133=ORIENTED_EDGE('',*,*,#3132,.T.);
#3134=ORIENTED_EDGE('',*,*,#2209,.T.);
#3135=ORIENTED_EDGE('',*,*,#3068,.T.);
#3136=ORIENTED_EDGE('',*,*,#3106,.T.);
#3137=EDGE_LOOP('',(#3131,#3133,#3134,#3135,#3136));
#3138=FACE_OUTER_BOUND('',#3137,.F.);
#3139=ADVANCED_FACE('',(#3138),#3130,.F.);
#3140=CARTESIAN_POINT('',(0.E0,0.E0,1.39E1));
#3141=DIRECTION('',(0.E0,0.E0,1.E0));
#3142=DIRECTION('',(0.E0,1.E0,0.E0));
#3143=AXIS2_PLACEMENT_3D('',#3140,#3141,#3142);
#3144=CYLINDRICAL_SURFACE('',#3143,6.E-1);
#3145=ORIENTED_EDGE('',*,*,#2426,.F.);
#3146=ORIENTED_EDGE('',*,*,#3094,.T.);
#3147=ORIENTED_EDGE('',*,*,#2211,.T.);
#3148=ORIENTED_EDGE('',*,*,#3132,.F.);
#3149=EDGE_LOOP('',(#3145,#3146,#3147,#3148));
#3150=FACE_OUTER_BOUND('',#3149,.F.);
#3151=ADVANCED_FACE('',(#3150),#3144,.F.);
#3152=CARTESIAN_POINT('',(-2.5E-1,2.E0,1.39E1));
#3153=DIRECTION('',(-1.E0,0.E0,0.E0));
#3154=DIRECTION('',(0.E0,-1.E0,0.E0));
#3155=AXIS2_PLACEMENT_3D('',#3152,#3153,#3154);
#3156=PLANE('',#3155);
#3157=ORIENTED_EDGE('',*,*,#2440,.F.);
#3158=ORIENTED_EDGE('',*,*,#3117,.T.);
#3159=ORIENTED_EDGE('',*,*,#3071,.F.);
#3160=ORIENTED_EDGE('',*,*,#2205,.T.);
#3162=ORIENTED_EDGE('',*,*,#3161,.F.);
#3163=EDGE_LOOP('',(#3157,#3158,#3159,#3160,#3162));
#3164=FACE_OUTER_BOUND('',#3163,.F.);
#3165=ADVANCED_FACE('',(#3164),#3156,.F.);
#3166=CARTESIAN_POINT('',(0.E0,0.E0,1.39E1));
#3167=DIRECTION('',(0.E0,0.E0,1.E0));
#3168=DIRECTION('',(0.E0,1.E0,0.E0));
#3169=AXIS2_PLACEMENT_3D('',#3166,#3167,#3168);
#3170=CYLINDRICAL_SURFACE('',#3169,6.E-1);
#3171=ORIENTED_EDGE('',*,*,#2442,.F.);
#3172=ORIENTED_EDGE('',*,*,#3161,.T.);
#3173=ORIENTED_EDGE('',*,*,#2203,.T.);
#3175=ORIENTED_EDGE('',*,*,#3174,.F.);
#3176=EDGE_LOOP('',(#3171,#3172,#3173,#3175));
#3177=FACE_OUTER_BOUND('',#3176,.F.);
#3178=ADVANCED_FACE('',(#3177),#3170,.F.);
#3179=CARTESIAN_POINT('',(-5.454356057318E-1,2.5E-1,1.39E1));
#3180=DIRECTION('',(0.E0,1.E0,0.E0));
#3181=DIRECTION('',(-1.E0,0.E0,0.E0));
#3182=AXIS2_PLACEMENT_3D('',#3179,#3180,#3181);
#3183=PLANE('',#3182);
#3184=ORIENTED_EDGE('',*,*,#2444,.T.);
#3185=ORIENTED_EDGE('',*,*,#3174,.T.);
#3186=ORIENTED_EDGE('',*,*,#2201,.T.);
#3187=ORIENTED_EDGE('',*,*,#3075,.T.);
#3188=ORIENTED_EDGE('',*,*,#3120,.T.);
#3189=EDGE_LOOP('',(#3184,#3185,#3186,#3187,#3188));
#3190=FACE_OUTER_BOUND('',#3189,.F.);
#3191=ADVANCED_FACE('',(#3190),#3183,.F.);
#3192=CARTESIAN_POINT('',(3.35E0,5.6E0,0.E0));
#3193=DIRECTION('',(1.E0,0.E0,0.E0));
#3194=DIRECTION('',(0.E0,-1.E0,0.E0));
#3195=AXIS2_PLACEMENT_3D('',#3192,#3193,#3194);
#3196=PLANE('',#3195);
#3197=ORIENTED_EDGE('',*,*,#1727,.F.);
#3199=ORIENTED_EDGE('',*,*,#3198,.T.);
#3201=ORIENTED_EDGE('',*,*,#3200,.T.);
#3203=ORIENTED_EDGE('',*,*,#3202,.F.);
#3204=EDGE_LOOP('',(#3197,#3199,#3201,#3203));
#3205=FACE_OUTER_BOUND('',#3204,.F.);
#3206=ADVANCED_FACE('',(#3205),#3196,.F.);
#3207=CARTESIAN_POINT('',(0.E0,5.6E0,0.E0));
#3208=DIRECTION('',(0.E0,0.E0,-1.E0));
#3209=DIRECTION('',(-1.E0,0.E0,0.E0));
#3210=AXIS2_PLACEMENT_3D('',#3207,#3208,#3209);
#3211=CYLINDRICAL_SURFACE('',#3210,3.35E0);
#3212=ORIENTED_EDGE('',*,*,#1733,.F.);
#3214=ORIENTED_EDGE('',*,*,#3213,.T.);
#3216=ORIENTED_EDGE('',*,*,#3215,.T.);
#3217=ORIENTED_EDGE('',*,*,#3198,.F.);
#3218=EDGE_LOOP('',(#3212,#3214,#3216,#3217));
#3219=FACE_OUTER_BOUND('',#3218,.F.);
#3220=ADVANCED_FACE('',(#3219),#3211,.F.);
#3221=CARTESIAN_POINT('',(-3.35E0,-5.6E0,0.E0));
#3222=DIRECTION('',(-1.E0,0.E0,0.E0));
#3223=DIRECTION('',(0.E0,1.E0,0.E0));
#3224=AXIS2_PLACEMENT_3D('',#3221,#3222,#3223);
#3225=PLANE('',#3224);
#3226=ORIENTED_EDGE('',*,*,#1731,.F.);
#3228=ORIENTED_EDGE('',*,*,#3227,.T.);
#3230=ORIENTED_EDGE('',*,*,#3229,.T.);
#3231=ORIENTED_EDGE('',*,*,#3213,.F.);
#3232=EDGE_LOOP('',(#3226,#3228,#3230,#3231));
#3233=FACE_OUTER_BOUND('',#3232,.F.);
#3234=ADVANCED_FACE('',(#3233),#3225,.F.);
#3235=CARTESIAN_POINT('',(0.E0,-5.6E0,0.E0));
#3236=DIRECTION('',(0.E0,0.E0,-1.E0));
#3237=DIRECTION('',(-1.E0,0.E0,0.E0));
#3238=AXIS2_PLACEMENT_3D('',#3235,#3236,#3237);
#3239=CYLINDRICAL_SURFACE('',#3238,3.35E0);
#3240=ORIENTED_EDGE('',*,*,#1729,.F.);
#3241=ORIENTED_EDGE('',*,*,#3202,.T.);
#3243=ORIENTED_EDGE('',*,*,#3242,.T.);
#3244=ORIENTED_EDGE('',*,*,#3227,.F.);
#3245=EDGE_LOOP('',(#3240,#3241,#3243,#3244));
#3246=FACE_OUTER_BOUND('',#3245,.F.);
#3247=ADVANCED_FACE('',(#3246),#3239,.F.);
#3248=CARTESIAN_POINT('',(0.E0,0.E0,1.5E0));
#3249=DIRECTION('',(0.E0,0.E0,-1.E0));
#3250=DIRECTION('',(-1.E0,0.E0,0.E0));
#3251=AXIS2_PLACEMENT_3D('',#3248,#3249,#3250);
#3252=PLANE('',#3251);
#3253=ORIENTED_EDGE('',*,*,#3200,.F.);
#3254=ORIENTED_EDGE('',*,*,#3215,.F.);
#3255=ORIENTED_EDGE('',*,*,#3229,.F.);
#3256=ORIENTED_EDGE('',*,*,#3242,.F.);
#3257=EDGE_LOOP('',(#3253,#3254,#3255,#3256));
#3258=FACE_OUTER_BOUND('',#3257,.F.);
#3260=ORIENTED_EDGE('',*,*,#3259,.T.);
#3262=ORIENTED_EDGE('',*,*,#3261,.T.);
#3263=EDGE_LOOP('',(#3260,#3262));
#3264=FACE_BOUND('',#3263,.F.);
#3266=ORIENTED_EDGE('',*,*,#3265,.T.);
#3268=ORIENTED_EDGE('',*,*,#3267,.T.);
#3269=EDGE_LOOP('',(#3266,#3268));
#3270=FACE_BOUND('',#3269,.F.);
#3272=ORIENTED_EDGE('',*,*,#3271,.T.);
#3274=ORIENTED_EDGE('',*,*,#3273,.T.);
#3275=EDGE_LOOP('',(#3272,#3274));
#3276=FACE_BOUND('',#3275,.F.);
#3277=ADVANCED_FACE('',(#3258,#3264,#3270,#3276),#3252,.T.);
#3278=CARTESIAN_POINT('',(0.E0,5.6E0,1.5E0));
#3279=DIRECTION('',(0.E0,0.E0,-1.E0));
#3280=DIRECTION('',(0.E0,-1.E0,0.E0));
#3281=AXIS2_PLACEMENT_3D('',#3278,#3279,#3280);
#3282=CYLINDRICAL_SURFACE('',#3281,1.5E0);
#3284=ORIENTED_EDGE('',*,*,#3283,.T.);
#3286=ORIENTED_EDGE('',*,*,#3285,.F.);
#3287=ORIENTED_EDGE('',*,*,#3259,.F.);
#3289=ORIENTED_EDGE('',*,*,#3288,.T.);
#3290=EDGE_LOOP('',(#3284,#3286,#3287,#3289));
#3291=FACE_OUTER_BOUND('',#3290,.F.);
#3292=ADVANCED_FACE('',(#3291),#3282,.T.);
#3293=CARTESIAN_POINT('',(0.E0,5.6E0,-3.350000006404E0));
#3294=DIRECTION('',(0.E0,0.E0,1.E0));
#3295=DIRECTION('',(0.E0,-1.E0,0.E0));
#3296=AXIS2_PLACEMENT_3D('',#3293,#3294,#3295);
#3297=CONICAL_SURFACE('',#3296,1.449999993596E0,4.5E1);
#3299=ORIENTED_EDGE('',*,*,#3298,.T.);
#3301=ORIENTED_EDGE('',*,*,#3300,.T.);
#3302=ORIENTED_EDGE('',*,*,#3283,.F.);
#3304=ORIENTED_EDGE('',*,*,#3303,.F.);
#3305=EDGE_LOOP('',(#3299,#3301,#3302,#3304));
#3306=FACE_OUTER_BOUND('',#3305,.F.);
#3307=ADVANCED_FACE('',(#3306),#3297,.T.);
#3308=CARTESIAN_POINT('',(0.E0,0.E0,-3.4E0));
#3309=DIRECTION('',(0.E0,0.E0,-1.E0));
#3310=DIRECTION('',(0.E0,-1.E0,0.E0));
#3311=AXIS2_PLACEMENT_3D('',#3308,#3309,#3310);
#3312=PLANE('',#3311);
#3314=ORIENTED_EDGE('',*,*,#3313,.F.);
#3316=ORIENTED_EDGE('',*,*,#3315,.F.);
#3317=EDGE_LOOP('',(#3314,#3316));
#3318=FACE_OUTER_BOUND('',#3317,.F.);
#3319=ADVANCED_FACE('',(#3318),#3312,.T.);
#3320=CARTESIAN_POINT('',(0.E0,0.E0,-3.4E0));
#3321=DIRECTION('',(0.E0,0.E0,-1.E0));
#3322=DIRECTION('',(0.E0,-1.E0,0.E0));
#3323=AXIS2_PLACEMENT_3D('',#3320,#3321,#3322);
#3324=PLANE('',#3323);
#3326=ORIENTED_EDGE('',*,*,#3325,.F.);
#3328=ORIENTED_EDGE('',*,*,#3327,.F.);
#3329=EDGE_LOOP('',(#3326,#3328));
#3330=FACE_OUTER_BOUND('',#3329,.F.);
#3331=ADVANCED_FACE('',(#3330),#3324,.T.);
#3332=CARTESIAN_POINT('',(0.E0,0.E0,-3.4E0));
#3333=DIRECTION('',(0.E0,0.E0,-1.E0));
#3334=DIRECTION('',(0.E0,-1.E0,0.E0));
#3335=AXIS2_PLACEMENT_3D('',#3332,#3333,#3334);
#3336=PLANE('',#3335);
#3337=ORIENTED_EDGE('',*,*,#3298,.F.);
#3339=ORIENTED_EDGE('',*,*,#3338,.F.);
#3340=EDGE_LOOP('',(#3337,#3339));
#3341=FACE_OUTER_BOUND('',#3340,.F.);
#3342=ADVANCED_FACE('',(#3341),#3336,.T.);
#3343=CARTESIAN_POINT('',(0.E0,-5.6E0,-3.350000006404E0));
#3344=DIRECTION('',(0.E0,0.E0,1.E0));
#3345=DIRECTION('',(0.E0,-1.E0,0.E0));
#3346=AXIS2_PLACEMENT_3D('',#3343,#3344,#3345);
#3347=CONICAL_SURFACE('',#3346,1.449999993596E0,4.5E1);
#3348=ORIENTED_EDGE('',*,*,#3313,.T.);
#3350=ORIENTED_EDGE('',*,*,#3349,.T.);
#3352=ORIENTED_EDGE('',*,*,#3351,.F.);
#3354=ORIENTED_EDGE('',*,*,#3353,.F.);
#3355=EDGE_LOOP('',(#3348,#3350,#3352,#3354));
#3356=FACE_OUTER_BOUND('',#3355,.F.);
#3357=ADVANCED_FACE('',(#3356),#3347,.T.);
#3358=CARTESIAN_POINT('',(0.E0,-5.6E0,-3.350000006404E0));
#3359=DIRECTION('',(0.E0,0.E0,1.E0));
#3360=DIRECTION('',(0.E0,-1.E0,0.E0));
#3361=AXIS2_PLACEMENT_3D('',#3358,#3359,#3360);
#3362=CONICAL_SURFACE('',#3361,1.449999993596E0,4.5E1);
#3363=ORIENTED_EDGE('',*,*,#3315,.T.);
#3364=ORIENTED_EDGE('',*,*,#3353,.T.);
#3366=ORIENTED_EDGE('',*,*,#3365,.F.);
#3367=ORIENTED_EDGE('',*,*,#3349,.F.);
#3368=EDGE_LOOP('',(#3363,#3364,#3366,#3367));
#3369=FACE_OUTER_BOUND('',#3368,.F.);
#3370=ADVANCED_FACE('',(#3369),#3362,.T.);
#3371=CARTESIAN_POINT('',(0.E0,-5.6E0,1.5E0));
#3372=DIRECTION('',(0.E0,0.E0,-1.E0));
#3373=DIRECTION('',(0.E0,-1.E0,0.E0));
#3374=AXIS2_PLACEMENT_3D('',#3371,#3372,#3373);
#3375=CYLINDRICAL_SURFACE('',#3374,1.5E0);
#3376=ORIENTED_EDGE('',*,*,#3365,.T.);
#3378=ORIENTED_EDGE('',*,*,#3377,.F.);
#3379=ORIENTED_EDGE('',*,*,#3267,.F.);
#3381=ORIENTED_EDGE('',*,*,#3380,.T.);
#3382=EDGE_LOOP('',(#3376,#3378,#3379,#3381));
#3383=FACE_OUTER_BOUND('',#3382,.F.);
#3384=ADVANCED_FACE('',(#3383),#3375,.T.);
#3385=CARTESIAN_POINT('',(0.E0,-5.6E0,1.5E0));
#3386=DIRECTION('',(0.E0,0.E0,-1.E0));
#3387=DIRECTION('',(0.E0,-1.E0,0.E0));
#3388=AXIS2_PLACEMENT_3D('',#3385,#3386,#3387);
#3389=CYLINDRICAL_SURFACE('',#3388,1.5E0);
#3390=ORIENTED_EDGE('',*,*,#3351,.T.);
#3391=ORIENTED_EDGE('',*,*,#3380,.F.);
#3392=ORIENTED_EDGE('',*,*,#3265,.F.);
#3393=ORIENTED_EDGE('',*,*,#3377,.T.);
#3394=EDGE_LOOP('',(#3390,#3391,#3392,#3393));
#3395=FACE_OUTER_BOUND('',#3394,.F.);
#3396=ADVANCED_FACE('',(#3395),#3389,.T.);
#3397=CARTESIAN_POINT('',(0.E0,0.E0,-3.350000006404E0));
#3398=DIRECTION('',(0.E0,0.E0,1.E0));
#3399=DIRECTION('',(0.E0,-1.E0,0.E0));
#3400=AXIS2_PLACEMENT_3D('',#3397,#3398,#3399);
#3401=CONICAL_SURFACE('',#3400,1.449999993596E0,4.5E1);
#3402=ORIENTED_EDGE('',*,*,#3325,.T.);
#3404=ORIENTED_EDGE('',*,*,#3403,.T.);
#3406=ORIENTED_EDGE('',*,*,#3405,.F.);
#3408=ORIENTED_EDGE('',*,*,#3407,.F.);
#3409=EDGE_LOOP('',(#3402,#3404,#3406,#3408));
#3410=FACE_OUTER_BOUND('',#3409,.F.);
#3411=ADVANCED_FACE('',(#3410),#3401,.T.);
#3412=CARTESIAN_POINT('',(0.E0,0.E0,-3.350000006404E0));
#3413=DIRECTION('',(0.E0,0.E0,1.E0));
#3414=DIRECTION('',(0.E0,-1.E0,0.E0));
#3415=AXIS2_PLACEMENT_3D('',#3412,#3413,#3414);
#3416=CONICAL_SURFACE('',#3415,1.449999993596E0,4.5E1);
#3417=ORIENTED_EDGE('',*,*,#3327,.T.);
#3418=ORIENTED_EDGE('',*,*,#3407,.T.);
#3420=ORIENTED_EDGE('',*,*,#3419,.F.);
#3421=ORIENTED_EDGE('',*,*,#3403,.F.);
#3422=EDGE_LOOP('',(#3417,#3418,#3420,#3421));
#3423=FACE_OUTER_BOUND('',#3422,.F.);
#3424=ADVANCED_FACE('',(#3423),#3416,.T.);
#3425=CARTESIAN_POINT('',(0.E0,0.E0,1.5E0));
#3426=DIRECTION('',(0.E0,0.E0,-1.E0));
#3427=DIRECTION('',(0.E0,-1.E0,0.E0));
#3428=AXIS2_PLACEMENT_3D('',#3425,#3426,#3427);
#3429=CYLINDRICAL_SURFACE('',#3428,1.5E0);
#3430=ORIENTED_EDGE('',*,*,#3419,.T.);
#3432=ORIENTED_EDGE('',*,*,#3431,.F.);
#3433=ORIENTED_EDGE('',*,*,#3273,.F.);
#3435=ORIENTED_EDGE('',*,*,#3434,.T.);
#3436=EDGE_LOOP('',(#3430,#3432,#3433,#3435));
#3437=FACE_OUTER_BOUND('',#3436,.F.);
#3438=ADVANCED_FACE('',(#3437),#3429,.T.);
#3439=CARTESIAN_POINT('',(0.E0,0.E0,1.5E0));
#3440=DIRECTION('',(0.E0,0.E0,-1.E0));
#3441=DIRECTION('',(0.E0,-1.E0,0.E0));
#3442=AXIS2_PLACEMENT_3D('',#3439,#3440,#3441);
#3443=CYLINDRICAL_SURFACE('',#3442,1.5E0);
#3444=ORIENTED_EDGE('',*,*,#3405,.T.);
#3445=ORIENTED_EDGE('',*,*,#3434,.F.);
#3446=ORIENTED_EDGE('',*,*,#3271,.F.);
#3447=ORIENTED_EDGE('',*,*,#3431,.T.);
#3448=EDGE_LOOP('',(#3444,#3445,#3446,#3447));
#3449=FACE_OUTER_BOUND('',#3448,.F.);
#3450=ADVANCED_FACE('',(#3449),#3443,.T.);
#3451=CARTESIAN_POINT('',(0.E0,5.6E0,-3.350000006404E0));
#3452=DIRECTION('',(0.E0,0.E0,1.E0));
#3453=DIRECTION('',(0.E0,-1.E0,0.E0));
#3454=AXIS2_PLACEMENT_3D('',#3451,#3452,#3453);
#3455=CONICAL_SURFACE('',#3454,1.449999993596E0,4.5E1);
#3456=ORIENTED_EDGE('',*,*,#3338,.T.);
#3457=ORIENTED_EDGE('',*,*,#3303,.T.);
#3459=ORIENTED_EDGE('',*,*,#3458,.F.);
#3460=ORIENTED_EDGE('',*,*,#3300,.F.);
#3461=EDGE_LOOP('',(#3456,#3457,#3459,#3460));
#3462=FACE_OUTER_BOUND('',#3461,.F.);
#3463=ADVANCED_FACE('',(#3462),#3455,.T.);
#3464=CARTESIAN_POINT('',(0.E0,5.6E0,1.5E0));
#3465=DIRECTION('',(0.E0,0.E0,-1.E0));
#3466=DIRECTION('',(0.E0,-1.E0,0.E0));
#3467=AXIS2_PLACEMENT_3D('',#3464,#3465,#3466);
#3468=CYLINDRICAL_SURFACE('',#3467,1.5E0);
#3469=ORIENTED_EDGE('',*,*,#3458,.T.);
#3470=ORIENTED_EDGE('',*,*,#3288,.F.);
#3471=ORIENTED_EDGE('',*,*,#3261,.F.);
#3472=ORIENTED_EDGE('',*,*,#3285,.T.);
#3473=EDGE_LOOP('',(#3469,#3470,#3471,#3472));
#3474=FACE_OUTER_BOUND('',#3473,.F.);
#3475=ADVANCED_FACE('',(#3474),#3468,.T.);
#3476=CLOSED_SHELL('',(#1737,#1752,#1768,#1793,#1808,#1822,#1836,#1849,#1870,
#1883,#1897,#1910,#1924,#1936,#1949,#1971,#1986,#2000,#2014,#2027,#2057,#2088,
#2129,#2173,#2217,#2243,#2259,#2274,#2290,#2306,#2322,#2338,#2354,#2370,#2386,
#2402,#2418,#2434,#2450,#2463,#2477,#2491,#2503,#2517,#2530,#2543,#2558,#2572,
#2585,#2599,#2612,#2625,#2639,#2651,#2665,#2680,#2694,#2709,#2723,#2747,#2761,
#2774,#2787,#2813,#2828,#2842,#2855,#2869,#2882,#2895,#2909,#2921,#2937,#2951,
#2966,#2981,#2993,#3017,#3031,#3044,#3057,#3083,#3098,#3111,#3125,#3139,#3151,
#3165,#3178,#3191,#3206,#3220,#3234,#3247,#3277,#3292,#3307,#3319,#3331,#3342,
#3357,#3370,#3384,#3396,#3411,#3424,#3438,#3450,#3463,#3475));
#3477=MANIFOLD_SOLID_BREP('',#3476);
#3479=DIMENSIONAL_EXPONENTS(0.E0,0.E0,0.E0,0.E0,0.E0,0.E0,0.E0);
#3481=PLANE_ANGLE_MEASURE_WITH_UNIT(PLANE_ANGLE_MEASURE(1.745329251994E-2),
#3480);
#3482=(CONVERSION_BASED_UNIT('DEGREE',#3481)NAMED_UNIT(*)PLANE_ANGLE_UNIT());
#3484=UNCERTAINTY_MEASURE_WITH_UNIT(LENGTH_MEASURE(5.E-3),#3478,'closure',
'Maximum model space distance between geometric entities at asserted connectivities');
#3485=(GEOMETRIC_REPRESENTATION_CONTEXT(3)GLOBAL_UNCERTAINTY_ASSIGNED_CONTEXT((
#3484))GLOBAL_UNIT_ASSIGNED_CONTEXT((#3478,#3482,#3483))REPRESENTATION_CONTEXT(
'ID1','3'));
#3487=APPLICATION_CONTEXT(
'CONFIGURATION CONTROLLED 3D DESIGNS OF MECHANICAL PARTS AND ASSEMBLIES');
#3488=APPLICATION_PROTOCOL_DEFINITION('international standard',
'config_control_design',1994,#3487);
#3489=DESIGN_CONTEXT('',#3487,'design');
#3490=MECHANICAL_CONTEXT('',#3487,'mechanical');
#3491=PRODUCT('MR60PB-MGY_3PIN','MR60PB-MGY_3PIN','NOT SPECIFIED',(#3490));
#3492=PRODUCT_DEFINITION_FORMATION_WITH_SPECIFIED_SOURCE('1','LAST_VERSION',
#3491,.MADE.);
#3496=PRODUCT_CATEGORY('part','');
#3497=PRODUCT_RELATED_PRODUCT_CATEGORY('detail','',(#3491));
#3498=PRODUCT_CATEGORY_RELATIONSHIP('','',#3496,#3497);
#3499=SECURITY_CLASSIFICATION_LEVEL('unclassified');
#3500=SECURITY_CLASSIFICATION('','',#3499);
#3501=CC_DESIGN_SECURITY_CLASSIFICATION(#3500,(#3492));
#3502=APPROVAL_STATUS('approved');
#3503=APPROVAL(#3502,'');
#3504=CC_DESIGN_APPROVAL(#3503,(#3500,#3492,#3493));
#3505=CALENDAR_DATE(126,25,6);
#3506=COORDINATED_UNIVERSAL_TIME_OFFSET(5,0,.AHEAD.);
#3507=LOCAL_TIME(12,42,2.3E1,#3506);
#3508=DATE_AND_TIME(#3505,#3507);
#3509=APPROVAL_DATE_TIME(#3508,#3503);
#3510=DATE_TIME_ROLE('creation_date');
#3511=CC_DESIGN_DATE_AND_TIME_ASSIGNMENT(#3508,#3510,(#3493));
#3512=DATE_TIME_ROLE('classification_date');
#3513=CC_DESIGN_DATE_AND_TIME_ASSIGNMENT(#3508,#3512,(#3500));
#3514=PERSON('UNSPECIFIED','UNSPECIFIED',$,$,$,$);
#3515=ORGANIZATION('UNSPECIFIED','UNSPECIFIED','UNSPECIFIED');
#3516=PERSON_AND_ORGANIZATION(#3514,#3515);
#3517=APPROVAL_ROLE('approver');
#3518=APPROVAL_PERSON_ORGANIZATION(#3516,#3503,#3517);
#3519=PERSON_AND_ORGANIZATION_ROLE('creator');
#3520=CC_DESIGN_PERSON_AND_ORGANIZATION_ASSIGNMENT(#3516,#3519,(#3492,#3493));
#3521=PERSON_AND_ORGANIZATION_ROLE('design_supplier');
#3522=CC_DESIGN_PERSON_AND_ORGANIZATION_ASSIGNMENT(#3516,#3521,(#3492));
#3523=PERSON_AND_ORGANIZATION_ROLE('classification_officer');
#3524=CC_DESIGN_PERSON_AND_ORGANIZATION_ASSIGNMENT(#3516,#3523,(#3500));
#3525=PERSON_AND_ORGANIZATION_ROLE('design_owner');
#3526=CC_DESIGN_PERSON_AND_ORGANIZATION_ASSIGNMENT(#3516,#3525,(#3491));
#10=CIRCLE('',#9,4.05E0);
#19=CIRCLE('',#18,4.05E0);
#28=CIRCLE('',#27,3.35E0);
#37=CIRCLE('',#36,3.35E0);
#58=CIRCLE('',#57,4.55E0);
#67=CIRCLE('',#66,4.55E0);
#92=CIRCLE('',#91,4.55E0);
#101=CIRCLE('',#100,4.55E0);
#110=CIRCLE('',#109,4.05E0);
#119=CIRCLE('',#118,4.05E0);
#144=CIRCLE('',#143,4.05E0);
#153=CIRCLE('',#152,4.05E0);
#166=CIRCLE('',#165,4.05E0);
#175=CIRCLE('',#174,4.05E0);
#184=CIRCLE('',#183,3.35E0);
#193=CIRCLE('',#192,3.35E0);
#218=CIRCLE('',#217,3.35E0);
#227=CIRCLE('',#226,3.35E0);
#232=CIRCLE('',#231,2.E0);
#237=CIRCLE('',#236,2.E0);
#242=CIRCLE('',#241,2.E0);
#247=CIRCLE('',#246,2.E0);
#252=CIRCLE('',#251,2.E0);
#257=CIRCLE('',#256,2.E0);
#262=CIRCLE('',#261,2.E0);
#271=CIRCLE('',#270,2.E0);
#280=CIRCLE('',#279,2.E0);
#289=CIRCLE('',#288,2.E0);
#298=CIRCLE('',#297,2.E0);
#311=CIRCLE('',#310,6.E-1);
#324=CIRCLE('',#323,6.E-1);
#337=CIRCLE('',#336,6.E-1);
#350=CIRCLE('',#349,6.E-1);
#363=CIRCLE('',#362,6.E-1);
#376=CIRCLE('',#375,6.E-1);
#389=CIRCLE('',#388,6.E-1);
#402=CIRCLE('',#401,6.E-1);
#415=CIRCLE('',#414,6.E-1);
#428=CIRCLE('',#427,6.E-1);
#441=CIRCLE('',#440,6.E-1);
#454=CIRCLE('',#453,6.E-1);
#463=CIRCLE('',#462,2.E0);
#472=CIRCLE('',#471,2.E0);
#481=CIRCLE('',#480,2.E0);
#490=CIRCLE('',#489,2.E0);
#499=CIRCLE('',#498,2.E0);
#512=CIRCLE('',#511,6.E-1);
#521=CIRCLE('',#520,1.7E0);
#530=CIRCLE('',#529,6.E-1);
#539=CIRCLE('',#538,1.7E0);
#548=CIRCLE('',#547,6.E-1);
#557=CIRCLE('',#556,1.7E0);
#566=CIRCLE('',#565,6.E-1);
#575=CIRCLE('',#574,1.7E0);
#580=CIRCLE('',#579,6.E-1);
#589=CIRCLE('',#588,1.7E0);
#602=CIRCLE('',#601,6.E-1);
#611=CIRCLE('',#610,1.7E0);
#620=CIRCLE('',#619,6.E-1);
#629=CIRCLE('',#628,1.7E0);
#638=CIRCLE('',#637,6.E-1);
#647=CIRCLE('',#646,1.7E0);
#656=CIRCLE('',#655,6.E-1);
#665=CIRCLE('',#664,1.7E0);
#674=CIRCLE('',#673,6.E-1);
#683=CIRCLE('',#682,1.7E0);
#692=CIRCLE('',#691,6.E-1);
#701=CIRCLE('',#700,1.7E0);
#710=CIRCLE('',#709,6.E-1);
#719=CIRCLE('',#718,1.7E0);
#734=B_SPLINE_CURVE_WITH_KNOTS('',3,(#728,#729,#730,#731,#732,#733),
.UNSPECIFIED.,.F.,.F.,(4,1,1,4),(0.E0,3.333333333333E-1,6.666666666667E-1,1.E0),
.UNSPECIFIED.);
#741=B_SPLINE_CURVE_WITH_KNOTS('',3,(#735,#736,#737,#738,#739,#740),
.UNSPECIFIED.,.F.,.F.,(4,1,1,4),(0.E0,3.333333333333E-1,6.666666666667E-1,1.E0),
.UNSPECIFIED.);
#748=B_SPLINE_CURVE_WITH_KNOTS('',3,(#742,#743,#744,#745,#746,#747),
.UNSPECIFIED.,.F.,.F.,(4,1,1,4),(0.E0,3.333333333333E-1,6.666666666667E-1,1.E0),
.UNSPECIFIED.);
#755=B_SPLINE_CURVE_WITH_KNOTS('',3,(#749,#750,#751,#752,#753,#754),
.UNSPECIFIED.,.F.,.F.,(4,1,1,4),(0.E0,3.333333333333E-1,6.666666666667E-1,1.E0),
.UNSPECIFIED.);
#770=B_SPLINE_CURVE_WITH_KNOTS('',3,(#764,#765,#766,#767,#768,#769),
.UNSPECIFIED.,.F.,.F.,(4,1,1,4),(0.E0,3.333333333333E-1,6.666666666667E-1,1.E0),
.UNSPECIFIED.);
#777=B_SPLINE_CURVE_WITH_KNOTS('',3,(#771,#772,#773,#774,#775,#776),
.UNSPECIFIED.,.F.,.F.,(4,1,1,4),(0.E0,3.333333333333E-1,6.666666666667E-1,1.E0),
.UNSPECIFIED.);
#784=B_SPLINE_CURVE_WITH_KNOTS('',3,(#778,#779,#780,#781,#782,#783),
.UNSPECIFIED.,.F.,.F.,(4,1,1,4),(0.E0,3.333333333333E-1,6.666666666667E-1,1.E0),
.UNSPECIFIED.);
#791=B_SPLINE_CURVE_WITH_KNOTS('',3,(#785,#786,#787,#788,#789,#790),
.UNSPECIFIED.,.F.,.F.,(4,1,1,4),(0.E0,3.333333333333E-1,6.666666666667E-1,1.E0),
.UNSPECIFIED.);
#818=B_SPLINE_CURVE_WITH_KNOTS('',3,(#812,#813,#814,#815,#816,#817),
.UNSPECIFIED.,.F.,.F.,(4,1,1,4),(0.E0,3.333333333333E-1,6.666666666667E-1,1.E0),
.UNSPECIFIED.);
#825=B_SPLINE_CURVE_WITH_KNOTS('',3,(#819,#820,#821,#822,#823,#824),
.UNSPECIFIED.,.F.,.F.,(4,1,1,4),(0.E0,3.333333333333E-1,6.666666666667E-1,1.E0),
.UNSPECIFIED.);
#832=B_SPLINE_CURVE_WITH_KNOTS('',3,(#826,#827,#828,#829,#830,#831),
.UNSPECIFIED.,.F.,.F.,(4,1,1,4),(0.E0,3.333333333333E-1,6.666666666667E-1,1.E0),
.UNSPECIFIED.);
#839=B_SPLINE_CURVE_WITH_KNOTS('',3,(#833,#834,#835,#836,#837,#838),
.UNSPECIFIED.,.F.,.F.,(4,1,1,4),(0.E0,3.333333333333E-1,6.666666666667E-1,1.E0),
.UNSPECIFIED.);
#848=CIRCLE('',#847,2.E0);
#857=CIRCLE('',#856,2.E0);
#866=CIRCLE('',#865,2.E0);
#875=CIRCLE('',#874,2.E0);
#884=CIRCLE('',#883,2.E0);
#901=CIRCLE('',#900,2.E0);
#910=CIRCLE('',#909,2.E0);
#919=CIRCLE('',#918,2.E0);
#928=CIRCLE('',#927,2.E0);
#937=CIRCLE('',#936,2.E0);
#948=B_SPLINE_CURVE_WITH_KNOTS('',3,(#942,#943,#944,#945,#946,#947),
.UNSPECIFIED.,.F.,.F.,(4,1,1,4),(0.E0,3.333333333333E-1,6.666666666667E-1,1.E0),
.UNSPECIFIED.);
#955=B_SPLINE_CURVE_WITH_KNOTS('',3,(#949,#950,#951,#952,#953,#954),
.UNSPECIFIED.,.F.,.F.,(4,1,1,4),(0.E0,3.333333333333E-1,6.666666666667E-1,1.E0),
.UNSPECIFIED.);
#962=B_SPLINE_CURVE_WITH_KNOTS('',3,(#956,#957,#958,#959,#960,#961),
.UNSPECIFIED.,.F.,.F.,(4,1,1,4),(0.E0,3.333333333333E-1,6.666666666667E-1,1.E0),
.UNSPECIFIED.);
#969=B_SPLINE_CURVE_WITH_KNOTS('',3,(#963,#964,#965,#966,#967,#968),
.UNSPECIFIED.,.F.,.F.,(4,1,1,4),(0.E0,3.333333333333E-1,6.666666666667E-1,1.E0),
.UNSPECIFIED.);
#992=B_SPLINE_CURVE_WITH_KNOTS('',3,(#986,#987,#988,#989,#990,#991),
.UNSPECIFIED.,.F.,.F.,(4,1,1,4),(0.E0,3.333333333333E-1,6.666666666667E-1,1.E0),
.UNSPECIFIED.);
#999=B_SPLINE_CURVE_WITH_KNOTS('',3,(#993,#994,#995,#996,#997,#998),
.UNSPECIFIED.,.F.,.F.,(4,1,1,4),(0.E0,3.333333333333E-1,6.666666666667E-1,1.E0),
.UNSPECIFIED.);
#1006=B_SPLINE_CURVE_WITH_KNOTS('',3,(#1000,#1001,#1002,#1003,#1004,#1005),
.UNSPECIFIED.,.F.,.F.,(4,1,1,4),(0.E0,3.333333333333E-1,6.666666666667E-1,1.E0),
.UNSPECIFIED.);
#1013=B_SPLINE_CURVE_WITH_KNOTS('',3,(#1007,#1008,#1009,#1010,#1011,#1012),
.UNSPECIFIED.,.F.,.F.,(4,1,1,4),(0.E0,3.333333333333E-1,6.666666666667E-1,1.E0),
.UNSPECIFIED.);
#1026=CIRCLE('',#1025,2.E0);
#1035=CIRCLE('',#1034,2.E0);
#1044=CIRCLE('',#1043,2.E0);
#1053=CIRCLE('',#1052,2.E0);
#1062=CIRCLE('',#1061,2.E0);
#1079=CIRCLE('',#1078,2.E0);
#1088=CIRCLE('',#1087,2.E0);
#1097=CIRCLE('',#1096,2.E0);
#1106=CIRCLE('',#1105,2.E0);
#1115=CIRCLE('',#1114,2.E0);
#1126=B_SPLINE_CURVE_WITH_KNOTS('',3,(#1120,#1121,#1122,#1123,#1124,#1125),
.UNSPECIFIED.,.F.,.F.,(4,1,1,4),(0.E0,3.333333333333E-1,6.666666666667E-1,1.E0),
.UNSPECIFIED.);
#1133=B_SPLINE_CURVE_WITH_KNOTS('',3,(#1127,#1128,#1129,#1130,#1131,#1132),
.UNSPECIFIED.,.F.,.F.,(4,1,1,4),(0.E0,3.333333333333E-1,6.666666666667E-1,1.E0),
.UNSPECIFIED.);
#1140=B_SPLINE_CURVE_WITH_KNOTS('',3,(#1134,#1135,#1136,#1137,#1138,#1139),
.UNSPECIFIED.,.F.,.F.,(4,1,1,4),(0.E0,3.333333333333E-1,6.666666666667E-1,1.E0),
.UNSPECIFIED.);
#1147=B_SPLINE_CURVE_WITH_KNOTS('',3,(#1141,#1142,#1143,#1144,#1145,#1146),
.UNSPECIFIED.,.F.,.F.,(4,1,1,4),(0.E0,3.333333333333E-1,6.666666666667E-1,1.E0),
.UNSPECIFIED.);
#1188=CIRCLE('',#1187,3.35E0);
#1197=CIRCLE('',#1196,3.35E0);
#1202=CIRCLE('',#1201,1.5E0);
#1207=CIRCLE('',#1206,1.5E0);
#1212=CIRCLE('',#1211,1.5E0);
#1217=CIRCLE('',#1216,1.5E0);
#1222=CIRCLE('',#1221,1.5E0);
#1227=CIRCLE('',#1226,1.5E0);
#1232=CIRCLE('',#1231,1.5E0);
#1245=CIRCLE('',#1244,1.4E0);
#1250=CIRCLE('',#1249,1.4E0);
#1255=CIRCLE('',#1254,1.4E0);
#1260=CIRCLE('',#1259,1.4E0);
#1265=CIRCLE('',#1264,1.4E0);
#1270=CIRCLE('',#1269,1.4E0);
#1283=CIRCLE('',#1282,1.5E0);
#1292=CIRCLE('',#1291,1.5E0);
#1309=CIRCLE('',#1308,1.5E0);
#1318=CIRCLE('',#1317,1.5E0);
#1331=CIRCLE('',#1330,1.5E0);
#1717=EDGE_CURVE('',#1338,#1339,#5,.T.);
#1719=EDGE_CURVE('',#1339,#1342,#10,.T.);
#1721=EDGE_CURVE('',#1342,#1343,#14,.T.);
#1723=EDGE_CURVE('',#1343,#1338,#19,.T.);
#1727=EDGE_CURVE('',#1646,#1647,#23,.T.);
#1729=EDGE_CURVE('',#1647,#1649,#28,.T.);
#1731=EDGE_CURVE('',#1649,#1651,#32,.T.);
#1733=EDGE_CURVE('',#1651,#1646,#37,.T.);
#1743=EDGE_CURVE('',#1674,#1675,#41,.T.);
#1745=EDGE_CURVE('',#1339,#1675,#114,.T.);
#1748=EDGE_CURVE('',#1338,#1674,#45,.T.);
#1758=EDGE_CURVE('',#1678,#1679,#49,.T.);
#1760=EDGE_CURVE('',#1678,#1346,#53,.T.);
#1762=EDGE_CURVE('',#1346,#1347,#161,.T.);
#1764=EDGE_CURVE('',#1679,#1347,#123,.T.);
#1774=EDGE_CURVE('',#1658,#1659,#58,.T.);
#1776=EDGE_CURVE('',#1663,#1658,#62,.T.);
#1778=EDGE_CURVE('',#1661,#1663,#67,.T.);
#1780=EDGE_CURVE('',#1659,#1661,#71,.T.);
#1785=EDGE_CURVE('',#1683,#1674,#144,.T.);
#1787=EDGE_CURVE('',#1682,#1683,#127,.T.);
#1789=EDGE_CURVE('',#1675,#1682,#110,.T.);
#1800=EDGE_CURVE('',#1659,#1667,#79,.T.);
#1802=EDGE_CURVE('',#1666,#1667,#92,.T.);
#1804=EDGE_CURVE('',#1658,#1666,#75,.T.);
#1815=EDGE_CURVE('',#1661,#1669,#83,.T.);
#1817=EDGE_CURVE('',#1667,#1669,#96,.T.);
#1829=EDGE_CURVE('',#1663,#1671,#87,.T.);
#1831=EDGE_CURVE('',#1669,#1671,#101,.T.);
#1844=EDGE_CURVE('',#1671,#1666,#105,.T.);
#1862=EDGE_CURVE('',#1679,#1686,#119,.T.);
#1864=EDGE_CURVE('',#1686,#1687,#135,.T.);
#1866=EDGE_CURVE('',#1687,#1678,#153,.T.);
#1877=EDGE_CURVE('',#1342,#1682,#131,.T.);
#1891=EDGE_CURVE('',#1347,#1350,#175,.T.);
#1893=EDGE_CURVE('',#1686,#1350,#139,.T.);
#1904=EDGE_CURVE('',#1343,#1683,#148,.T.);
#1918=EDGE_CURVE('',#1350,#1351,#170,.T.);
#1920=EDGE_CURVE('',#1687,#1351,#157,.T.);
#1944=EDGE_CURVE('',#1351,#1346,#166,.T.);
#1961=EDGE_CURVE('',#1542,#1543,#179,.T.);
#1963=EDGE_CURVE('',#1543,#1545,#184,.T.);
#1965=EDGE_CURVE('',#1545,#1547,#188,.T.);
#1967=EDGE_CURVE('',#1547,#1542,#193,.T.);
#1978=EDGE_CURVE('',#1542,#1534,#197,.T.);
#1980=EDGE_CURVE('',#1534,#1535,#213,.T.);
#1982=EDGE_CURVE('',#1543,#1535,#209,.T.);
#1993=EDGE_CURVE('',#1547,#1539,#201,.T.);
#1995=EDGE_CURVE('',#1539,#1534,#218,.T.);
#2007=EDGE_CURVE('',#1545,#1537,#205,.T.);
#2009=EDGE_CURVE('',#1537,#1539,#222,.T.);
#2022=EDGE_CURVE('',#1535,#1537,#227,.T.);
#2039=EDGE_CURVE('',#1354,#1355,#232,.T.);
#2041=EDGE_CURVE('',#1355,#1354,#237,.T.);
#2045=EDGE_CURVE('',#1358,#1359,#242,.T.);
#2047=EDGE_CURVE('',#1359,#1358,#247,.T.);
#2051=EDGE_CURVE('',#1550,#1551,#252,.T.);
#2053=EDGE_CURVE('',#1551,#1550,#257,.T.);
#2063=EDGE_CURVE('',#1458,#1459,#262,.T.);
#2065=EDGE_CURVE('',#1459,#1510,#266,.T.);
#2067=EDGE_CURVE('',#1510,#1511,#271,.T.);
#2069=EDGE_CURVE('',#1462,#1511,#275,.T.);
#2071=EDGE_CURVE('',#1462,#1463,#280,.T.);
#2073=EDGE_CURVE('',#1463,#1505,#284,.T.);
#2075=EDGE_CURVE('',#1505,#1467,#289,.T.);
#2077=EDGE_CURVE('',#1466,#1467,#293,.T.);
#2079=EDGE_CURVE('',#1466,#1470,#298,.T.);
#2081=EDGE_CURVE('',#1355,#1470,#503,.T.);
#2084=EDGE_CURVE('',#1354,#1458,#302,.T.);
#2095=EDGE_CURVE('',#1478,#1458,#499,.T.);
#2097=EDGE_CURVE('',#1367,#1478,#306,.T.);
#2099=EDGE_CURVE('',#1366,#1367,#311,.T.);
#2101=EDGE_CURVE('',#1475,#1366,#315,.T.);
#2103=EDGE_CURVE('',#1474,#1475,#481,.T.);
#2105=EDGE_CURVE('',#1363,#1474,#319,.T.);
#2107=EDGE_CURVE('',#1362,#1363,#324,.T.);
#2109=EDGE_CURVE('',#1471,#1362,#328,.T.);
#2111=EDGE_CURVE('',#1470,#1471,#463,.T.);
#2114=EDGE_CURVE('',#1375,#1466,#332,.T.);
#2116=EDGE_CURVE('',#1374,#1375,#337,.T.);
#2118=EDGE_CURVE('',#1463,#1374,#341,.T.);
#2121=EDGE_CURVE('',#1371,#1462,#345,.T.);
#2123=EDGE_CURVE('',#1370,#1371,#350,.T.);
#2125=EDGE_CURVE('',#1459,#1370,#354,.T.);
#2135=EDGE_CURVE('',#1482,#1483,#848,.T.);
#2137=EDGE_CURVE('',#1502,#1482,#937,.T.);
#2139=EDGE_CURVE('',#1387,#1502,#358,.T.);
#2141=EDGE_CURVE('',#1386,#1387,#363,.T.);
#2143=EDGE_CURVE('',#1499,#1386,#367,.T.);
#2145=EDGE_CURVE('',#1498,#1499,#919,.T.);
#2147=EDGE_CURVE('',#1383,#1498,#371,.T.);
#2149=EDGE_CURVE('',#1382,#1383,#376,.T.);
#2151=EDGE_CURVE('',#1495,#1382,#380,.T.);
#2153=EDGE_CURVE('',#1494,#1495,#901,.T.);
#2155=EDGE_CURVE('',#1490,#1494,#884,.T.);
#2157=EDGE_CURVE('',#1379,#1490,#384,.T.);
#2159=EDGE_CURVE('',#1378,#1379,#389,.T.);
#2161=EDGE_CURVE('',#1487,#1378,#393,.T.);
#2163=EDGE_CURVE('',#1486,#1487,#866,.T.);
#2165=EDGE_CURVE('',#1391,#1486,#397,.T.);
#2167=EDGE_CURVE('',#1390,#1391,#402,.T.);
#2169=EDGE_CURVE('',#1483,#1390,#406,.T.);
#2179=EDGE_CURVE('',#1602,#1603,#1079,.T.);
#2181=EDGE_CURVE('',#1627,#1602,#1062,.T.);
#2183=EDGE_CURVE('',#1559,#1627,#410,.T.);
#2185=EDGE_CURVE('',#1558,#1559,#415,.T.);
#2187=EDGE_CURVE('',#1625,#1558,#419,.T.);
#2189=EDGE_CURVE('',#1624,#1625,#1044,.T.);
#2191=EDGE_CURVE('',#1555,#1624,#423,.T.);
#2193=EDGE_CURVE('',#1554,#1555,#428,.T.);
#2195=EDGE_CURVE('',#1621,#1554,#432,.T.);
#2197=EDGE_CURVE('',#1611,#1621,#1026,.T.);
#2199=EDGE_CURVE('',#1610,#1611,#1115,.T.);
#2201=EDGE_CURVE('',#1567,#1610,#436,.T.);
#2203=EDGE_CURVE('',#1566,#1567,#441,.T.);
#2205=EDGE_CURVE('',#1607,#1566,#445,.T.);
#2207=EDGE_CURVE('',#1606,#1607,#1097,.T.);
#2209=EDGE_CURVE('',#1563,#1606,#449,.T.);
#2211=EDGE_CURVE('',#1562,#1563,#454,.T.);
#2213=EDGE_CURVE('',#1603,#1562,#458,.T.);
#2224=EDGE_CURVE('',#1471,#1514,#467,.T.);
#2226=EDGE_CURVE('',#1514,#1515,#472,.T.);
#2228=EDGE_CURVE('',#1474,#1515,#476,.T.);
#2231=EDGE_CURVE('',#1475,#1504,#485,.T.);
#2233=EDGE_CURVE('',#1504,#1479,#490,.T.);
#2235=EDGE_CURVE('',#1478,#1479,#494,.T.);
#2249=EDGE_CURVE('',#1394,#1395,#507,.T.);
#2251=EDGE_CURVE('',#1394,#1514,#755,.T.);
#2255=EDGE_CURVE('',#1395,#1362,#723,.T.);
#2266=EDGE_CURVE('',#1395,#1397,#512,.T.);
#2268=EDGE_CURVE('',#1399,#1397,#516,.T.);
#2270=EDGE_CURVE('',#1394,#1399,#521,.T.);
#2280=EDGE_CURVE('',#1402,#1403,#525,.T.);
#2282=EDGE_CURVE('',#1403,#1405,#530,.T.);
#2284=EDGE_CURVE('',#1407,#1405,#534,.T.);
#2286=EDGE_CURVE('',#1402,#1407,#539,.T.);
#2296=EDGE_CURVE('',#1410,#1411,#543,.T.);
#2298=EDGE_CURVE('',#1411,#1413,#548,.T.);
#2300=EDGE_CURVE('',#1413,#1415,#552,.T.);
#2302=EDGE_CURVE('',#1410,#1415,#557,.T.);
#2312=EDGE_CURVE('',#1418,#1419,#561,.T.);
#2314=EDGE_CURVE('',#1419,#1421,#566,.T.);
#2316=EDGE_CURVE('',#1423,#1421,#570,.T.);
#2318=EDGE_CURVE('',#1418,#1423,#575,.T.);
#2328=EDGE_CURVE('',#1426,#1427,#580,.T.);
#2330=EDGE_CURVE('',#1429,#1427,#584,.T.);
#2332=EDGE_CURVE('',#1455,#1429,#589,.T.);
#2334=EDGE_CURVE('',#1455,#1426,#593,.T.);
#2344=EDGE_CURVE('',#1432,#1433,#597,.T.);
#2346=EDGE_CURVE('',#1433,#1435,#602,.T.);
#2348=EDGE_CURVE('',#1435,#1437,#606,.T.);
#2350=EDGE_CURVE('',#1432,#1437,#611,.T.);
#2360=EDGE_CURVE('',#1440,#1441,#615,.T.);
#2362=EDGE_CURVE('',#1441,#1443,#620,.T.);
#2364=EDGE_CURVE('',#1445,#1443,#624,.T.);
#2366=EDGE_CURVE('',#1440,#1445,#629,.T.);
#2376=EDGE_CURVE('',#1448,#1449,#633,.T.);
#2378=EDGE_CURVE('',#1449,#1451,#638,.T.);
#2380=EDGE_CURVE('',#1453,#1451,#642,.T.);
#2382=EDGE_CURVE('',#1448,#1453,#647,.T.);
#2392=EDGE_CURVE('',#1570,#1571,#651,.T.);
#2394=EDGE_CURVE('',#1571,#1573,#656,.T.);
#2396=EDGE_CURVE('',#1573,#1575,#660,.T.);
#2398=EDGE_CURVE('',#1570,#1575,#665,.T.);
#2408=EDGE_CURVE('',#1578,#1579,#669,.T.);
#2410=EDGE_CURVE('',#1579,#1581,#674,.T.);
#2412=EDGE_CURVE('',#1583,#1581,#678,.T.);
#2414=EDGE_CURVE('',#1578,#1583,#683,.T.);
#2424=EDGE_CURVE('',#1586,#1587,#687,.T.);
#2426=EDGE_CURVE('',#1587,#1589,#692,.T.);
#2428=EDGE_CURVE('',#1589,#1591,#696,.T.);
#2430=EDGE_CURVE('',#1586,#1591,#701,.T.);
#2440=EDGE_CURVE('',#1594,#1595,#705,.T.);
#2442=EDGE_CURVE('',#1595,#1597,#710,.T.);
#2444=EDGE_CURVE('',#1599,#1597,#714,.T.);
#2446=EDGE_CURVE('',#1594,#1599,#719,.T.);
#2459=EDGE_CURVE('',#1397,#1363,#727,.T.);
#2473=EDGE_CURVE('',#1515,#1399,#748,.T.);
#2483=EDGE_CURVE('',#1402,#1504,#734,.T.);
#2486=EDGE_CURVE('',#1479,#1407,#741,.T.);
#2513=EDGE_CURVE('',#1403,#1366,#759,.T.);
#2526=EDGE_CURVE('',#1405,#1367,#763,.T.);
#2550=EDGE_CURVE('',#1410,#1510,#791,.T.);
#2554=EDGE_CURVE('',#1411,#1370,#807,.T.);
#2564=EDGE_CURVE('',#1418,#1505,#770,.T.);
#2567=EDGE_CURVE('',#1467,#1423,#777,.T.);
#2579=EDGE_CURVE('',#1511,#1415,#784,.T.);
#2595=EDGE_CURVE('',#1419,#1374,#795,.T.);
#2608=EDGE_CURVE('',#1421,#1375,#799,.T.);
#2632=EDGE_CURVE('',#1413,#1371,#803,.T.);
#2658=EDGE_CURVE('',#1426,#1378,#811,.T.);
#2661=EDGE_CURVE('',#1427,#1379,#843,.T.);
#2672=EDGE_CURVE('',#1455,#1507,#825,.T.);
#2674=EDGE_CURVE('',#1487,#1507,#870,.T.);
#2686=EDGE_CURVE('',#1491,#1429,#818,.T.);
#2688=EDGE_CURVE('',#1507,#1491,#875,.T.);
#2701=EDGE_CURVE('',#1519,#1453,#832,.T.);
#2703=EDGE_CURVE('',#1518,#1519,#857,.T.);
#2705=EDGE_CURVE('',#1448,#1518,#839,.T.);
#2718=EDGE_CURVE('',#1490,#1491,#879,.T.);
#2730=EDGE_CURVE('',#1483,#1518,#852,.T.);
#2733=EDGE_CURVE('',#1486,#1519,#861,.T.);
#2740=EDGE_CURVE('',#1359,#1494,#941,.T.);
#2743=EDGE_CURVE('',#1358,#1482,#888,.T.);
#2757=EDGE_CURVE('',#1449,#1390,#892,.T.);
#2770=EDGE_CURVE('',#1451,#1391,#896,.T.);
#2794=EDGE_CURVE('',#1495,#1522,#905,.T.);
#2796=EDGE_CURVE('',#1522,#1523,#910,.T.);
#2798=EDGE_CURVE('',#1498,#1523,#914,.T.);
#2801=EDGE_CURVE('',#1499,#1506,#923,.T.);
#2803=EDGE_CURVE('',#1506,#1503,#928,.T.);
#2805=EDGE_CURVE('',#1502,#1503,#932,.T.);
#2820=EDGE_CURVE('',#1432,#1522,#969,.T.);
#2824=EDGE_CURVE('',#1433,#1382,#985,.T.);
#2834=EDGE_CURVE('',#1440,#1506,#948,.T.);
#2837=EDGE_CURVE('',#1503,#1445,#955,.T.);
#2849=EDGE_CURVE('',#1523,#1437,#962,.T.);
#2865=EDGE_CURVE('',#1441,#1386,#973,.T.);
#2878=EDGE_CURVE('',#1443,#1387,#977,.T.);
#2902=EDGE_CURVE('',#1435,#1383,#981,.T.);
#2928=EDGE_CURVE('',#1570,#1629,#992,.T.);
#2930=EDGE_CURVE('',#1621,#1629,#1030,.T.);
#2933=EDGE_CURVE('',#1571,#1554,#1021,.T.);
#2945=EDGE_CURVE('',#1631,#1575,#999,.T.);
#2947=EDGE_CURVE('',#1629,#1631,#1035,.T.);
#2957=EDGE_CURVE('',#1578,#1633,#1006,.T.);
#2960=EDGE_CURVE('',#1635,#1583,#1013,.T.);
#2962=EDGE_CURVE('',#1633,#1635,#1053,.T.);
#2973=EDGE_CURVE('',#1573,#1555,#1017,.T.);
#2976=EDGE_CURVE('',#1624,#1631,#1039,.T.);
#3004=EDGE_CURVE('',#1625,#1633,#1048,.T.);
#3007=EDGE_CURVE('',#1627,#1635,#1057,.T.);
#3010=EDGE_CURVE('',#1550,#1602,#1119,.T.);
#3013=EDGE_CURVE('',#1551,#1611,#1066,.T.);
#3027=EDGE_CURVE('',#1579,#1558,#1070,.T.);
#3040=EDGE_CURVE('',#1581,#1559,#1074,.T.);
#3064=EDGE_CURVE('',#1603,#1613,#1083,.T.);
#3066=EDGE_CURVE('',#1613,#1615,#1088,.T.);
#3068=EDGE_CURVE('',#1606,#1615,#1092,.T.);
#3071=EDGE_CURVE('',#1607,#1617,#1101,.T.);
#3073=EDGE_CURVE('',#1617,#1619,#1106,.T.);
#3075=EDGE_CURVE('',#1610,#1619,#1110,.T.);
#3090=EDGE_CURVE('',#1586,#1613,#1126,.T.);
#3094=EDGE_CURVE('',#1587,#1562,#1155,.T.);
#3106=EDGE_CURVE('',#1615,#1591,#1133,.T.);
#3117=EDGE_CURVE('',#1594,#1617,#1140,.T.);
#3120=EDGE_CURVE('',#1619,#1599,#1147,.T.);
#3132=EDGE_CURVE('',#1589,#1563,#1151,.T.);
#3161=EDGE_CURVE('',#1595,#1566,#1159,.T.);
#3174=EDGE_CURVE('',#1597,#1567,#1163,.T.);
#3198=EDGE_CURVE('',#1646,#1638,#1167,.T.);
#3200=EDGE_CURVE('',#1638,#1639,#1183,.T.);
#3202=EDGE_CURVE('',#1647,#1639,#1179,.T.);
#3213=EDGE_CURVE('',#1651,#1643,#1171,.T.);
#3215=EDGE_CURVE('',#1643,#1638,#1188,.T.);
#3227=EDGE_CURVE('',#1649,#1641,#1175,.T.);
#3229=EDGE_CURVE('',#1641,#1643,#1192,.T.);
#3242=EDGE_CURVE('',#1639,#1641,#1197,.T.);
#3259=EDGE_CURVE('',#1526,#1527,#1202,.T.);
#3261=EDGE_CURVE('',#1527,#1526,#1207,.T.);
#3265=EDGE_CURVE('',#1530,#1531,#1212,.T.);
#3267=EDGE_CURVE('',#1531,#1530,#1217,.T.);
#3271=EDGE_CURVE('',#1654,#1655,#1222,.T.);
#3273=EDGE_CURVE('',#1655,#1654,#1227,.T.);
#3283=EDGE_CURVE('',#1710,#1711,#1232,.T.);
#3285=EDGE_CURVE('',#1527,#1711,#1335,.T.);
#3288=EDGE_CURVE('',#1526,#1710,#1236,.T.);
#3298=EDGE_CURVE('',#1706,#1707,#1265,.T.);
#3300=EDGE_CURVE('',#1707,#1711,#1326,.T.);
#3303=EDGE_CURVE('',#1706,#1710,#1240,.T.);
#3313=EDGE_CURVE('',#1690,#1691,#1245,.T.);
#3315=EDGE_CURVE('',#1691,#1690,#1250,.T.);
#3325=EDGE_CURVE('',#1698,#1699,#1255,.T.);
#3327=EDGE_CURVE('',#1699,#1698,#1260,.T.);
#3338=EDGE_CURVE('',#1707,#1706,#1270,.T.);
#3349=EDGE_CURVE('',#1691,#1695,#1278,.T.);
#3351=EDGE_CURVE('',#1694,#1695,#1292,.T.);
#3353=EDGE_CURVE('',#1690,#1694,#1274,.T.);
#3365=EDGE_CURVE('',#1695,#1694,#1283,.T.);
#3377=EDGE_CURVE('',#1530,#1694,#1296,.T.);
#3380=EDGE_CURVE('',#1531,#1695,#1287,.T.);
#3403=EDGE_CURVE('',#1699,#1703,#1304,.T.);
#3405=EDGE_CURVE('',#1702,#1703,#1318,.T.);
#3407=EDGE_CURVE('',#1698,#1702,#1300,.T.);
#3419=EDGE_CURVE('',#1703,#1702,#1309,.T.);
#3431=EDGE_CURVE('',#1654,#1702,#1322,.T.);
#3434=EDGE_CURVE('',#1655,#1703,#1313,.T.);
#3458=EDGE_CURVE('',#1711,#1710,#1331,.T.);
#3478=(LENGTH_UNIT()NAMED_UNIT(*)SI_UNIT(.MILLI.,.METRE.));
#3480=(NAMED_UNIT(*)PLANE_ANGLE_UNIT()SI_UNIT($,.RADIAN.));
#3483=(NAMED_UNIT(*)SI_UNIT($,.STERADIAN.)SOLID_ANGLE_UNIT());
#3486=ADVANCED_BREP_SHAPE_REPRESENTATION('',(#3477),#3485);
#3493=PRODUCT_DEFINITION('design','',#3492,#3489);
#3494=PRODUCT_DEFINITION_SHAPE('','SHAPE FOR MR60PB-MGY_3PIN.',#3493);
#3495=SHAPE_DEFINITION_REPRESENTATION(#3494,#3486);
ENDSEC;
END-ISO-10303-21;
