ISO-10303-21;
HEADER;
FILE_DESCRIPTION(('KiCad electronic assembly'),'2;1');
FILE_NAME('zjunlict-booster-board-mechanical-partial.step',
  '2026-09-26T15:24:14',('Pcbnew'),('Kicad'),
  'Open CASCADE STEP processor 7.6','KiCad to STEP converter','Unknown'
  );
FILE_SCHEMA(('AUTOMOTIVE_DESIGN { 1 0 10303 214 1 1 1 1 }'));
ENDSEC;
DATA;
#1 = APPLICATION_PROTOCOL_DEFINITION('international standard',
  'automotive_design',2000,#2);
#2 = APPLICATION_CONTEXT(
  'core data for automotive mechanical design processes');
#3 = SHAPE_DEFINITION_REPRESENTATION(#4,#10);
#4 = PRODUCT_DEFINITION_SHAPE('','',#5);
#5 = PRODUCT_DEFINITION('design','',#6,#9);
#6 = PRODUCT_DEFINITION_FORMATION('','',#7);
#7 = PRODUCT('zjunlict-booster-board-mechanical-partial 1',
  'zjunlict-booster-board-mechanical-partial 1','',(#8));
#8 = PRODUCT_CONTEXT('',#2,'mechanical');
#9 = PRODUCT_DEFINITION_CONTEXT('part definition',#2,'design');
#10 = SHAPE_REPRESENTATION('',(#11,#15,#19,#23,#27,#31),#35);
#11 = AXIS2_PLACEMENT_3D('',#12,#13,#14);
#12 = CARTESIAN_POINT('',(0.,0.,0.));
#13 = DIRECTION('',(0.,0.,1.));
#14 = DIRECTION('',(1.,0.,-0.));
#15 = AXIS2_PLACEMENT_3D('',#16,#17,#18);
#16 = CARTESIAN_POINT('',(143.3181,-139.6746,0.40616));
#17 = DIRECTION('',(0.,0.,1.));
#18 = DIRECTION('',(1.,0.,0.));
#19 = AXIS2_PLACEMENT_3D('',#20,#21,#22);
#20 = CARTESIAN_POINT('',(83.4517,-92.2274,-8.5E-02));
#21 = DIRECTION('',(-1.224646799147E-16,-1.359631073447E-32,-1.));
#22 = DIRECTION('',(1.110223024625E-16,-1.,0.));
#23 = AXIS2_PLACEMENT_3D('',#24,#25,#26);
#24 = CARTESIAN_POINT('',(165.32141,-161.06186,-8.5E-02));
#25 = DIRECTION('',(-1.,-2.334869823773E-16,1.144237745222E-17));
#26 = DIRECTION('',(-2.334869823773E-16,1.,1.499759782662E-32));
#27 = AXIS2_PLACEMENT_3D('',#28,#29,#30);
#28 = CARTESIAN_POINT('',(76.7715,-92.2564,-8.5E-02));
#29 = DIRECTION('',(-1.224646799147E-16,-1.359631073447E-32,-1.));
#30 = DIRECTION('',(1.110223024625E-16,-1.,0.));
#31 = AXIS2_PLACEMENT_3D('',#32,#33,#34);
#32 = CARTESIAN_POINT('',(0.,0.,0.));
#33 = DIRECTION('',(0.,0.,1.));
#34 = DIRECTION('',(1.,0.,-0.));
#35 = ( GEOMETRIC_REPRESENTATION_CONTEXT(3) 
GLOBAL_UNCERTAINTY_ASSIGNED_CONTEXT((#39)) GLOBAL_UNIT_ASSIGNED_CONTEXT(
(#36,#37,#38)) REPRESENTATION_CONTEXT('Context #1',
  '3D Context with UNIT and UNCERTAINTY') );
#36 = ( LENGTH_UNIT() NAMED_UNIT(*) SI_UNIT(.MILLI.,.METRE.) );
#37 = ( NAMED_UNIT(*) PLANE_ANGLE_UNIT() SI_UNIT($,.RADIAN.) );
#38 = ( NAMED_UNIT(*) SI_UNIT($,.STERADIAN.) SOLID_ANGLE_UNIT() );
#39 = UNCERTAINTY_MEASURE_WITH_UNIT(LENGTH_MEASURE(5.E-05),#36,
  'distance_accuracy_value','confusion accuracy');
#40 = PRODUCT_RELATED_PRODUCT_CATEGORY('part',$,(#7));
#41 = SHAPE_DEFINITION_REPRESENTATION(#42,#48);
#42 = PRODUCT_DEFINITION_SHAPE('','',#43);
#43 = PRODUCT_DEFINITION('design','',#44,#47);
#44 = PRODUCT_DEFINITION_FORMATION('','',#45);
#45 = PRODUCT('kicad_embedded_BC40324D60C2162098A4822548A51554',
  'kicad_embedded_BC40324D60C2162098A4822548A51554','',(#46));
#46 = PRODUCT_CONTEXT('',#2,'mechanical');
#47 = PRODUCT_DEFINITION_CONTEXT('part definition',#2,'design');
#48 = SHAPE_REPRESENTATION('',(#11,#49,#53,#57),#61);
#49 = AXIS2_PLACEMENT_3D('',#50,#51,#52);
#50 = CARTESIAN_POINT('',(0.,0.,0.));
#51 = DIRECTION('',(0.,0.,1.));
#52 = DIRECTION('',(1.,0.,0.));
#53 = AXIS2_PLACEMENT_3D('',#54,#55,#56);
#54 = CARTESIAN_POINT('',(0.,0.,0.));
#55 = DIRECTION('',(0.,0.,1.));
#56 = DIRECTION('',(1.,0.,0.));
#57 = AXIS2_PLACEMENT_3D('',#58,#59,#60);
#58 = CARTESIAN_POINT('',(0.,0.,0.));
#59 = DIRECTION('',(0.,0.,1.));
#60 = DIRECTION('',(1.,0.,0.));
#61 = ( GEOMETRIC_REPRESENTATION_CONTEXT(3) 
GLOBAL_UNCERTAINTY_ASSIGNED_CONTEXT((#65)) GLOBAL_UNIT_ASSIGNED_CONTEXT(
(#62,#63,#64)) REPRESENTATION_CONTEXT('Context #1',
  '3D Context with UNIT and UNCERTAINTY') );
#62 = ( LENGTH_UNIT() NAMED_UNIT(*) SI_UNIT(.MILLI.,.METRE.) );
#63 = ( NAMED_UNIT(*) PLANE_ANGLE_UNIT() SI_UNIT($,.RADIAN.) );
#64 = ( NAMED_UNIT(*) SI_UNIT($,.STERADIAN.) SOLID_ANGLE_UNIT() );
#65 = UNCERTAINTY_MEASURE_WITH_UNIT(LENGTH_MEASURE(1.E-07),#62,
  'distance_accuracy_value','confusion accuracy');
#66 = CONTEXT_DEPENDENT_SHAPE_REPRESENTATION(#67,#69);
#67 = ( REPRESENTATION_RELATIONSHIP('','',#48,#10) 
REPRESENTATION_RELATIONSHIP_WITH_TRANSFORMATION(#68) 
SHAPE_REPRESENTATION_RELATIONSHIP() );
#68 = ITEM_DEFINED_TRANSFORMATION('','',#11,#15);
#69 = PRODUCT_DEFINITION_SHAPE('Placement','Placement of an item',#70);
#70 = NEXT_ASSEMBLY_USAGE_OCCURRENCE('4','L2','',#5,#43,$);
#71 = PRODUCT_RELATED_PRODUCT_CATEGORY('part',$,(#45));
#72 = SHAPE_DEFINITION_REPRESENTATION(#73,#79);
#73 = PRODUCT_DEFINITION_SHAPE('','',#74);
#74 = PRODUCT_DEFINITION('design','',#75,#78);
#75 = PRODUCT_DEFINITION_FORMATION('','',#76);
#76 = PRODUCT('Chamfer','Chamfer','',(#77));
#77 = PRODUCT_CONTEXT('',#2,'mechanical');
#78 = PRODUCT_DEFINITION_CONTEXT('part definition',#2,'design');
#79 = ADVANCED_BREP_SHAPE_REPRESENTATION('',(#11,#80),#422);
#80 = MANIFOLD_SOLID_BREP('',#81);
#81 = CLOSED_SHELL('',(#82,#122,#153,#184,#215,#246,#268,#292,#316,#340,
    #357,#381,#398,#410));
#82 = ADVANCED_FACE('',(#83),#117,.F.);
#83 = FACE_BOUND('',#84,.F.);
#84 = EDGE_LOOP('',(#85,#95,#103,#111));
#85 = ORIENTED_EDGE('',*,*,#86,.F.);
#86 = EDGE_CURVE('',#87,#89,#91,.T.);
#87 = VERTEX_POINT('',#88);
#88 = CARTESIAN_POINT('',(-5.9,-6.,4.645));
#89 = VERTEX_POINT('',#90);
#90 = CARTESIAN_POINT('',(-5.9,-6.,4.655));
#91 = LINE('',#92,#93);
#92 = CARTESIAN_POINT('',(-5.9,-6.,0.1));
#93 = VECTOR('',#94,1.);
#94 = DIRECTION('',(0.,0.,1.));
#95 = ORIENTED_EDGE('',*,*,#96,.T.);
#96 = EDGE_CURVE('',#87,#97,#99,.T.);
#97 = VERTEX_POINT('',#98);
#98 = CARTESIAN_POINT('',(-5.9,6.,4.645));
#99 = LINE('',#100,#101);
#100 = CARTESIAN_POINT('',(-5.9,-6.,4.645));
#101 = VECTOR('',#102,1.);
#102 = DIRECTION('',(0.,1.,0.));
#103 = ORIENTED_EDGE('',*,*,#104,.T.);
#104 = EDGE_CURVE('',#97,#105,#107,.T.);
#105 = VERTEX_POINT('',#106);
#106 = CARTESIAN_POINT('',(-5.9,6.,4.655));
#107 = LINE('',#108,#109);
#108 = CARTESIAN_POINT('',(-5.9,6.,0.1));
#109 = VECTOR('',#110,1.);
#110 = DIRECTION('',(0.,0.,1.));
#111 = ORIENTED_EDGE('',*,*,#112,.F.);
#112 = EDGE_CURVE('',#89,#105,#113,.T.);
#113 = LINE('',#114,#115);
#114 = CARTESIAN_POINT('',(-5.9,-6.,4.655));
#115 = VECTOR('',#116,1.);
#116 = DIRECTION('',(0.,1.,0.));
#117 = PLANE('',#118);
#118 = AXIS2_PLACEMENT_3D('',#119,#120,#121);
#119 = CARTESIAN_POINT('',(-5.9,-6.,0.1));
#120 = DIRECTION('',(1.,0.,0.));
#121 = DIRECTION('',(0.,0.,1.));
#122 = ADVANCED_FACE('',(#123),#148,.F.);
#123 = FACE_BOUND('',#124,.F.);
#124 = EDGE_LOOP('',(#125,#135,#141,#142));
#125 = ORIENTED_EDGE('',*,*,#126,.F.);
#126 = EDGE_CURVE('',#127,#129,#131,.T.);
#127 = VERTEX_POINT('',#128);
#128 = CARTESIAN_POINT('',(5.9,-6.,4.645));
#129 = VERTEX_POINT('',#130);
#130 = CARTESIAN_POINT('',(5.9,-6.,4.655));
#131 = LINE('',#132,#133);
#132 = CARTESIAN_POINT('',(5.9,-6.,0.1));
#133 = VECTOR('',#134,1.);
#134 = DIRECTION('',(0.,0.,1.));
#135 = ORIENTED_EDGE('',*,*,#136,.F.);
#136 = EDGE_CURVE('',#87,#127,#137,.T.);
#137 = LINE('',#138,#139);
#138 = CARTESIAN_POINT('',(-5.9,-6.,4.645));
#139 = VECTOR('',#140,1.);
#140 = DIRECTION('',(1.,0.,0.));
#141 = ORIENTED_EDGE('',*,*,#86,.T.);
#142 = ORIENTED_EDGE('',*,*,#143,.T.);
#143 = EDGE_CURVE('',#89,#129,#144,.T.);
#144 = LINE('',#145,#146);
#145 = CARTESIAN_POINT('',(-5.9,-6.,4.655));
#146 = VECTOR('',#147,1.);
#147 = DIRECTION('',(1.,0.,0.));
#148 = PLANE('',#149);
#149 = AXIS2_PLACEMENT_3D('',#150,#151,#152);
#150 = CARTESIAN_POINT('',(-5.9,-6.,0.1));
#151 = DIRECTION('',(0.,1.,0.));
#152 = DIRECTION('',(0.,-0.,1.));
#153 = ADVANCED_FACE('',(#154),#179,.T.);
#154 = FACE_BOUND('',#155,.T.);
#155 = EDGE_LOOP('',(#156,#164,#165,#173));
#156 = ORIENTED_EDGE('',*,*,#157,.F.);
#157 = EDGE_CURVE('',#87,#158,#160,.T.);
#158 = VERTEX_POINT('',#159);
#159 = CARTESIAN_POINT('',(-5.6475,-5.7475,0.1));
#160 = LINE('',#161,#162);
#161 = CARTESIAN_POINT('',(-5.774137269939,-5.874137269939,
    2.379470858896));
#162 = VECTOR('',#163,1.);
#163 = DIRECTION('',(5.538487756217E-02,5.538487756217E-02,
    -0.996927796119));
#164 = ORIENTED_EDGE('',*,*,#96,.T.);
#165 = ORIENTED_EDGE('',*,*,#166,.T.);
#166 = EDGE_CURVE('',#97,#167,#169,.T.);
#167 = VERTEX_POINT('',#168);
#168 = CARTESIAN_POINT('',(-5.6475,5.7475,0.1));
#169 = LINE('',#170,#171);
#170 = CARTESIAN_POINT('',(-5.755732361963,5.855732361963,2.048182515337
    ));
#171 = VECTOR('',#172,1.);
#172 = DIRECTION('',(5.538487756217E-02,-5.538487756217E-02,
    -0.996927796119));
#173 = ORIENTED_EDGE('',*,*,#174,.F.);
#174 = EDGE_CURVE('',#158,#167,#175,.T.);
#175 = LINE('',#176,#177);
#176 = CARTESIAN_POINT('',(-5.6475,-6.,0.1));
#177 = VECTOR('',#178,1.);
#178 = DIRECTION('',(0.,1.,0.));
#179 = PLANE('',#180);
#180 = AXIS2_PLACEMENT_3D('',#181,#182,#183);
#181 = CARTESIAN_POINT('',(-5.77375,-6.,2.3725));
#182 = DIRECTION('',(-0.998460353205,0.,-5.547001962254E-02));
#183 = DIRECTION('',(0.,1.,0.));
#184 = ADVANCED_FACE('',(#185),#210,.F.);
#185 = FACE_BOUND('',#186,.F.);
#186 = EDGE_LOOP('',(#187,#195,#196,#204));
#187 = ORIENTED_EDGE('',*,*,#188,.F.);
#188 = EDGE_CURVE('',#89,#189,#191,.T.);
#189 = VERTEX_POINT('',#190);
#190 = CARTESIAN_POINT('',(-5.6475,-5.7475,10.2));
#191 = LINE('',#192,#193);
#192 = CARTESIAN_POINT('',(-5.7740107076,-5.8740107076,7.421774757861));
#193 = VECTOR('',#194,1.);
#194 = DIRECTION('',(4.544238869649E-02,4.544238869649E-02,
    0.997932852761));
#195 = ORIENTED_EDGE('',*,*,#112,.T.);
#196 = ORIENTED_EDGE('',*,*,#197,.T.);
#197 = EDGE_CURVE('',#105,#198,#200,.T.);
#198 = VERTEX_POINT('',#199);
#199 = CARTESIAN_POINT('',(-5.6475,5.7475,10.2));
#200 = LINE('',#201,#202);
#201 = CARTESIAN_POINT('',(-5.761620643457,5.861620643457,7.69386547339)
  );
#202 = VECTOR('',#203,1.);
#203 = DIRECTION('',(4.544238869649E-02,-4.544238869649E-02,
    0.997932852761));
#204 = ORIENTED_EDGE('',*,*,#205,.F.);
#205 = EDGE_CURVE('',#189,#198,#206,.T.);
#206 = LINE('',#207,#208);
#207 = CARTESIAN_POINT('',(-5.6475,-6.,10.2));
#208 = VECTOR('',#209,1.);
#209 = DIRECTION('',(0.,1.,0.));
#210 = PLANE('',#211);
#211 = AXIS2_PLACEMENT_3D('',#212,#213,#214);
#212 = CARTESIAN_POINT('',(-5.77375,-6.,7.4275));
#213 = DIRECTION('',(0.998964822312,0.,-4.548938099796E-02));
#214 = DIRECTION('',(0.,1.,0.));
#215 = ADVANCED_FACE('',(#216),#241,.T.);
#216 = FACE_BOUND('',#217,.T.);
#217 = EDGE_LOOP('',(#218,#228,#234,#235));
#218 = ORIENTED_EDGE('',*,*,#219,.F.);
#219 = EDGE_CURVE('',#220,#222,#224,.T.);
#220 = VERTEX_POINT('',#221);
#221 = CARTESIAN_POINT('',(5.9,6.,4.645));
#222 = VERTEX_POINT('',#223);
#223 = CARTESIAN_POINT('',(5.9,6.,4.655));
#224 = LINE('',#225,#226);
#225 = CARTESIAN_POINT('',(5.9,6.,0.1));
#226 = VECTOR('',#227,1.);
#227 = DIRECTION('',(0.,0.,1.));
#228 = ORIENTED_EDGE('',*,*,#229,.F.);
#229 = EDGE_CURVE('',#97,#220,#230,.T.);
#230 = LINE('',#231,#232);
#231 = CARTESIAN_POINT('',(-5.9,6.,4.645));
#232 = VECTOR('',#233,1.);
#233 = DIRECTION('',(1.,0.,0.));
#234 = ORIENTED_EDGE('',*,*,#104,.T.);
#235 = ORIENTED_EDGE('',*,*,#236,.T.);
#236 = EDGE_CURVE('',#105,#222,#237,.T.);
#237 = LINE('',#238,#239);
#238 = CARTESIAN_POINT('',(-5.9,6.,4.655));
#239 = VECTOR('',#240,1.);
#240 = DIRECTION('',(1.,0.,0.));
#241 = PLANE('',#242);
#242 = AXIS2_PLACEMENT_3D('',#243,#244,#245);
#243 = CARTESIAN_POINT('',(-5.9,6.,0.1));
#244 = DIRECTION('',(0.,1.,0.));
#245 = DIRECTION('',(0.,-0.,1.));
#246 = ADVANCED_FACE('',(#247),#263,.T.);
#247 = FACE_BOUND('',#248,.T.);
#248 = EDGE_LOOP('',(#249,#250,#256,#257));
#249 = ORIENTED_EDGE('',*,*,#126,.F.);
#250 = ORIENTED_EDGE('',*,*,#251,.T.);
#251 = EDGE_CURVE('',#127,#220,#252,.T.);
#252 = LINE('',#253,#254);
#253 = CARTESIAN_POINT('',(5.9,-6.,4.645));
#254 = VECTOR('',#255,1.);
#255 = DIRECTION('',(0.,1.,0.));
#256 = ORIENTED_EDGE('',*,*,#219,.T.);
#257 = ORIENTED_EDGE('',*,*,#258,.F.);
#258 = EDGE_CURVE('',#129,#222,#259,.T.);
#259 = LINE('',#260,#261);
#260 = CARTESIAN_POINT('',(5.9,-6.,4.655));
#261 = VECTOR('',#262,1.);
#262 = DIRECTION('',(0.,1.,0.));
#263 = PLANE('',#264);
#264 = AXIS2_PLACEMENT_3D('',#265,#266,#267);
#265 = CARTESIAN_POINT('',(5.9,-6.,0.1));
#266 = DIRECTION('',(1.,0.,0.));
#267 = DIRECTION('',(0.,0.,1.));
#268 = ADVANCED_FACE('',(#269),#287,.T.);
#269 = FACE_BOUND('',#270,.F.);
#270 = EDGE_LOOP('',(#271,#272,#273,#281));
#271 = ORIENTED_EDGE('',*,*,#157,.F.);
#272 = ORIENTED_EDGE('',*,*,#136,.T.);
#273 = ORIENTED_EDGE('',*,*,#274,.T.);
#274 = EDGE_CURVE('',#127,#275,#277,.T.);
#275 = VERTEX_POINT('',#276);
#276 = CARTESIAN_POINT('',(5.6475,-5.7475,0.1));
#277 = LINE('',#278,#279);
#278 = CARTESIAN_POINT('',(5.756039110429,-5.856039110429,2.05370398773)
  );
#279 = VECTOR('',#280,1.);
#280 = DIRECTION('',(-5.538487756217E-02,5.538487756217E-02,
    -0.996927796119));
#281 = ORIENTED_EDGE('',*,*,#282,.F.);
#282 = EDGE_CURVE('',#158,#275,#283,.T.);
#283 = LINE('',#284,#285);
#284 = CARTESIAN_POINT('',(-5.9,-5.7475,0.1));
#285 = VECTOR('',#286,1.);
#286 = DIRECTION('',(1.,0.,0.));
#287 = PLANE('',#288);
#288 = AXIS2_PLACEMENT_3D('',#289,#290,#291);
#289 = CARTESIAN_POINT('',(-5.9,-5.87375,2.3725));
#290 = DIRECTION('',(0.,-0.998460353205,-5.547001962254E-02));
#291 = DIRECTION('',(-1.,-0.,0.));
#292 = ADVANCED_FACE('',(#293),#311,.F.);
#293 = FACE_BOUND('',#294,.T.);
#294 = EDGE_LOOP('',(#295,#296,#297,#305));
#295 = ORIENTED_EDGE('',*,*,#188,.F.);
#296 = ORIENTED_EDGE('',*,*,#143,.T.);
#297 = ORIENTED_EDGE('',*,*,#298,.T.);
#298 = EDGE_CURVE('',#129,#299,#301,.T.);
#299 = VERTEX_POINT('',#300);
#300 = CARTESIAN_POINT('',(5.6475,-5.7475,10.2));
#301 = LINE('',#302,#303);
#302 = CARTESIAN_POINT('',(5.761827144526,-5.861827144526,7.689330628131
    ));
#303 = VECTOR('',#304,1.);
#304 = DIRECTION('',(-4.544238869649E-02,4.544238869649E-02,
    0.997932852761));
#305 = ORIENTED_EDGE('',*,*,#306,.F.);
#306 = EDGE_CURVE('',#189,#299,#307,.T.);
#307 = LINE('',#308,#309);
#308 = CARTESIAN_POINT('',(-5.9,-5.7475,10.2));
#309 = VECTOR('',#310,1.);
#310 = DIRECTION('',(1.,0.,0.));
#311 = PLANE('',#312);
#312 = AXIS2_PLACEMENT_3D('',#313,#314,#315);
#313 = CARTESIAN_POINT('',(-5.9,-5.87375,7.4275));
#314 = DIRECTION('',(0.,0.998964822312,-4.548938099796E-02));
#315 = DIRECTION('',(-1.,0.,-0.));
#316 = ADVANCED_FACE('',(#317),#335,.F.);
#317 = FACE_BOUND('',#318,.F.);
#318 = EDGE_LOOP('',(#319,#320,#321,#329));
#319 = ORIENTED_EDGE('',*,*,#174,.F.);
#320 = ORIENTED_EDGE('',*,*,#282,.T.);
#321 = ORIENTED_EDGE('',*,*,#322,.T.);
#322 = EDGE_CURVE('',#275,#323,#325,.T.);
#323 = VERTEX_POINT('',#324);
#324 = CARTESIAN_POINT('',(5.6475,5.7475,0.1));
#325 = LINE('',#326,#327);
#326 = CARTESIAN_POINT('',(5.6475,-6.,0.1));
#327 = VECTOR('',#328,1.);
#328 = DIRECTION('',(0.,1.,0.));
#329 = ORIENTED_EDGE('',*,*,#330,.F.);
#330 = EDGE_CURVE('',#167,#323,#331,.T.);
#331 = LINE('',#332,#333);
#332 = CARTESIAN_POINT('',(-5.9,5.7475,0.1));
#333 = VECTOR('',#334,1.);
#334 = DIRECTION('',(1.,0.,0.));
#335 = PLANE('',#336);
#336 = AXIS2_PLACEMENT_3D('',#337,#338,#339);
#337 = CARTESIAN_POINT('',(-5.9,-6.,0.1));
#338 = DIRECTION('',(0.,0.,1.));
#339 = DIRECTION('',(1.,0.,-0.));
#340 = ADVANCED_FACE('',(#341),#352,.F.);
#341 = FACE_BOUND('',#342,.T.);
#342 = EDGE_LOOP('',(#343,#344,#345,#351));
#343 = ORIENTED_EDGE('',*,*,#166,.F.);
#344 = ORIENTED_EDGE('',*,*,#229,.T.);
#345 = ORIENTED_EDGE('',*,*,#346,.T.);
#346 = EDGE_CURVE('',#220,#323,#347,.T.);
#347 = LINE('',#348,#349);
#348 = CARTESIAN_POINT('',(5.737634202454,5.837634202454,1.722415644172)
  );
#349 = VECTOR('',#350,1.);
#350 = DIRECTION('',(-5.538487756217E-02,-5.538487756217E-02,
    -0.996927796119));
#351 = ORIENTED_EDGE('',*,*,#330,.F.);
#352 = PLANE('',#353);
#353 = AXIS2_PLACEMENT_3D('',#354,#355,#356);
#354 = CARTESIAN_POINT('',(-5.9,5.87375,2.3725));
#355 = DIRECTION('',(0.,-0.998460353205,5.547001962254E-02));
#356 = DIRECTION('',(-1.,0.,0.));
#357 = ADVANCED_FACE('',(#358),#376,.T.);
#358 = FACE_BOUND('',#359,.T.);
#359 = EDGE_LOOP('',(#360,#361,#362,#370));
#360 = ORIENTED_EDGE('',*,*,#205,.F.);
#361 = ORIENTED_EDGE('',*,*,#306,.T.);
#362 = ORIENTED_EDGE('',*,*,#363,.T.);
#363 = EDGE_CURVE('',#299,#364,#366,.T.);
#364 = VERTEX_POINT('',#365);
#365 = CARTESIAN_POINT('',(5.6475,5.7475,10.2));
#366 = LINE('',#367,#368);
#367 = CARTESIAN_POINT('',(5.6475,-6.,10.2));
#368 = VECTOR('',#369,1.);
#369 = DIRECTION('',(0.,1.,0.));
#370 = ORIENTED_EDGE('',*,*,#371,.F.);
#371 = EDGE_CURVE('',#198,#364,#372,.T.);
#372 = LINE('',#373,#374);
#373 = CARTESIAN_POINT('',(-5.9,5.7475,10.2));
#374 = VECTOR('',#375,1.);
#375 = DIRECTION('',(1.,0.,0.));
#376 = PLANE('',#377);
#377 = AXIS2_PLACEMENT_3D('',#378,#379,#380);
#378 = CARTESIAN_POINT('',(-5.9,-6.,10.2));
#379 = DIRECTION('',(0.,0.,1.));
#380 = DIRECTION('',(1.,0.,-0.));
#381 = ADVANCED_FACE('',(#382),#393,.T.);
#382 = FACE_BOUND('',#383,.F.);
#383 = EDGE_LOOP('',(#384,#385,#386,#392));
#384 = ORIENTED_EDGE('',*,*,#197,.F.);
#385 = ORIENTED_EDGE('',*,*,#236,.T.);
#386 = ORIENTED_EDGE('',*,*,#387,.T.);
#387 = EDGE_CURVE('',#222,#364,#388,.T.);
#388 = LINE('',#389,#390);
#389 = CARTESIAN_POINT('',(5.749437080383,5.849437080383,7.96142134366)
  );
#390 = VECTOR('',#391,1.);
#391 = DIRECTION('',(-4.544238869649E-02,-4.544238869649E-02,
    0.997932852761));
#392 = ORIENTED_EDGE('',*,*,#371,.F.);
#393 = PLANE('',#394);
#394 = AXIS2_PLACEMENT_3D('',#395,#396,#397);
#395 = CARTESIAN_POINT('',(-5.9,5.87375,7.4275));
#396 = DIRECTION('',(0.,0.998964822312,4.548938099796E-02));
#397 = DIRECTION('',(-1.,0.,0.));
#398 = ADVANCED_FACE('',(#399),#405,.F.);
#399 = FACE_BOUND('',#400,.F.);
#400 = EDGE_LOOP('',(#401,#402,#403,#404));
#401 = ORIENTED_EDGE('',*,*,#274,.F.);
#402 = ORIENTED_EDGE('',*,*,#251,.T.);
#403 = ORIENTED_EDGE('',*,*,#346,.T.);
#404 = ORIENTED_EDGE('',*,*,#322,.F.);
#405 = PLANE('',#406);
#406 = AXIS2_PLACEMENT_3D('',#407,#408,#409);
#407 = CARTESIAN_POINT('',(5.77375,-6.,2.3725));
#408 = DIRECTION('',(-0.998460353205,0.,5.547001962254E-02));
#409 = DIRECTION('',(0.,1.,0.));
#410 = ADVANCED_FACE('',(#411),#417,.T.);
#411 = FACE_BOUND('',#412,.T.);
#412 = EDGE_LOOP('',(#413,#414,#415,#416));
#413 = ORIENTED_EDGE('',*,*,#298,.F.);
#414 = ORIENTED_EDGE('',*,*,#258,.T.);
#415 = ORIENTED_EDGE('',*,*,#387,.T.);
#416 = ORIENTED_EDGE('',*,*,#363,.F.);
#417 = PLANE('',#418);
#418 = AXIS2_PLACEMENT_3D('',#419,#420,#421);
#419 = CARTESIAN_POINT('',(5.77375,-6.,7.4275));
#420 = DIRECTION('',(0.998964822312,0.,4.548938099796E-02));
#421 = DIRECTION('',(-0.,1.,0.));
#422 = ( GEOMETRIC_REPRESENTATION_CONTEXT(3) 
GLOBAL_UNCERTAINTY_ASSIGNED_CONTEXT((#426)) GLOBAL_UNIT_ASSIGNED_CONTEXT
((#423,#424,#425)) REPRESENTATION_CONTEXT('Context #1',
  '3D Context with UNIT and UNCERTAINTY') );
#423 = ( LENGTH_UNIT() NAMED_UNIT(*) SI_UNIT(.MILLI.,.METRE.) );
#424 = ( NAMED_UNIT(*) PLANE_ANGLE_UNIT() SI_UNIT($,.RADIAN.) );
#425 = ( NAMED_UNIT(*) SI_UNIT($,.STERADIAN.) SOLID_ANGLE_UNIT() );
#426 = UNCERTAINTY_MEASURE_WITH_UNIT(LENGTH_MEASURE(1.E-07),#423,
  'distance_accuracy_value','confusion accuracy');
#427 = CONTEXT_DEPENDENT_SHAPE_REPRESENTATION(#428,#430);
#428 = ( REPRESENTATION_RELATIONSHIP('','',#79,#48) 
REPRESENTATION_RELATIONSHIP_WITH_TRANSFORMATION(#429) 
SHAPE_REPRESENTATION_RELATIONSHIP() );
#429 = ITEM_DEFINED_TRANSFORMATION('','',#11,#49);
#430 = PRODUCT_DEFINITION_SHAPE('Placement','Placement of an item',#431
  );
#431 = NEXT_ASSEMBLY_USAGE_OCCURRENCE('1','=>[0:1:1:2]','',#43,#74,$);
#432 = PRODUCT_RELATED_PRODUCT_CATEGORY('part',$,(#76));
#433 = SHAPE_DEFINITION_REPRESENTATION(#434,#440);
#434 = PRODUCT_DEFINITION_SHAPE('','',#435);
#435 = PRODUCT_DEFINITION('design','',#436,#439);
#436 = PRODUCT_DEFINITION_FORMATION('','',#437);
#437 = PRODUCT('FilletPin1','FilletPin1','',(#438));
#438 = PRODUCT_CONTEXT('',#2,'mechanical');
#439 = PRODUCT_DEFINITION_CONTEXT('part definition',#2,'design');
#440 = ADVANCED_BREP_SHAPE_REPRESENTATION('',(#11,#441),#793);
#441 = MANIFOLD_SOLID_BREP('',#442);
#442 = CLOSED_SHELL('',(#443,#533,#564,#589,#613,#637,#661,#686,#710,
    #734,#758,#775));
#443 = ADVANCED_FACE('',(#444),#528,.F.);
#444 = FACE_BOUND('',#445,.F.);
#445 = EDGE_LOOP('',(#446,#456,#464,#472,#480,#488,#496,#504,#513,#521)
  );
#446 = ORIENTED_EDGE('',*,*,#447,.T.);
#447 = EDGE_CURVE('',#448,#450,#452,.T.);
#448 = VERTEX_POINT('',#449);
#449 = CARTESIAN_POINT('',(-5.9,-2.5,4.645));
#450 = VERTEX_POINT('',#451);
#451 = CARTESIAN_POINT('',(-3.6,-2.5,4.645));
#452 = LINE('',#453,#454);
#453 = CARTESIAN_POINT('',(-6.,-2.5,4.645));
#454 = VECTOR('',#455,1.);
#455 = DIRECTION('',(1.,0.,0.));
#456 = ORIENTED_EDGE('',*,*,#457,.F.);
#457 = EDGE_CURVE('',#458,#450,#460,.T.);
#458 = VERTEX_POINT('',#459);
#459 = CARTESIAN_POINT('',(-3.6,-2.5,4.545));
#460 = LINE('',#461,#462);
#461 = CARTESIAN_POINT('',(-3.6,-2.5,4.545));
#462 = VECTOR('',#463,1.);
#463 = DIRECTION('',(0.,0.,1.));
#464 = ORIENTED_EDGE('',*,*,#465,.F.);
#465 = EDGE_CURVE('',#466,#458,#468,.T.);
#466 = VERTEX_POINT('',#467);
#467 = CARTESIAN_POINT('',(-5.9,-2.5,4.545));
#468 = LINE('',#469,#470);
#469 = CARTESIAN_POINT('',(-6.,-2.5,4.545));
#470 = VECTOR('',#471,1.);
#471 = DIRECTION('',(1.,0.,0.));
#472 = ORIENTED_EDGE('',*,*,#473,.F.);
#473 = EDGE_CURVE('',#474,#466,#476,.T.);
#474 = VERTEX_POINT('',#475);
#475 = CARTESIAN_POINT('',(-5.9,-2.5,0.1));
#476 = LINE('',#477,#478);
#477 = CARTESIAN_POINT('',(-5.9,-2.5,0.));
#478 = VECTOR('',#479,1.);
#479 = DIRECTION('',(0.,0.,1.));
#480 = ORIENTED_EDGE('',*,*,#481,.T.);
#481 = EDGE_CURVE('',#474,#482,#484,.T.);
#482 = VERTEX_POINT('',#483);
#483 = CARTESIAN_POINT('',(-3.5,-2.5,0.1));
#484 = LINE('',#485,#486);
#485 = CARTESIAN_POINT('',(-6.,-2.5,0.1));
#486 = VECTOR('',#487,1.);
#487 = DIRECTION('',(1.,0.,0.));
#488 = ORIENTED_EDGE('',*,*,#489,.F.);
#489 = EDGE_CURVE('',#490,#482,#492,.T.);
#490 = VERTEX_POINT('',#491);
#491 = CARTESIAN_POINT('',(-3.5,-2.5,0.));
#492 = LINE('',#493,#494);
#493 = CARTESIAN_POINT('',(-3.5,-2.5,0.));
#494 = VECTOR('',#495,1.);
#495 = DIRECTION('',(0.,0.,1.));
#496 = ORIENTED_EDGE('',*,*,#497,.F.);
#497 = EDGE_CURVE('',#498,#490,#500,.T.);
#498 = VERTEX_POINT('',#499);
#499 = CARTESIAN_POINT('',(-5.9,-2.5,-1.387778780781E-17));
#500 = LINE('',#501,#502);
#501 = CARTESIAN_POINT('',(-6.,-2.5,0.));
#502 = VECTOR('',#503,1.);
#503 = DIRECTION('',(1.,0.,0.));
#504 = ORIENTED_EDGE('',*,*,#505,.T.);
#505 = EDGE_CURVE('',#498,#506,#508,.T.);
#506 = VERTEX_POINT('',#507);
#507 = CARTESIAN_POINT('',(-6.,-2.5,0.1));
#508 = CIRCLE('',#509,0.1);
#509 = AXIS2_PLACEMENT_3D('',#510,#511,#512);
#510 = CARTESIAN_POINT('',(-5.9,-2.5,0.1));
#511 = DIRECTION('',(0.,1.,0.));
#512 = DIRECTION('',(0.,-0.,1.));
#513 = ORIENTED_EDGE('',*,*,#514,.T.);
#514 = EDGE_CURVE('',#506,#515,#517,.T.);
#515 = VERTEX_POINT('',#516);
#516 = CARTESIAN_POINT('',(-6.,-2.5,4.545));
#517 = LINE('',#518,#519);
#518 = CARTESIAN_POINT('',(-6.,-2.5,0.));
#519 = VECTOR('',#520,1.);
#520 = DIRECTION('',(0.,0.,1.));
#521 = ORIENTED_EDGE('',*,*,#522,.T.);
#522 = EDGE_CURVE('',#515,#448,#523,.T.);
#523 = CIRCLE('',#524,0.1);
#524 = AXIS2_PLACEMENT_3D('',#525,#526,#527);
#525 = CARTESIAN_POINT('',(-5.9,-2.5,4.545));
#526 = DIRECTION('',(0.,1.,0.));
#527 = DIRECTION('',(0.,-0.,1.));
#528 = PLANE('',#529);
#529 = AXIS2_PLACEMENT_3D('',#530,#531,#532);
#530 = CARTESIAN_POINT('',(-5.9,-2.5,0.));
#531 = DIRECTION('',(0.,1.,0.));
#532 = DIRECTION('',(0.,-0.,1.));
#533 = ADVANCED_FACE('',(#534),#559,.T.);
#534 = FACE_BOUND('',#535,.T.);
#535 = EDGE_LOOP('',(#536,#537,#545,#553));
#536 = ORIENTED_EDGE('',*,*,#447,.T.);
#537 = ORIENTED_EDGE('',*,*,#538,.T.);
#538 = EDGE_CURVE('',#450,#539,#541,.T.);
#539 = VERTEX_POINT('',#540);
#540 = CARTESIAN_POINT('',(-3.6,2.5,4.645));
#541 = LINE('',#542,#543);
#542 = CARTESIAN_POINT('',(-3.6,-2.5,4.645));
#543 = VECTOR('',#544,1.);
#544 = DIRECTION('',(0.,1.,0.));
#545 = ORIENTED_EDGE('',*,*,#546,.F.);
#546 = EDGE_CURVE('',#547,#539,#549,.T.);
#547 = VERTEX_POINT('',#548);
#548 = CARTESIAN_POINT('',(-5.9,2.5,4.645));
#549 = LINE('',#550,#551);
#550 = CARTESIAN_POINT('',(-6.,2.5,4.645));
#551 = VECTOR('',#552,1.);
#552 = DIRECTION('',(1.,0.,0.));
#553 = ORIENTED_EDGE('',*,*,#554,.F.);
#554 = EDGE_CURVE('',#448,#547,#555,.T.);
#555 = LINE('',#556,#557);
#556 = CARTESIAN_POINT('',(-5.9,-2.5,4.645));
#557 = VECTOR('',#558,1.);
#558 = DIRECTION('',(0.,1.,0.));
#559 = PLANE('',#560);
#560 = AXIS2_PLACEMENT_3D('',#561,#562,#563);
#561 = CARTESIAN_POINT('',(-6.,-2.5,4.645));
#562 = DIRECTION('',(0.,0.,1.));
#563 = DIRECTION('',(1.,0.,-0.));
#564 = ADVANCED_FACE('',(#565),#584,.T.);
#565 = FACE_BOUND('',#566,.T.);
#566 = EDGE_LOOP('',(#567,#568,#569,#578));
#567 = ORIENTED_EDGE('',*,*,#522,.T.);
#568 = ORIENTED_EDGE('',*,*,#554,.T.);
#569 = ORIENTED_EDGE('',*,*,#570,.F.);
#570 = EDGE_CURVE('',#571,#547,#573,.T.);
#571 = VERTEX_POINT('',#572);
#572 = CARTESIAN_POINT('',(-6.,2.5,4.545));
#573 = CIRCLE('',#574,0.1);
#574 = AXIS2_PLACEMENT_3D('',#575,#576,#577);
#575 = CARTESIAN_POINT('',(-5.9,2.5,4.545));
#576 = DIRECTION('',(0.,1.,0.));
#577 = DIRECTION('',(0.,-0.,1.));
#578 = ORIENTED_EDGE('',*,*,#579,.F.);
#579 = EDGE_CURVE('',#515,#571,#580,.T.);
#580 = LINE('',#581,#582);
#581 = CARTESIAN_POINT('',(-6.,-2.5,4.545));
#582 = VECTOR('',#583,1.);
#583 = DIRECTION('',(0.,1.,0.));
#584 = CYLINDRICAL_SURFACE('',#585,0.1);
#585 = AXIS2_PLACEMENT_3D('',#586,#587,#588);
#586 = CARTESIAN_POINT('',(-5.9,-2.5,4.545));
#587 = DIRECTION('',(0.,1.,0.));
#588 = DIRECTION('',(-1.,0.,0.));
#589 = ADVANCED_FACE('',(#590),#608,.T.);
#590 = FACE_BOUND('',#591,.T.);
#591 = EDGE_LOOP('',(#592,#593,#601,#607));
#592 = ORIENTED_EDGE('',*,*,#457,.F.);
#593 = ORIENTED_EDGE('',*,*,#594,.T.);
#594 = EDGE_CURVE('',#458,#595,#597,.T.);
#595 = VERTEX_POINT('',#596);
#596 = CARTESIAN_POINT('',(-3.6,2.5,4.545));
#597 = LINE('',#598,#599);
#598 = CARTESIAN_POINT('',(-3.6,-2.5,4.545));
#599 = VECTOR('',#600,1.);
#600 = DIRECTION('',(0.,1.,0.));
#601 = ORIENTED_EDGE('',*,*,#602,.T.);
#602 = EDGE_CURVE('',#595,#539,#603,.T.);
#603 = LINE('',#604,#605);
#604 = CARTESIAN_POINT('',(-3.6,2.5,4.545));
#605 = VECTOR('',#606,1.);
#606 = DIRECTION('',(0.,0.,1.));
#607 = ORIENTED_EDGE('',*,*,#538,.F.);
#608 = PLANE('',#609);
#609 = AXIS2_PLACEMENT_3D('',#610,#611,#612);
#610 = CARTESIAN_POINT('',(-3.6,-2.5,4.545));
#611 = DIRECTION('',(1.,0.,0.));
#612 = DIRECTION('',(0.,0.,1.));
#613 = ADVANCED_FACE('',(#614),#632,.F.);
#614 = FACE_BOUND('',#615,.F.);
#615 = EDGE_LOOP('',(#616,#617,#625,#631));
#616 = ORIENTED_EDGE('',*,*,#514,.F.);
#617 = ORIENTED_EDGE('',*,*,#618,.T.);
#618 = EDGE_CURVE('',#506,#619,#621,.T.);
#619 = VERTEX_POINT('',#620);
#620 = CARTESIAN_POINT('',(-6.,2.5,0.1));
#621 = LINE('',#622,#623);
#622 = CARTESIAN_POINT('',(-6.,-2.5,0.1));
#623 = VECTOR('',#624,1.);
#624 = DIRECTION('',(0.,1.,0.));
#625 = ORIENTED_EDGE('',*,*,#626,.T.);
#626 = EDGE_CURVE('',#619,#571,#627,.T.);
#627 = LINE('',#628,#629);
#628 = CARTESIAN_POINT('',(-6.,2.5,0.));
#629 = VECTOR('',#630,1.);
#630 = DIRECTION('',(0.,0.,1.));
#631 = ORIENTED_EDGE('',*,*,#579,.F.);
#632 = PLANE('',#633);
#633 = AXIS2_PLACEMENT_3D('',#634,#635,#636);
#634 = CARTESIAN_POINT('',(-6.,-2.5,0.));
#635 = DIRECTION('',(1.,0.,0.));
#636 = DIRECTION('',(0.,0.,1.));
#637 = ADVANCED_FACE('',(#638),#656,.F.);
#638 = FACE_BOUND('',#639,.F.);
#639 = EDGE_LOOP('',(#640,#648,#654,#655));
#640 = ORIENTED_EDGE('',*,*,#641,.F.);
#641 = EDGE_CURVE('',#642,#595,#644,.T.);
#642 = VERTEX_POINT('',#643);
#643 = CARTESIAN_POINT('',(-5.9,2.5,4.545));
#644 = LINE('',#645,#646);
#645 = CARTESIAN_POINT('',(-6.,2.5,4.545));
#646 = VECTOR('',#647,1.);
#647 = DIRECTION('',(1.,0.,0.));
#648 = ORIENTED_EDGE('',*,*,#649,.F.);
#649 = EDGE_CURVE('',#466,#642,#650,.T.);
#650 = LINE('',#651,#652);
#651 = CARTESIAN_POINT('',(-5.9,-2.5,4.545));
#652 = VECTOR('',#653,1.);
#653 = DIRECTION('',(0.,1.,0.));
#654 = ORIENTED_EDGE('',*,*,#465,.T.);
#655 = ORIENTED_EDGE('',*,*,#594,.T.);
#656 = PLANE('',#657);
#657 = AXIS2_PLACEMENT_3D('',#658,#659,#660);
#658 = CARTESIAN_POINT('',(-6.,-2.5,4.545));
#659 = DIRECTION('',(0.,0.,1.));
#660 = DIRECTION('',(1.,0.,-0.));
#661 = ADVANCED_FACE('',(#662),#681,.T.);
#662 = FACE_BOUND('',#663,.T.);
#663 = EDGE_LOOP('',(#664,#665,#666,#675));
#664 = ORIENTED_EDGE('',*,*,#505,.T.);
#665 = ORIENTED_EDGE('',*,*,#618,.T.);
#666 = ORIENTED_EDGE('',*,*,#667,.F.);
#667 = EDGE_CURVE('',#668,#619,#670,.T.);
#668 = VERTEX_POINT('',#669);
#669 = CARTESIAN_POINT('',(-5.9,2.5,-1.387778780781E-17));
#670 = CIRCLE('',#671,0.1);
#671 = AXIS2_PLACEMENT_3D('',#672,#673,#674);
#672 = CARTESIAN_POINT('',(-5.9,2.5,0.1));
#673 = DIRECTION('',(0.,1.,0.));
#674 = DIRECTION('',(0.,-0.,1.));
#675 = ORIENTED_EDGE('',*,*,#676,.F.);
#676 = EDGE_CURVE('',#498,#668,#677,.T.);
#677 = LINE('',#678,#679);
#678 = CARTESIAN_POINT('',(-5.9,-2.5,-1.387778780781E-17));
#679 = VECTOR('',#680,1.);
#680 = DIRECTION('',(0.,1.,0.));
#681 = CYLINDRICAL_SURFACE('',#682,0.1);
#682 = AXIS2_PLACEMENT_3D('',#683,#684,#685);
#683 = CARTESIAN_POINT('',(-5.9,-2.5,0.1));
#684 = DIRECTION('',(0.,1.,0.));
#685 = DIRECTION('',(0.,0.,-1.));
#686 = ADVANCED_FACE('',(#687),#705,.T.);
#687 = FACE_BOUND('',#688,.T.);
#688 = EDGE_LOOP('',(#689,#690,#698,#704));
#689 = ORIENTED_EDGE('',*,*,#473,.F.);
#690 = ORIENTED_EDGE('',*,*,#691,.F.);
#691 = EDGE_CURVE('',#692,#474,#694,.T.);
#692 = VERTEX_POINT('',#693);
#693 = CARTESIAN_POINT('',(-5.9,2.5,0.1));
#694 = LINE('',#695,#696);
#695 = CARTESIAN_POINT('',(-5.9,-2.5,0.1));
#696 = VECTOR('',#697,1.);
#697 = DIRECTION('',(0.,-1.,0.));
#698 = ORIENTED_EDGE('',*,*,#699,.T.);
#699 = EDGE_CURVE('',#692,#642,#700,.T.);
#700 = LINE('',#701,#702);
#701 = CARTESIAN_POINT('',(-5.9,2.5,0.));
#702 = VECTOR('',#703,1.);
#703 = DIRECTION('',(0.,0.,1.));
#704 = ORIENTED_EDGE('',*,*,#649,.F.);
#705 = PLANE('',#706);
#706 = AXIS2_PLACEMENT_3D('',#707,#708,#709);
#707 = CARTESIAN_POINT('',(-5.9,-2.5,0.));
#708 = DIRECTION('',(1.,0.,0.));
#709 = DIRECTION('',(0.,0.,1.));
#710 = ADVANCED_FACE('',(#711),#729,.F.);
#711 = FACE_BOUND('',#712,.F.);
#712 = EDGE_LOOP('',(#713,#721,#722,#723));
#713 = ORIENTED_EDGE('',*,*,#714,.F.);
#714 = EDGE_CURVE('',#668,#715,#717,.T.);
#715 = VERTEX_POINT('',#716);
#716 = CARTESIAN_POINT('',(-3.5,2.5,0.));
#717 = LINE('',#718,#719);
#718 = CARTESIAN_POINT('',(-6.,2.5,0.));
#719 = VECTOR('',#720,1.);
#720 = DIRECTION('',(1.,0.,0.));
#721 = ORIENTED_EDGE('',*,*,#676,.F.);
#722 = ORIENTED_EDGE('',*,*,#497,.T.);
#723 = ORIENTED_EDGE('',*,*,#724,.T.);
#724 = EDGE_CURVE('',#490,#715,#725,.T.);
#725 = LINE('',#726,#727);
#726 = CARTESIAN_POINT('',(-3.5,-2.5,0.));
#727 = VECTOR('',#728,1.);
#728 = DIRECTION('',(0.,1.,0.));
#729 = PLANE('',#730);
#730 = AXIS2_PLACEMENT_3D('',#731,#732,#733);
#731 = CARTESIAN_POINT('',(-6.,-2.5,0.));
#732 = DIRECTION('',(0.,0.,1.));
#733 = DIRECTION('',(1.,0.,-0.));
#734 = ADVANCED_FACE('',(#735),#753,.T.);
#735 = FACE_BOUND('',#736,.T.);
#736 = EDGE_LOOP('',(#737,#745,#746,#747));
#737 = ORIENTED_EDGE('',*,*,#738,.F.);
#738 = EDGE_CURVE('',#692,#739,#741,.T.);
#739 = VERTEX_POINT('',#740);
#740 = CARTESIAN_POINT('',(-3.5,2.5,0.1));
#741 = LINE('',#742,#743);
#742 = CARTESIAN_POINT('',(-6.,2.5,0.1));
#743 = VECTOR('',#744,1.);
#744 = DIRECTION('',(1.,0.,0.));
#745 = ORIENTED_EDGE('',*,*,#691,.T.);
#746 = ORIENTED_EDGE('',*,*,#481,.T.);
#747 = ORIENTED_EDGE('',*,*,#748,.T.);
#748 = EDGE_CURVE('',#482,#739,#749,.T.);
#749 = LINE('',#750,#751);
#750 = CARTESIAN_POINT('',(-3.5,-2.5,0.1));
#751 = VECTOR('',#752,1.);
#752 = DIRECTION('',(0.,1.,0.));
#753 = PLANE('',#754);
#754 = AXIS2_PLACEMENT_3D('',#755,#756,#757);
#755 = CARTESIAN_POINT('',(-6.,-2.5,0.1));
#756 = DIRECTION('',(0.,0.,1.));
#757 = DIRECTION('',(1.,0.,-0.));
#758 = ADVANCED_FACE('',(#759),#770,.T.);
#759 = FACE_BOUND('',#760,.T.);
#760 = EDGE_LOOP('',(#761,#762,#763,#769));
#761 = ORIENTED_EDGE('',*,*,#489,.F.);
#762 = ORIENTED_EDGE('',*,*,#724,.T.);
#763 = ORIENTED_EDGE('',*,*,#764,.T.);
#764 = EDGE_CURVE('',#715,#739,#765,.T.);
#765 = LINE('',#766,#767);
#766 = CARTESIAN_POINT('',(-3.5,2.5,0.));
#767 = VECTOR('',#768,1.);
#768 = DIRECTION('',(0.,0.,1.));
#769 = ORIENTED_EDGE('',*,*,#748,.F.);
#770 = PLANE('',#771);
#771 = AXIS2_PLACEMENT_3D('',#772,#773,#774);
#772 = CARTESIAN_POINT('',(-3.5,-2.5,0.));
#773 = DIRECTION('',(1.,0.,0.));
#774 = DIRECTION('',(0.,0.,1.));
#775 = ADVANCED_FACE('',(#776),#788,.T.);
#776 = FACE_BOUND('',#777,.T.);
#777 = EDGE_LOOP('',(#778,#779,#780,#781,#782,#783,#784,#785,#786,#787)
  );
#778 = ORIENTED_EDGE('',*,*,#714,.F.);
#779 = ORIENTED_EDGE('',*,*,#667,.T.);
#780 = ORIENTED_EDGE('',*,*,#626,.T.);
#781 = ORIENTED_EDGE('',*,*,#570,.T.);
#782 = ORIENTED_EDGE('',*,*,#546,.T.);
#783 = ORIENTED_EDGE('',*,*,#602,.F.);
#784 = ORIENTED_EDGE('',*,*,#641,.F.);
#785 = ORIENTED_EDGE('',*,*,#699,.F.);
#786 = ORIENTED_EDGE('',*,*,#738,.T.);
#787 = ORIENTED_EDGE('',*,*,#764,.F.);
#788 = PLANE('',#789);
#789 = AXIS2_PLACEMENT_3D('',#790,#791,#792);
#790 = CARTESIAN_POINT('',(-5.9,2.5,0.));
#791 = DIRECTION('',(0.,1.,0.));
#792 = DIRECTION('',(0.,-0.,1.));
#793 = ( GEOMETRIC_REPRESENTATION_CONTEXT(3) 
GLOBAL_UNCERTAINTY_ASSIGNED_CONTEXT((#797)) GLOBAL_UNIT_ASSIGNED_CONTEXT
((#794,#795,#796)) REPRESENTATION_CONTEXT('Context #1',
  '3D Context with UNIT and UNCERTAINTY') );
#794 = ( LENGTH_UNIT() NAMED_UNIT(*) SI_UNIT(.MILLI.,.METRE.) );
#795 = ( NAMED_UNIT(*) PLANE_ANGLE_UNIT() SI_UNIT($,.RADIAN.) );
#796 = ( NAMED_UNIT(*) SI_UNIT($,.STERADIAN.) SOLID_ANGLE_UNIT() );
#797 = UNCERTAINTY_MEASURE_WITH_UNIT(LENGTH_MEASURE(1.E-07),#794,
  'distance_accuracy_value','confusion accuracy');
#798 = CONTEXT_DEPENDENT_SHAPE_REPRESENTATION(#799,#801);
#799 = ( REPRESENTATION_RELATIONSHIP('','',#440,#48) 
REPRESENTATION_RELATIONSHIP_WITH_TRANSFORMATION(#800) 
SHAPE_REPRESENTATION_RELATIONSHIP() );
#800 = ITEM_DEFINED_TRANSFORMATION('','',#11,#53);
#801 = PRODUCT_DEFINITION_SHAPE('Placement','Placement of an item',#802
  );
#802 = NEXT_ASSEMBLY_USAGE_OCCURRENCE('2','=>[0:1:1:3]','',#43,#435,$);
#803 = PRODUCT_RELATED_PRODUCT_CATEGORY('part',$,(#437));
#804 = SHAPE_DEFINITION_REPRESENTATION(#805,#811);
#805 = PRODUCT_DEFINITION_SHAPE('','',#806);
#806 = PRODUCT_DEFINITION('design','',#807,#810);
#807 = PRODUCT_DEFINITION_FORMATION('','',#808);
#808 = PRODUCT('FilletPin2','FilletPin2','',(#809));
#809 = PRODUCT_CONTEXT('',#2,'mechanical');
#810 = PRODUCT_DEFINITION_CONTEXT('part definition',#2,'design');
#811 = ADVANCED_BREP_SHAPE_REPRESENTATION('',(#11,#812),#1164);
#812 = MANIFOLD_SOLID_BREP('',#813);
#813 = CLOSED_SHELL('',(#814,#854,#935,#960,#985,#1050,#1067,#1084,#1101
    ,#1118,#1135,#1152));
#814 = ADVANCED_FACE('',(#815),#849,.T.);
#815 = FACE_BOUND('',#816,.T.);
#816 = EDGE_LOOP('',(#817,#827,#835,#843));
#817 = ORIENTED_EDGE('',*,*,#818,.F.);
#818 = EDGE_CURVE('',#819,#821,#823,.T.);
#819 = VERTEX_POINT('',#820);
#820 = CARTESIAN_POINT('',(6.,-2.5,0.1));
#821 = VERTEX_POINT('',#822);
#822 = CARTESIAN_POINT('',(6.,-2.5,4.545));
#823 = LINE('',#824,#825);
#824 = CARTESIAN_POINT('',(6.,-2.5,0.));
#825 = VECTOR('',#826,1.);
#826 = DIRECTION('',(0.,0.,1.));
#827 = ORIENTED_EDGE('',*,*,#828,.T.);
#828 = EDGE_CURVE('',#819,#829,#831,.T.);
#829 = VERTEX_POINT('',#830);
#830 = CARTESIAN_POINT('',(6.,2.5,0.1));
#831 = LINE('',#832,#833);
#832 = CARTESIAN_POINT('',(6.,-2.5,0.1));
#833 = VECTOR('',#834,1.);
#834 = DIRECTION('',(0.,1.,0.));
#835 = ORIENTED_EDGE('',*,*,#836,.T.);
#836 = EDGE_CURVE('',#829,#837,#839,.T.);
#837 = VERTEX_POINT('',#838);
#838 = CARTESIAN_POINT('',(6.,2.5,4.545));
#839 = LINE('',#840,#841);
#840 = CARTESIAN_POINT('',(6.,2.5,0.));
#841 = VECTOR('',#842,1.);
#842 = DIRECTION('',(0.,0.,1.));
#843 = ORIENTED_EDGE('',*,*,#844,.F.);
#844 = EDGE_CURVE('',#821,#837,#845,.T.);
#845 = LINE('',#846,#847);
#846 = CARTESIAN_POINT('',(6.,-2.5,4.545));
#847 = VECTOR('',#848,1.);
#848 = DIRECTION('',(0.,1.,0.));
#849 = PLANE('',#850);
#850 = AXIS2_PLACEMENT_3D('',#851,#852,#853);
#851 = CARTESIAN_POINT('',(6.,-2.5,0.));
#852 = DIRECTION('',(1.,0.,0.));
#853 = DIRECTION('',(0.,0.,1.));
#854 = ADVANCED_FACE('',(#855),#930,.F.);
#855 = FACE_BOUND('',#856,.F.);
#856 = EDGE_LOOP('',(#857,#867,#875,#883,#891,#899,#907,#915,#922,#923)
  );
#857 = ORIENTED_EDGE('',*,*,#858,.F.);
#858 = EDGE_CURVE('',#859,#861,#863,.T.);
#859 = VERTEX_POINT('',#860);
#860 = CARTESIAN_POINT('',(3.4,-2.5,0.));
#861 = VERTEX_POINT('',#862);
#862 = CARTESIAN_POINT('',(5.9,-2.5,-1.387778780781E-17));
#863 = LINE('',#864,#865);
#864 = CARTESIAN_POINT('',(3.4,-2.5,0.));
#865 = VECTOR('',#866,1.);
#866 = DIRECTION('',(1.,0.,0.));
#867 = ORIENTED_EDGE('',*,*,#868,.T.);
#868 = EDGE_CURVE('',#859,#869,#871,.T.);
#869 = VERTEX_POINT('',#870);
#870 = CARTESIAN_POINT('',(3.4,-2.5,0.1));
#871 = LINE('',#872,#873);
#872 = CARTESIAN_POINT('',(3.4,-2.5,0.));
#873 = VECTOR('',#874,1.);
#874 = DIRECTION('',(0.,0.,1.));
#875 = ORIENTED_EDGE('',*,*,#876,.T.);
#876 = EDGE_CURVE('',#869,#877,#879,.T.);
#877 = VERTEX_POINT('',#878);
#878 = CARTESIAN_POINT('',(5.9,-2.5,0.1));
#879 = LINE('',#880,#881);
#880 = CARTESIAN_POINT('',(3.4,-2.5,0.1));
#881 = VECTOR('',#882,1.);
#882 = DIRECTION('',(1.,0.,0.));
#883 = ORIENTED_EDGE('',*,*,#884,.T.);
#884 = EDGE_CURVE('',#877,#885,#887,.T.);
#885 = VERTEX_POINT('',#886);
#886 = CARTESIAN_POINT('',(5.9,-2.5,4.545));
#887 = LINE('',#888,#889);
#888 = CARTESIAN_POINT('',(5.9,-2.5,0.));
#889 = VECTOR('',#890,1.);
#890 = DIRECTION('',(0.,0.,1.));
#891 = ORIENTED_EDGE('',*,*,#892,.F.);
#892 = EDGE_CURVE('',#893,#885,#895,.T.);
#893 = VERTEX_POINT('',#894);
#894 = CARTESIAN_POINT('',(3.5,-2.5,4.545));
#895 = LINE('',#896,#897);
#896 = CARTESIAN_POINT('',(3.5,-2.5,4.545));
#897 = VECTOR('',#898,1.);
#898 = DIRECTION('',(1.,0.,0.));
#899 = ORIENTED_EDGE('',*,*,#900,.T.);
#900 = EDGE_CURVE('',#893,#901,#903,.T.);
#901 = VERTEX_POINT('',#902);
#902 = CARTESIAN_POINT('',(3.5,-2.5,4.645));
#903 = LINE('',#904,#905);
#904 = CARTESIAN_POINT('',(3.5,-2.5,4.545));
#905 = VECTOR('',#906,1.);
#906 = DIRECTION('',(0.,0.,1.));
#907 = ORIENTED_EDGE('',*,*,#908,.T.);
#908 = EDGE_CURVE('',#901,#909,#911,.T.);
#909 = VERTEX_POINT('',#910);
#910 = CARTESIAN_POINT('',(5.9,-2.5,4.645));
#911 = LINE('',#912,#913);
#912 = CARTESIAN_POINT('',(5.9,-2.5,4.645));
#913 = VECTOR('',#914,1.);
#914 = DIRECTION('',(1.,0.,0.));
#915 = ORIENTED_EDGE('',*,*,#916,.F.);
#916 = EDGE_CURVE('',#821,#909,#917,.T.);
#917 = CIRCLE('',#918,0.1);
#918 = AXIS2_PLACEMENT_3D('',#919,#920,#921);
#919 = CARTESIAN_POINT('',(5.9,-2.5,4.545));
#920 = DIRECTION('',(0.,-1.,0.));
#921 = DIRECTION('',(0.,0.,1.));
#922 = ORIENTED_EDGE('',*,*,#818,.F.);
#923 = ORIENTED_EDGE('',*,*,#924,.T.);
#924 = EDGE_CURVE('',#819,#861,#925,.T.);
#925 = CIRCLE('',#926,0.1);
#926 = AXIS2_PLACEMENT_3D('',#927,#928,#929);
#927 = CARTESIAN_POINT('',(5.9,-2.5,0.1));
#928 = DIRECTION('',(0.,1.,0.));
#929 = DIRECTION('',(0.,-0.,1.));
#930 = PLANE('',#931);
#931 = AXIS2_PLACEMENT_3D('',#932,#933,#934);
#932 = CARTESIAN_POINT('',(3.4,-2.5,0.));
#933 = DIRECTION('',(0.,1.,0.));
#934 = DIRECTION('',(0.,-0.,1.));
#935 = ADVANCED_FACE('',(#936),#955,.T.);
#936 = FACE_BOUND('',#937,.T.);
#937 = EDGE_LOOP('',(#938,#939,#947,#954));
#938 = ORIENTED_EDGE('',*,*,#924,.T.);
#939 = ORIENTED_EDGE('',*,*,#940,.T.);
#940 = EDGE_CURVE('',#861,#941,#943,.T.);
#941 = VERTEX_POINT('',#942);
#942 = CARTESIAN_POINT('',(5.9,2.5,-1.387778780781E-17));
#943 = LINE('',#944,#945);
#944 = CARTESIAN_POINT('',(5.9,-2.5,-1.387778780781E-17));
#945 = VECTOR('',#946,1.);
#946 = DIRECTION('',(0.,1.,0.));
#947 = ORIENTED_EDGE('',*,*,#948,.F.);
#948 = EDGE_CURVE('',#829,#941,#949,.T.);
#949 = CIRCLE('',#950,0.1);
#950 = AXIS2_PLACEMENT_3D('',#951,#952,#953);
#951 = CARTESIAN_POINT('',(5.9,2.5,0.1));
#952 = DIRECTION('',(0.,1.,0.));
#953 = DIRECTION('',(0.,-0.,1.));
#954 = ORIENTED_EDGE('',*,*,#828,.F.);
#955 = CYLINDRICAL_SURFACE('',#956,0.1);
#956 = AXIS2_PLACEMENT_3D('',#957,#958,#959);
#957 = CARTESIAN_POINT('',(5.9,-2.5,0.1));
#958 = DIRECTION('',(0.,1.,0.));
#959 = DIRECTION('',(1.,0.,-0.));
#960 = ADVANCED_FACE('',(#961),#980,.T.);
#961 = FACE_BOUND('',#962,.T.);
#962 = EDGE_LOOP('',(#963,#964,#973,#979));
#963 = ORIENTED_EDGE('',*,*,#844,.T.);
#964 = ORIENTED_EDGE('',*,*,#965,.T.);
#965 = EDGE_CURVE('',#837,#966,#968,.T.);
#966 = VERTEX_POINT('',#967);
#967 = CARTESIAN_POINT('',(5.9,2.5,4.645));
#968 = CIRCLE('',#969,0.1);
#969 = AXIS2_PLACEMENT_3D('',#970,#971,#972);
#970 = CARTESIAN_POINT('',(5.9,2.5,4.545));
#971 = DIRECTION('',(0.,-1.,0.));
#972 = DIRECTION('',(0.,0.,1.));
#973 = ORIENTED_EDGE('',*,*,#974,.F.);
#974 = EDGE_CURVE('',#909,#966,#975,.T.);
#975 = LINE('',#976,#977);
#976 = CARTESIAN_POINT('',(5.9,-2.5,4.645));
#977 = VECTOR('',#978,1.);
#978 = DIRECTION('',(0.,1.,0.));
#979 = ORIENTED_EDGE('',*,*,#916,.F.);
#980 = CYLINDRICAL_SURFACE('',#981,0.1);
#981 = AXIS2_PLACEMENT_3D('',#982,#983,#984);
#982 = CARTESIAN_POINT('',(5.9,-2.5,4.545));
#983 = DIRECTION('',(0.,1.,0.));
#984 = DIRECTION('',(1.,0.,-0.));
#985 = ADVANCED_FACE('',(#986),#1045,.T.);
#986 = FACE_BOUND('',#987,.T.);
#987 = EDGE_LOOP('',(#988,#996,#997,#998,#999,#1007,#1015,#1023,#1031,
    #1039));
#988 = ORIENTED_EDGE('',*,*,#989,.T.);
#989 = EDGE_CURVE('',#990,#966,#992,.T.);
#990 = VERTEX_POINT('',#991);
#991 = CARTESIAN_POINT('',(3.5,2.5,4.645));
#992 = LINE('',#993,#994);
#993 = CARTESIAN_POINT('',(3.5,2.5,4.645));
#994 = VECTOR('',#995,1.);
#995 = DIRECTION('',(1.,0.,0.));
#996 = ORIENTED_EDGE('',*,*,#965,.F.);
#997 = ORIENTED_EDGE('',*,*,#836,.F.);
#998 = ORIENTED_EDGE('',*,*,#948,.T.);
#999 = ORIENTED_EDGE('',*,*,#1000,.F.);
#1000 = EDGE_CURVE('',#1001,#941,#1003,.T.);
#1001 = VERTEX_POINT('',#1002);
#1002 = CARTESIAN_POINT('',(3.4,2.5,0.));
#1003 = LINE('',#1004,#1005);
#1004 = CARTESIAN_POINT('',(5.9,2.5,0.));
#1005 = VECTOR('',#1006,1.);
#1006 = DIRECTION('',(1.,0.,0.));
#1007 = ORIENTED_EDGE('',*,*,#1008,.T.);
#1008 = EDGE_CURVE('',#1001,#1009,#1011,.T.);
#1009 = VERTEX_POINT('',#1010);
#1010 = CARTESIAN_POINT('',(3.4,2.5,0.1));
#1011 = LINE('',#1012,#1013);
#1012 = CARTESIAN_POINT('',(3.4,2.5,0.));
#1013 = VECTOR('',#1014,1.);
#1014 = DIRECTION('',(0.,0.,1.));
#1015 = ORIENTED_EDGE('',*,*,#1016,.T.);
#1016 = EDGE_CURVE('',#1009,#1017,#1019,.T.);
#1017 = VERTEX_POINT('',#1018);
#1018 = CARTESIAN_POINT('',(5.9,2.5,0.1));
#1019 = LINE('',#1020,#1021);
#1020 = CARTESIAN_POINT('',(3.4,2.5,0.1));
#1021 = VECTOR('',#1022,1.);
#1022 = DIRECTION('',(1.,0.,0.));
#1023 = ORIENTED_EDGE('',*,*,#1024,.T.);
#1024 = EDGE_CURVE('',#1017,#1025,#1027,.T.);
#1025 = VERTEX_POINT('',#1026);
#1026 = CARTESIAN_POINT('',(5.9,2.5,4.545));
#1027 = LINE('',#1028,#1029);
#1028 = CARTESIAN_POINT('',(5.9,2.5,0.));
#1029 = VECTOR('',#1030,1.);
#1030 = DIRECTION('',(0.,0.,1.));
#1031 = ORIENTED_EDGE('',*,*,#1032,.F.);
#1032 = EDGE_CURVE('',#1033,#1025,#1035,.T.);
#1033 = VERTEX_POINT('',#1034);
#1034 = CARTESIAN_POINT('',(3.5,2.5,4.545));
#1035 = LINE('',#1036,#1037);
#1036 = CARTESIAN_POINT('',(3.5,2.5,4.545));
#1037 = VECTOR('',#1038,1.);
#1038 = DIRECTION('',(1.,0.,0.));
#1039 = ORIENTED_EDGE('',*,*,#1040,.T.);
#1040 = EDGE_CURVE('',#1033,#990,#1041,.T.);
#1041 = LINE('',#1042,#1043);
#1042 = CARTESIAN_POINT('',(3.5,2.5,4.545));
#1043 = VECTOR('',#1044,1.);
#1044 = DIRECTION('',(0.,0.,1.));
#1045 = PLANE('',#1046);
#1046 = AXIS2_PLACEMENT_3D('',#1047,#1048,#1049);
#1047 = CARTESIAN_POINT('',(3.4,2.5,0.));
#1048 = DIRECTION('',(0.,1.,0.));
#1049 = DIRECTION('',(0.,-0.,1.));
#1050 = ADVANCED_FACE('',(#1051),#1062,.F.);
#1051 = FACE_BOUND('',#1052,.F.);
#1052 = EDGE_LOOP('',(#1053,#1054,#1060,#1061));
#1053 = ORIENTED_EDGE('',*,*,#1000,.F.);
#1054 = ORIENTED_EDGE('',*,*,#1055,.F.);
#1055 = EDGE_CURVE('',#859,#1001,#1056,.T.);
#1056 = LINE('',#1057,#1058);
#1057 = CARTESIAN_POINT('',(3.4,-2.5,0.));
#1058 = VECTOR('',#1059,1.);
#1059 = DIRECTION('',(0.,1.,0.));
#1060 = ORIENTED_EDGE('',*,*,#858,.T.);
#1061 = ORIENTED_EDGE('',*,*,#940,.T.);
#1062 = PLANE('',#1063);
#1063 = AXIS2_PLACEMENT_3D('',#1064,#1065,#1066);
#1064 = CARTESIAN_POINT('',(3.4,-2.5,0.));
#1065 = DIRECTION('',(0.,0.,1.));
#1066 = DIRECTION('',(1.,0.,-0.));
#1067 = ADVANCED_FACE('',(#1068),#1079,.F.);
#1068 = FACE_BOUND('',#1069,.F.);
#1069 = EDGE_LOOP('',(#1070,#1071,#1072,#1073));
#1070 = ORIENTED_EDGE('',*,*,#868,.F.);
#1071 = ORIENTED_EDGE('',*,*,#1055,.T.);
#1072 = ORIENTED_EDGE('',*,*,#1008,.T.);
#1073 = ORIENTED_EDGE('',*,*,#1074,.F.);
#1074 = EDGE_CURVE('',#869,#1009,#1075,.T.);
#1075 = LINE('',#1076,#1077);
#1076 = CARTESIAN_POINT('',(3.4,-2.5,0.1));
#1077 = VECTOR('',#1078,1.);
#1078 = DIRECTION('',(0.,1.,0.));
#1079 = PLANE('',#1080);
#1080 = AXIS2_PLACEMENT_3D('',#1081,#1082,#1083);
#1081 = CARTESIAN_POINT('',(3.4,-2.5,0.));
#1082 = DIRECTION('',(1.,0.,0.));
#1083 = DIRECTION('',(0.,0.,1.));
#1084 = ADVANCED_FACE('',(#1085),#1096,.T.);
#1085 = FACE_BOUND('',#1086,.T.);
#1086 = EDGE_LOOP('',(#1087,#1088,#1089,#1095));
#1087 = ORIENTED_EDGE('',*,*,#1074,.F.);
#1088 = ORIENTED_EDGE('',*,*,#876,.T.);
#1089 = ORIENTED_EDGE('',*,*,#1090,.T.);
#1090 = EDGE_CURVE('',#877,#1017,#1091,.T.);
#1091 = LINE('',#1092,#1093);
#1092 = CARTESIAN_POINT('',(5.9,-2.5,0.1));
#1093 = VECTOR('',#1094,1.);
#1094 = DIRECTION('',(0.,1.,0.));
#1095 = ORIENTED_EDGE('',*,*,#1016,.F.);
#1096 = PLANE('',#1097);
#1097 = AXIS2_PLACEMENT_3D('',#1098,#1099,#1100);
#1098 = CARTESIAN_POINT('',(3.4,-2.5,0.1));
#1099 = DIRECTION('',(0.,0.,1.));
#1100 = DIRECTION('',(1.,0.,-0.));
#1101 = ADVANCED_FACE('',(#1102),#1113,.F.);
#1102 = FACE_BOUND('',#1103,.F.);
#1103 = EDGE_LOOP('',(#1104,#1105,#1106,#1107));
#1104 = ORIENTED_EDGE('',*,*,#884,.F.);
#1105 = ORIENTED_EDGE('',*,*,#1090,.T.);
#1106 = ORIENTED_EDGE('',*,*,#1024,.T.);
#1107 = ORIENTED_EDGE('',*,*,#1108,.F.);
#1108 = EDGE_CURVE('',#885,#1025,#1109,.T.);
#1109 = LINE('',#1110,#1111);
#1110 = CARTESIAN_POINT('',(5.9,-2.5,4.545));
#1111 = VECTOR('',#1112,1.);
#1112 = DIRECTION('',(0.,1.,0.));
#1113 = PLANE('',#1114);
#1114 = AXIS2_PLACEMENT_3D('',#1115,#1116,#1117);
#1115 = CARTESIAN_POINT('',(5.9,-2.5,0.));
#1116 = DIRECTION('',(1.,0.,0.));
#1117 = DIRECTION('',(0.,0.,1.));
#1118 = ADVANCED_FACE('',(#1119),#1130,.F.);
#1119 = FACE_BOUND('',#1120,.F.);
#1120 = EDGE_LOOP('',(#1121,#1122,#1128,#1129));
#1121 = ORIENTED_EDGE('',*,*,#908,.F.);
#1122 = ORIENTED_EDGE('',*,*,#1123,.T.);
#1123 = EDGE_CURVE('',#901,#990,#1124,.T.);
#1124 = LINE('',#1125,#1126);
#1125 = CARTESIAN_POINT('',(3.5,-2.5,4.645));
#1126 = VECTOR('',#1127,1.);
#1127 = DIRECTION('',(0.,1.,0.));
#1128 = ORIENTED_EDGE('',*,*,#989,.T.);
#1129 = ORIENTED_EDGE('',*,*,#974,.F.);
#1130 = PLANE('',#1131);
#1131 = AXIS2_PLACEMENT_3D('',#1132,#1133,#1134);
#1132 = CARTESIAN_POINT('',(5.9,-2.5,4.645));
#1133 = DIRECTION('',(0.,0.,-1.));
#1134 = DIRECTION('',(-1.,0.,0.));
#1135 = ADVANCED_FACE('',(#1136),#1147,.F.);
#1136 = FACE_BOUND('',#1137,.F.);
#1137 = EDGE_LOOP('',(#1138,#1144,#1145,#1146));
#1138 = ORIENTED_EDGE('',*,*,#1139,.F.);
#1139 = EDGE_CURVE('',#893,#1033,#1140,.T.);
#1140 = LINE('',#1141,#1142);
#1141 = CARTESIAN_POINT('',(3.5,-2.5,4.545));
#1142 = VECTOR('',#1143,1.);
#1143 = DIRECTION('',(0.,1.,0.));
#1144 = ORIENTED_EDGE('',*,*,#892,.T.);
#1145 = ORIENTED_EDGE('',*,*,#1108,.T.);
#1146 = ORIENTED_EDGE('',*,*,#1032,.F.);
#1147 = PLANE('',#1148);
#1148 = AXIS2_PLACEMENT_3D('',#1149,#1150,#1151);
#1149 = CARTESIAN_POINT('',(3.5,-2.5,4.545));
#1150 = DIRECTION('',(0.,0.,1.));
#1151 = DIRECTION('',(1.,0.,-0.));
#1152 = ADVANCED_FACE('',(#1153),#1159,.F.);
#1153 = FACE_BOUND('',#1154,.F.);
#1154 = EDGE_LOOP('',(#1155,#1156,#1157,#1158));
#1155 = ORIENTED_EDGE('',*,*,#900,.F.);
#1156 = ORIENTED_EDGE('',*,*,#1139,.T.);
#1157 = ORIENTED_EDGE('',*,*,#1040,.T.);
#1158 = ORIENTED_EDGE('',*,*,#1123,.F.);
#1159 = PLANE('',#1160);
#1160 = AXIS2_PLACEMENT_3D('',#1161,#1162,#1163);
#1161 = CARTESIAN_POINT('',(3.5,-2.5,4.545));
#1162 = DIRECTION('',(1.,0.,0.));
#1163 = DIRECTION('',(0.,0.,1.));
#1164 = ( GEOMETRIC_REPRESENTATION_CONTEXT(3) 
GLOBAL_UNCERTAINTY_ASSIGNED_CONTEXT((#1168)) 
GLOBAL_UNIT_ASSIGNED_CONTEXT((#1165,#1166,#1167)) REPRESENTATION_CONTEXT
('Context #1','3D Context with UNIT and UNCERTAINTY') );
#1165 = ( LENGTH_UNIT() NAMED_UNIT(*) SI_UNIT(.MILLI.,.METRE.) );
#1166 = ( NAMED_UNIT(*) PLANE_ANGLE_UNIT() SI_UNIT($,.RADIAN.) );
#1167 = ( NAMED_UNIT(*) SI_UNIT($,.STERADIAN.) SOLID_ANGLE_UNIT() );
#1168 = UNCERTAINTY_MEASURE_WITH_UNIT(LENGTH_MEASURE(1.E-07),#1165,
  'distance_accuracy_value','confusion accuracy');
#1169 = CONTEXT_DEPENDENT_SHAPE_REPRESENTATION(#1170,#1172);
#1170 = ( REPRESENTATION_RELATIONSHIP('','',#811,#48) 
REPRESENTATION_RELATIONSHIP_WITH_TRANSFORMATION(#1171) 
SHAPE_REPRESENTATION_RELATIONSHIP() );
#1171 = ITEM_DEFINED_TRANSFORMATION('','',#11,#57);
#1172 = PRODUCT_DEFINITION_SHAPE('Placement','Placement of an item',
  #1173);
#1173 = NEXT_ASSEMBLY_USAGE_OCCURRENCE('3','=>[0:1:1:4]','',#43,#806,$);
#1174 = PRODUCT_RELATED_PRODUCT_CATEGORY('part',$,(#808));
#1175 = SHAPE_DEFINITION_REPRESENTATION(#1176,#1182);
#1176 = PRODUCT_DEFINITION_SHAPE('','',#1177);
#1177 = PRODUCT_DEFINITION('design','',#1178,#1181);
#1178 = PRODUCT_DEFINITION_FORMATION('','',#1179);
#1179 = PRODUCT('kicad_embedded_6101E91A8FF9ED33B7338B80FA883BC6',
  'kicad_embedded_6101E91A8FF9ED33B7338B80FA883BC6','',(#1180));
#1180 = PRODUCT_CONTEXT('',#2,'mechanical');
#1181 = PRODUCT_DEFINITION_CONTEXT('part definition',#2,'design');
#1182 = SHAPE_REPRESENTATION('',(#11,#1183,#1187,#1191),#1195);
#1183 = AXIS2_PLACEMENT_3D('',#1184,#1185,#1186);
#1184 = CARTESIAN_POINT('',(0.,0.,0.));
#1185 = DIRECTION('',(0.,0.,1.));
#1186 = DIRECTION('',(1.,0.,0.));
#1187 = AXIS2_PLACEMENT_3D('',#1188,#1189,#1190);
#1188 = CARTESIAN_POINT('',(0.,0.,0.));
#1189 = DIRECTION('',(0.,0.,1.));
#1190 = DIRECTION('',(1.,0.,0.));
#1191 = AXIS2_PLACEMENT_3D('',#1192,#1193,#1194);
#1192 = CARTESIAN_POINT('',(0.,0.,0.));
#1193 = DIRECTION('',(0.,0.,1.));
#1194 = DIRECTION('',(1.,0.,0.));
#1195 = ( GEOMETRIC_REPRESENTATION_CONTEXT(3) 
GLOBAL_UNCERTAINTY_ASSIGNED_CONTEXT((#1199)) 
GLOBAL_UNIT_ASSIGNED_CONTEXT((#1196,#1197,#1198)) REPRESENTATION_CONTEXT
('Context #1','3D Context with UNIT and UNCERTAINTY') );
#1196 = ( LENGTH_UNIT() NAMED_UNIT(*) SI_UNIT(.MILLI.,.METRE.) );
#1197 = ( NAMED_UNIT(*) PLANE_ANGLE_UNIT() SI_UNIT($,.RADIAN.) );
#1198 = ( NAMED_UNIT(*) SI_UNIT($,.STERADIAN.) SOLID_ANGLE_UNIT() );
#1199 = UNCERTAINTY_MEASURE_WITH_UNIT(LENGTH_MEASURE(1.E-07),#1196,
  'distance_accuracy_value','confusion accuracy');
#1200 = CONTEXT_DEPENDENT_SHAPE_REPRESENTATION(#1201,#1203);
#1201 = ( REPRESENTATION_RELATIONSHIP('','',#1182,#10) 
REPRESENTATION_RELATIONSHIP_WITH_TRANSFORMATION(#1202) 
SHAPE_REPRESENTATION_RELATIONSHIP() );
#1202 = ITEM_DEFINED_TRANSFORMATION('','',#11,#19);
#1203 = PRODUCT_DEFINITION_SHAPE('Placement','Placement of an item',
  #1204);
#1204 = NEXT_ASSEMBLY_USAGE_OCCURRENCE('8','C20','',#5,#1177,$);
#1205 = PRODUCT_RELATED_PRODUCT_CATEGORY('part',$,(#1179));
#1206 = SHAPE_DEFINITION_REPRESENTATION(#1207,#1213);
#1207 = PRODUCT_DEFINITION_SHAPE('','',#1208);
#1208 = PRODUCT_DEFINITION('design','',#1209,#1212);
#1209 = PRODUCT_DEFINITION_FORMATION('','',#1210);
#1210 = PRODUCT('Body','Body','',(#1211));
#1211 = PRODUCT_CONTEXT('',#2,'mechanical');
#1212 = PRODUCT_DEFINITION_CONTEXT('part definition',#2,'design');
#1213 = ADVANCED_BREP_SHAPE_REPRESENTATION('',(#11,#1214),#1589);
#1214 = MANIFOLD_SOLID_BREP('',#1215);
#1215 = CLOSED_SHELL('',(#1216,#1256,#1295,#1319,#1350,#1382,#1406,#1423
    ,#1440,#1471,#1495,#1512,#1536,#1560,#1577));
#1216 = ADVANCED_FACE('',(#1217),#1251,.F.);
#1217 = FACE_BOUND('',#1218,.F.);
#1218 = EDGE_LOOP('',(#1219,#1229,#1237,#1245));
#1219 = ORIENTED_EDGE('',*,*,#1220,.F.);
#1220 = EDGE_CURVE('',#1221,#1223,#1225,.T.);
#1221 = VERTEX_POINT('',#1222);
#1222 = CARTESIAN_POINT('',(-3.55,-3.,0.965));
#1223 = VERTEX_POINT('',#1224);
#1224 = CARTESIAN_POINT('',(-3.529625233207,-2.979625233207,
    1.408955444854));
#1225 = LINE('',#1226,#1227);
#1226 = CARTESIAN_POINT('',(-3.52629981321,-2.97629981321,1.481414596382
    ));
#1227 = VECTOR('',#1228,1.);
#1228 = DIRECTION('',(4.579736123969E-02,4.579736123969E-02,
    0.997900397538));
#1229 = ORIENTED_EDGE('',*,*,#1230,.T.);
#1230 = EDGE_CURVE('',#1221,#1231,#1233,.T.);
#1231 = VERTEX_POINT('',#1232);
#1232 = CARTESIAN_POINT('',(-3.55,3.,0.965));
#1233 = LINE('',#1234,#1235);
#1234 = CARTESIAN_POINT('',(-3.55,-3.,0.965));
#1235 = VECTOR('',#1236,1.);
#1236 = DIRECTION('',(0.,1.,0.));
#1237 = ORIENTED_EDGE('',*,*,#1238,.T.);
#1238 = EDGE_CURVE('',#1231,#1239,#1241,.T.);
#1239 = VERTEX_POINT('',#1240);
#1240 = CARTESIAN_POINT('',(-3.529625233207,2.979625233207,
    1.408955444854));
#1241 = LINE('',#1242,#1243);
#1242 = CARTESIAN_POINT('',(-3.52000761832,2.97000761832,1.618518211343)
  );
#1243 = VECTOR('',#1244,1.);
#1244 = DIRECTION('',(4.579736123969E-02,-4.579736123969E-02,
    0.997900397538));
#1245 = ORIENTED_EDGE('',*,*,#1246,.F.);
#1246 = EDGE_CURVE('',#1223,#1239,#1247,.T.);
#1247 = LINE('',#1248,#1249);
#1248 = CARTESIAN_POINT('',(-3.529625233207,-2.9525,1.408955444854));
#1249 = VECTOR('',#1250,1.);
#1250 = DIRECTION('',(0.,1.,0.));
#1251 = PLANE('',#1252);
#1252 = AXIS2_PLACEMENT_3D('',#1253,#1254,#1255);
#1253 = CARTESIAN_POINT('',(-3.52625,-3.,1.4825));
#1254 = DIRECTION('',(0.998948543909,0.,-4.584546457553E-02));
#1255 = DIRECTION('',(0.,1.,0.));
#1256 = ADVANCED_FACE('',(#1257),#1290,.F.);
#1257 = FACE_BOUND('',#1258,.T.);
#1258 = EDGE_LOOP('',(#1259,#1260,#1268,#1276,#1284));
#1259 = ORIENTED_EDGE('',*,*,#1220,.F.);
#1260 = ORIENTED_EDGE('',*,*,#1261,.T.);
#1261 = EDGE_CURVE('',#1221,#1262,#1264,.T.);
#1262 = VERTEX_POINT('',#1263);
#1263 = CARTESIAN_POINT('',(3.55,-3.,0.965));
#1264 = LINE('',#1265,#1266);
#1265 = CARTESIAN_POINT('',(-3.55,-3.,0.965));
#1266 = VECTOR('',#1267,1.);
#1267 = DIRECTION('',(1.,0.,0.));
#1268 = ORIENTED_EDGE('',*,*,#1269,.T.);
#1269 = EDGE_CURVE('',#1262,#1270,#1272,.T.);
#1270 = VERTEX_POINT('',#1271);
#1271 = CARTESIAN_POINT('',(3.5025,-2.9525,2.));
#1272 = LINE('',#1273,#1274);
#1273 = CARTESIAN_POINT('',(3.518854049257,-2.968854049257,
    1.643653874086));
#1274 = VECTOR('',#1275,1.);
#1275 = DIRECTION('',(-4.579736123969E-02,4.579736123969E-02,
    0.997900397538));
#1276 = ORIENTED_EDGE('',*,*,#1277,.F.);
#1277 = EDGE_CURVE('',#1278,#1270,#1280,.T.);
#1278 = VERTEX_POINT('',#1279);
#1279 = CARTESIAN_POINT('',(-2.910833333333,-2.9525,2.));
#1280 = LINE('',#1281,#1282);
#1281 = CARTESIAN_POINT('',(-3.55,-2.9525,2.));
#1282 = VECTOR('',#1283,1.);
#1283 = DIRECTION('',(1.,0.,0.));
#1284 = ORIENTED_EDGE('',*,*,#1285,.F.);
#1285 = EDGE_CURVE('',#1223,#1278,#1286,.T.);
#1286 = LINE('',#1287,#1288);
#1287 = CARTESIAN_POINT('',(-3.361706819506,-2.972264396499,
    1.569344202604));
#1288 = VECTOR('',#1289,1.);
#1289 = DIRECTION('',(0.722770923665,3.168323609888E-02,0.690361039207)
  );
#1290 = PLANE('',#1291);
#1291 = AXIS2_PLACEMENT_3D('',#1292,#1293,#1294);
#1292 = CARTESIAN_POINT('',(-3.55,-2.97625,1.4825));
#1293 = DIRECTION('',(0.,0.998948543909,-4.584546457553E-02));
#1294 = DIRECTION('',(-1.,0.,-0.));
#1295 = ADVANCED_FACE('',(#1296),#1314,.F.);
#1296 = FACE_BOUND('',#1297,.F.);
#1297 = EDGE_LOOP('',(#1298,#1299,#1300,#1308));
#1298 = ORIENTED_EDGE('',*,*,#1285,.F.);
#1299 = ORIENTED_EDGE('',*,*,#1246,.T.);
#1300 = ORIENTED_EDGE('',*,*,#1301,.T.);
#1301 = EDGE_CURVE('',#1239,#1302,#1304,.T.);
#1302 = VERTEX_POINT('',#1303);
#1303 = CARTESIAN_POINT('',(-2.910833333333,2.9525,2.));
#1304 = LINE('',#1305,#1306);
#1305 = CARTESIAN_POINT('',(-3.294095390833,2.969300595954,1.63392385659
    ));
#1306 = VECTOR('',#1307,1.);
#1307 = DIRECTION('',(0.722770923665,-3.168323609888E-02,0.690361039207)
  );
#1308 = ORIENTED_EDGE('',*,*,#1309,.F.);
#1309 = EDGE_CURVE('',#1278,#1302,#1310,.T.);
#1310 = LINE('',#1311,#1312);
#1311 = CARTESIAN_POINT('',(-2.910833333333,-2.9525,2.));
#1312 = VECTOR('',#1313,1.);
#1313 = DIRECTION('',(0.,1.,0.));
#1314 = PLANE('',#1315);
#1315 = AXIS2_PLACEMENT_3D('',#1316,#1317,#1318);
#1316 = CARTESIAN_POINT('',(-3.22022928327,-2.9525,1.704477722427));
#1317 = DIRECTION('',(0.690707801977,6.964252145068E-18,-0.723133965658)
  );
#1318 = DIRECTION('',(-4.810263291535E-18,1.,5.036087271503E-18));
#1319 = ADVANCED_FACE('',(#1320),#1345,.F.);
#1320 = FACE_BOUND('',#1321,.F.);
#1321 = EDGE_LOOP('',(#1322,#1330,#1338,#1344));
#1322 = ORIENTED_EDGE('',*,*,#1323,.F.);
#1323 = EDGE_CURVE('',#1324,#1221,#1326,.T.);
#1324 = VERTEX_POINT('',#1325);
#1325 = CARTESIAN_POINT('',(-3.55,-3.,0.955));
#1326 = LINE('',#1327,#1328);
#1327 = CARTESIAN_POINT('',(-3.55,-3.,0.1));
#1328 = VECTOR('',#1329,1.);
#1329 = DIRECTION('',(0.,0.,1.));
#1330 = ORIENTED_EDGE('',*,*,#1331,.T.);
#1331 = EDGE_CURVE('',#1324,#1332,#1334,.T.);
#1332 = VERTEX_POINT('',#1333);
#1333 = CARTESIAN_POINT('',(-3.55,3.,0.955));
#1334 = LINE('',#1335,#1336);
#1335 = CARTESIAN_POINT('',(-3.55,-3.,0.955));
#1336 = VECTOR('',#1337,1.);
#1337 = DIRECTION('',(0.,1.,0.));
#1338 = ORIENTED_EDGE('',*,*,#1339,.T.);
#1339 = EDGE_CURVE('',#1332,#1231,#1340,.T.);
#1340 = LINE('',#1341,#1342);
#1341 = CARTESIAN_POINT('',(-3.55,3.,0.1));
#1342 = VECTOR('',#1343,1.);
#1343 = DIRECTION('',(0.,0.,1.));
#1344 = ORIENTED_EDGE('',*,*,#1230,.F.);
#1345 = PLANE('',#1346);
#1346 = AXIS2_PLACEMENT_3D('',#1347,#1348,#1349);
#1347 = CARTESIAN_POINT('',(-3.55,-3.,0.1));
#1348 = DIRECTION('',(1.,0.,0.));
#1349 = DIRECTION('',(0.,0.,1.));
#1350 = ADVANCED_FACE('',(#1351),#1377,.T.);
#1351 = FACE_BOUND('',#1352,.F.);
#1352 = EDGE_LOOP('',(#1353,#1354,#1362,#1370,#1376));
#1353 = ORIENTED_EDGE('',*,*,#1238,.F.);
#1354 = ORIENTED_EDGE('',*,*,#1355,.T.);
#1355 = EDGE_CURVE('',#1231,#1356,#1358,.T.);
#1356 = VERTEX_POINT('',#1357);
#1357 = CARTESIAN_POINT('',(3.55,3.,0.965));
#1358 = LINE('',#1359,#1360);
#1359 = CARTESIAN_POINT('',(-3.55,3.,0.965));
#1360 = VECTOR('',#1361,1.);
#1361 = DIRECTION('',(1.,0.,0.));
#1362 = ORIENTED_EDGE('',*,*,#1363,.T.);
#1363 = EDGE_CURVE('',#1356,#1364,#1366,.T.);
#1364 = VERTEX_POINT('',#1365);
#1365 = CARTESIAN_POINT('',(3.5025,2.9525,2.));
#1366 = LINE('',#1367,#1368);
#1367 = CARTESIAN_POINT('',(3.512561854367,2.962561854367,1.780757489048
    ));
#1368 = VECTOR('',#1369,1.);
#1369 = DIRECTION('',(-4.579736123969E-02,-4.579736123969E-02,
    0.997900397538));
#1370 = ORIENTED_EDGE('',*,*,#1371,.F.);
#1371 = EDGE_CURVE('',#1302,#1364,#1372,.T.);
#1372 = LINE('',#1373,#1374);
#1373 = CARTESIAN_POINT('',(-3.55,2.9525,2.));
#1374 = VECTOR('',#1375,1.);
#1375 = DIRECTION('',(1.,0.,0.));
#1376 = ORIENTED_EDGE('',*,*,#1301,.F.);
#1377 = PLANE('',#1378);
#1378 = AXIS2_PLACEMENT_3D('',#1379,#1380,#1381);
#1379 = CARTESIAN_POINT('',(-3.55,2.97625,1.4825));
#1380 = DIRECTION('',(0.,0.998948543909,4.584546457553E-02));
#1381 = DIRECTION('',(-1.,0.,0.));
#1382 = ADVANCED_FACE('',(#1383),#1401,.F.);
#1383 = FACE_BOUND('',#1384,.F.);
#1384 = EDGE_LOOP('',(#1385,#1393,#1399,#1400));
#1385 = ORIENTED_EDGE('',*,*,#1386,.F.);
#1386 = EDGE_CURVE('',#1387,#1262,#1389,.T.);
#1387 = VERTEX_POINT('',#1388);
#1388 = CARTESIAN_POINT('',(3.55,-3.,0.955));
#1389 = LINE('',#1390,#1391);
#1390 = CARTESIAN_POINT('',(3.55,-3.,0.1));
#1391 = VECTOR('',#1392,1.);
#1392 = DIRECTION('',(0.,0.,1.));
#1393 = ORIENTED_EDGE('',*,*,#1394,.F.);
#1394 = EDGE_CURVE('',#1324,#1387,#1395,.T.);
#1395 = LINE('',#1396,#1397);
#1396 = CARTESIAN_POINT('',(-3.55,-3.,0.955));
#1397 = VECTOR('',#1398,1.);
#1398 = DIRECTION('',(1.,0.,0.));
#1399 = ORIENTED_EDGE('',*,*,#1323,.T.);
#1400 = ORIENTED_EDGE('',*,*,#1261,.T.);
#1401 = PLANE('',#1402);
#1402 = AXIS2_PLACEMENT_3D('',#1403,#1404,#1405);
#1403 = CARTESIAN_POINT('',(-3.55,-3.,0.1));
#1404 = DIRECTION('',(0.,1.,0.));
#1405 = DIRECTION('',(0.,-0.,1.));
#1406 = ADVANCED_FACE('',(#1407),#1418,.T.);
#1407 = FACE_BOUND('',#1408,.T.);
#1408 = EDGE_LOOP('',(#1409,#1410,#1416,#1417));
#1409 = ORIENTED_EDGE('',*,*,#1277,.T.);
#1410 = ORIENTED_EDGE('',*,*,#1411,.T.);
#1411 = EDGE_CURVE('',#1270,#1364,#1412,.T.);
#1412 = LINE('',#1413,#1414);
#1413 = CARTESIAN_POINT('',(3.5025,-3.,2.));
#1414 = VECTOR('',#1415,1.);
#1415 = DIRECTION('',(0.,1.,0.));
#1416 = ORIENTED_EDGE('',*,*,#1371,.F.);
#1417 = ORIENTED_EDGE('',*,*,#1309,.F.);
#1418 = PLANE('',#1419);
#1419 = AXIS2_PLACEMENT_3D('',#1420,#1421,#1422);
#1420 = CARTESIAN_POINT('',(-3.55,-3.,2.));
#1421 = DIRECTION('',(0.,0.,1.));
#1422 = DIRECTION('',(1.,0.,-0.));
#1423 = ADVANCED_FACE('',(#1424),#1435,.T.);
#1424 = FACE_BOUND('',#1425,.T.);
#1425 = EDGE_LOOP('',(#1426,#1427,#1433,#1434));
#1426 = ORIENTED_EDGE('',*,*,#1269,.F.);
#1427 = ORIENTED_EDGE('',*,*,#1428,.T.);
#1428 = EDGE_CURVE('',#1262,#1356,#1429,.T.);
#1429 = LINE('',#1430,#1431);
#1430 = CARTESIAN_POINT('',(3.55,-3.,0.965));
#1431 = VECTOR('',#1432,1.);
#1432 = DIRECTION('',(0.,1.,0.));
#1433 = ORIENTED_EDGE('',*,*,#1363,.T.);
#1434 = ORIENTED_EDGE('',*,*,#1411,.F.);
#1435 = PLANE('',#1436);
#1436 = AXIS2_PLACEMENT_3D('',#1437,#1438,#1439);
#1437 = CARTESIAN_POINT('',(3.52625,-3.,1.4825));
#1438 = DIRECTION('',(0.998948543909,0.,4.584546457553E-02));
#1439 = DIRECTION('',(-0.,1.,0.));
#1440 = ADVANCED_FACE('',(#1441),#1466,.T.);
#1441 = FACE_BOUND('',#1442,.T.);
#1442 = EDGE_LOOP('',(#1443,#1451,#1452,#1460));
#1443 = ORIENTED_EDGE('',*,*,#1444,.F.);
#1444 = EDGE_CURVE('',#1324,#1445,#1447,.T.);
#1445 = VERTEX_POINT('',#1446);
#1446 = CARTESIAN_POINT('',(-3.5025,-2.9525,0.1));
#1447 = LINE('',#1448,#1449);
#1448 = CARTESIAN_POINT('',(-3.526322852761,-2.976322852761,
    0.528811349693));
#1449 = VECTOR('',#1450,1.);
#1450 = DIRECTION('',(5.538487756217E-02,5.538487756217E-02,
    -0.996927796119));
#1451 = ORIENTED_EDGE('',*,*,#1331,.T.);
#1452 = ORIENTED_EDGE('',*,*,#1453,.T.);
#1453 = EDGE_CURVE('',#1332,#1454,#1456,.T.);
#1454 = VERTEX_POINT('',#1455);
#1455 = CARTESIAN_POINT('',(-3.5025,2.9525,0.1));
#1456 = LINE('',#1457,#1458);
#1457 = CARTESIAN_POINT('',(-3.517120398773,2.967120398773,
    0.363167177914));
#1458 = VECTOR('',#1459,1.);
#1459 = DIRECTION('',(5.538487756217E-02,-5.538487756217E-02,
    -0.996927796119));
#1460 = ORIENTED_EDGE('',*,*,#1461,.F.);
#1461 = EDGE_CURVE('',#1445,#1454,#1462,.T.);
#1462 = LINE('',#1463,#1464);
#1463 = CARTESIAN_POINT('',(-3.5025,-3.,0.1));
#1464 = VECTOR('',#1465,1.);
#1465 = DIRECTION('',(0.,1.,0.));
#1466 = PLANE('',#1467);
#1467 = AXIS2_PLACEMENT_3D('',#1468,#1469,#1470);
#1468 = CARTESIAN_POINT('',(-3.52625,-3.,0.5275));
#1469 = DIRECTION('',(-0.998460353205,8.705360299927E-19,
    -5.547001962254E-02));
#1470 = DIRECTION('',(8.691957119845E-19,1.,4.82886506658E-20));
#1471 = ADVANCED_FACE('',(#1472),#1490,.T.);
#1472 = FACE_BOUND('',#1473,.T.);
#1473 = EDGE_LOOP('',(#1474,#1482,#1488,#1489));
#1474 = ORIENTED_EDGE('',*,*,#1475,.F.);
#1475 = EDGE_CURVE('',#1476,#1356,#1478,.T.);
#1476 = VERTEX_POINT('',#1477);
#1477 = CARTESIAN_POINT('',(3.55,3.,0.955));
#1478 = LINE('',#1479,#1480);
#1479 = CARTESIAN_POINT('',(3.55,3.,0.1));
#1480 = VECTOR('',#1481,1.);
#1481 = DIRECTION('',(0.,0.,1.));
#1482 = ORIENTED_EDGE('',*,*,#1483,.F.);
#1483 = EDGE_CURVE('',#1332,#1476,#1484,.T.);
#1484 = LINE('',#1485,#1486);
#1485 = CARTESIAN_POINT('',(-3.55,3.,0.955));
#1486 = VECTOR('',#1487,1.);
#1487 = DIRECTION('',(1.,0.,0.));
#1488 = ORIENTED_EDGE('',*,*,#1339,.T.);
#1489 = ORIENTED_EDGE('',*,*,#1355,.T.);
#1490 = PLANE('',#1491);
#1491 = AXIS2_PLACEMENT_3D('',#1492,#1493,#1494);
#1492 = CARTESIAN_POINT('',(-3.55,3.,0.1));
#1493 = DIRECTION('',(0.,1.,0.));
#1494 = DIRECTION('',(0.,-0.,1.));
#1495 = ADVANCED_FACE('',(#1496),#1507,.T.);
#1496 = FACE_BOUND('',#1497,.T.);
#1497 = EDGE_LOOP('',(#1498,#1499,#1505,#1506));
#1498 = ORIENTED_EDGE('',*,*,#1386,.F.);
#1499 = ORIENTED_EDGE('',*,*,#1500,.T.);
#1500 = EDGE_CURVE('',#1387,#1476,#1501,.T.);
#1501 = LINE('',#1502,#1503);
#1502 = CARTESIAN_POINT('',(3.55,-3.,0.955));
#1503 = VECTOR('',#1504,1.);
#1504 = DIRECTION('',(0.,1.,0.));
#1505 = ORIENTED_EDGE('',*,*,#1475,.T.);
#1506 = ORIENTED_EDGE('',*,*,#1428,.F.);
#1507 = PLANE('',#1508);
#1508 = AXIS2_PLACEMENT_3D('',#1509,#1510,#1511);
#1509 = CARTESIAN_POINT('',(3.55,-3.,0.1));
#1510 = DIRECTION('',(1.,0.,0.));
#1511 = DIRECTION('',(0.,0.,1.));
#1512 = ADVANCED_FACE('',(#1513),#1531,.T.);
#1513 = FACE_BOUND('',#1514,.F.);
#1514 = EDGE_LOOP('',(#1515,#1516,#1517,#1525));
#1515 = ORIENTED_EDGE('',*,*,#1444,.F.);
#1516 = ORIENTED_EDGE('',*,*,#1394,.T.);
#1517 = ORIENTED_EDGE('',*,*,#1518,.T.);
#1518 = EDGE_CURVE('',#1387,#1519,#1521,.T.);
#1519 = VERTEX_POINT('',#1520);
#1520 = CARTESIAN_POINT('',(3.5025,-2.9525,0.1));
#1521 = LINE('',#1522,#1523);
#1522 = CARTESIAN_POINT('',(3.515433282209,-2.965433282209,
    0.332799079755));
#1523 = VECTOR('',#1524,1.);
#1524 = DIRECTION('',(-5.538487756217E-02,5.538487756217E-02,
    -0.996927796119));
#1525 = ORIENTED_EDGE('',*,*,#1526,.F.);
#1526 = EDGE_CURVE('',#1445,#1519,#1527,.T.);
#1527 = LINE('',#1528,#1529);
#1528 = CARTESIAN_POINT('',(-3.55,-2.9525,0.1));
#1529 = VECTOR('',#1530,1.);
#1530 = DIRECTION('',(1.,0.,0.));
#1531 = PLANE('',#1532);
#1532 = AXIS2_PLACEMENT_3D('',#1533,#1534,#1535);
#1533 = CARTESIAN_POINT('',(-3.55,-2.97625,0.5275));
#1534 = DIRECTION('',(-8.705360299927E-19,-0.998460353205,
    -5.547001962254E-02));
#1535 = DIRECTION('',(-1.,8.691957119845E-19,4.82886506658E-20));
#1536 = ADVANCED_FACE('',(#1537),#1555,.F.);
#1537 = FACE_BOUND('',#1538,.F.);
#1538 = EDGE_LOOP('',(#1539,#1540,#1541,#1549));
#1539 = ORIENTED_EDGE('',*,*,#1461,.F.);
#1540 = ORIENTED_EDGE('',*,*,#1526,.T.);
#1541 = ORIENTED_EDGE('',*,*,#1542,.T.);
#1542 = EDGE_CURVE('',#1519,#1543,#1545,.T.);
#1543 = VERTEX_POINT('',#1544);
#1544 = CARTESIAN_POINT('',(3.5025,2.9525,0.1));
#1545 = LINE('',#1546,#1547);
#1546 = CARTESIAN_POINT('',(3.5025,-3.,0.1));
#1547 = VECTOR('',#1548,1.);
#1548 = DIRECTION('',(0.,1.,0.));
#1549 = ORIENTED_EDGE('',*,*,#1550,.F.);
#1550 = EDGE_CURVE('',#1454,#1543,#1551,.T.);
#1551 = LINE('',#1552,#1553);
#1552 = CARTESIAN_POINT('',(-3.55,2.9525,0.1));
#1553 = VECTOR('',#1554,1.);
#1554 = DIRECTION('',(1.,0.,0.));
#1555 = PLANE('',#1556);
#1556 = AXIS2_PLACEMENT_3D('',#1557,#1558,#1559);
#1557 = CARTESIAN_POINT('',(-3.55,-3.,0.1));
#1558 = DIRECTION('',(0.,0.,1.));
#1559 = DIRECTION('',(1.,0.,-0.));
#1560 = ADVANCED_FACE('',(#1561),#1572,.F.);
#1561 = FACE_BOUND('',#1562,.T.);
#1562 = EDGE_LOOP('',(#1563,#1564,#1565,#1571));
#1563 = ORIENTED_EDGE('',*,*,#1453,.F.);
#1564 = ORIENTED_EDGE('',*,*,#1483,.T.);
#1565 = ORIENTED_EDGE('',*,*,#1566,.T.);
#1566 = EDGE_CURVE('',#1476,#1543,#1567,.T.);
#1567 = LINE('',#1568,#1569);
#1568 = CARTESIAN_POINT('',(3.506230828221,2.956230828221,0.167154907975
    ));
#1569 = VECTOR('',#1570,1.);
#1570 = DIRECTION('',(-5.538487756217E-02,-5.538487756217E-02,
    -0.996927796119));
#1571 = ORIENTED_EDGE('',*,*,#1550,.F.);
#1572 = PLANE('',#1573);
#1573 = AXIS2_PLACEMENT_3D('',#1574,#1575,#1576);
#1574 = CARTESIAN_POINT('',(-3.55,2.97625,0.5275));
#1575 = DIRECTION('',(8.705360299927E-19,-0.998460353205,
    5.547001962254E-02));
#1576 = DIRECTION('',(-1.,-8.691957119845E-19,4.82886506658E-20));
#1577 = ADVANCED_FACE('',(#1578),#1584,.F.);
#1578 = FACE_BOUND('',#1579,.F.);
#1579 = EDGE_LOOP('',(#1580,#1581,#1582,#1583));
#1580 = ORIENTED_EDGE('',*,*,#1518,.F.);
#1581 = ORIENTED_EDGE('',*,*,#1500,.T.);
#1582 = ORIENTED_EDGE('',*,*,#1566,.T.);
#1583 = ORIENTED_EDGE('',*,*,#1542,.F.);
#1584 = PLANE('',#1585);
#1585 = AXIS2_PLACEMENT_3D('',#1586,#1587,#1588);
#1586 = CARTESIAN_POINT('',(3.52625,-3.,0.5275));
#1587 = DIRECTION('',(-0.998460353205,-8.705360299927E-19,
    5.547001962254E-02));
#1588 = DIRECTION('',(-8.691957119845E-19,1.,4.82886506658E-20));
#1589 = ( GEOMETRIC_REPRESENTATION_CONTEXT(3) 
GLOBAL_UNCERTAINTY_ASSIGNED_CONTEXT((#1593)) 
GLOBAL_UNIT_ASSIGNED_CONTEXT((#1590,#1591,#1592)) REPRESENTATION_CONTEXT
('Context #1','3D Context with UNIT and UNCERTAINTY') );
#1590 = ( LENGTH_UNIT() NAMED_UNIT(*) SI_UNIT(.MILLI.,.METRE.) );
#1591 = ( NAMED_UNIT(*) PLANE_ANGLE_UNIT() SI_UNIT($,.RADIAN.) );
#1592 = ( NAMED_UNIT(*) SI_UNIT($,.STERADIAN.) SOLID_ANGLE_UNIT() );
#1593 = UNCERTAINTY_MEASURE_WITH_UNIT(LENGTH_MEASURE(1.E-07),#1590,
  'distance_accuracy_value','confusion accuracy');
#1594 = CONTEXT_DEPENDENT_SHAPE_REPRESENTATION(#1595,#1597);
#1595 = ( REPRESENTATION_RELATIONSHIP('','',#1213,#1182) 
REPRESENTATION_RELATIONSHIP_WITH_TRANSFORMATION(#1596) 
SHAPE_REPRESENTATION_RELATIONSHIP() );
#1596 = ITEM_DEFINED_TRANSFORMATION('','',#11,#1183);
#1597 = PRODUCT_DEFINITION_SHAPE('Placement','Placement of an item',
  #1598);
#1598 = NEXT_ASSEMBLY_USAGE_OCCURRENCE('5','=>[0:1:1:2]','',#1177,#1208,
  $);
#1599 = PRODUCT_RELATED_PRODUCT_CATEGORY('part',$,(#1210));
#1600 = SHAPE_DEFINITION_REPRESENTATION(#1601,#1607);
#1601 = PRODUCT_DEFINITION_SHAPE('','',#1602);
#1602 = PRODUCT_DEFINITION('design','',#1603,#1606);
#1603 = PRODUCT_DEFINITION_FORMATION('','',#1604);
#1604 = PRODUCT('FilletPin1','FilletPin1','',(#1605));
#1605 = PRODUCT_CONTEXT('',#2,'mechanical');
#1606 = PRODUCT_DEFINITION_CONTEXT('part definition',#2,'design');
#1607 = ADVANCED_BREP_SHAPE_REPRESENTATION('',(#11,#1608),#1960);
#1608 = MANIFOLD_SOLID_BREP('',#1609);
#1609 = CLOSED_SHELL('',(#1610,#1700,#1731,#1756,#1780,#1804,#1828,#1853
    ,#1877,#1901,#1925,#1942));
#1610 = ADVANCED_FACE('',(#1611),#1695,.F.);
#1611 = FACE_BOUND('',#1612,.F.);
#1612 = EDGE_LOOP('',(#1613,#1623,#1631,#1639,#1647,#1655,#1663,#1671,
    #1680,#1688));
#1613 = ORIENTED_EDGE('',*,*,#1614,.T.);
#1614 = EDGE_CURVE('',#1615,#1617,#1619,.T.);
#1615 = VERTEX_POINT('',#1616);
#1616 = CARTESIAN_POINT('',(-3.55,-2.225,0.955));
#1617 = VERTEX_POINT('',#1618);
#1618 = CARTESIAN_POINT('',(-2.15,-2.225,0.955));
#1619 = LINE('',#1620,#1621);
#1620 = CARTESIAN_POINT('',(-3.65,-2.225,0.955));
#1621 = VECTOR('',#1622,1.);
#1622 = DIRECTION('',(1.,0.,0.));
#1623 = ORIENTED_EDGE('',*,*,#1624,.F.);
#1624 = EDGE_CURVE('',#1625,#1617,#1627,.T.);
#1625 = VERTEX_POINT('',#1626);
#1626 = CARTESIAN_POINT('',(-2.15,-2.225,0.855));
#1627 = LINE('',#1628,#1629);
#1628 = CARTESIAN_POINT('',(-2.15,-2.225,0.855));
#1629 = VECTOR('',#1630,1.);
#1630 = DIRECTION('',(0.,0.,1.));
#1631 = ORIENTED_EDGE('',*,*,#1632,.F.);
#1632 = EDGE_CURVE('',#1633,#1625,#1635,.T.);
#1633 = VERTEX_POINT('',#1634);
#1634 = CARTESIAN_POINT('',(-3.55,-2.225,0.855));
#1635 = LINE('',#1636,#1637);
#1636 = CARTESIAN_POINT('',(-3.65,-2.225,0.855));
#1637 = VECTOR('',#1638,1.);
#1638 = DIRECTION('',(1.,0.,0.));
#1639 = ORIENTED_EDGE('',*,*,#1640,.F.);
#1640 = EDGE_CURVE('',#1641,#1633,#1643,.T.);
#1641 = VERTEX_POINT('',#1642);
#1642 = CARTESIAN_POINT('',(-3.55,-2.225,0.1));
#1643 = LINE('',#1644,#1645);
#1644 = CARTESIAN_POINT('',(-3.55,-2.225,0.));
#1645 = VECTOR('',#1646,1.);
#1646 = DIRECTION('',(0.,0.,1.));
#1647 = ORIENTED_EDGE('',*,*,#1648,.T.);
#1648 = EDGE_CURVE('',#1641,#1649,#1651,.T.);
#1649 = VERTEX_POINT('',#1650);
#1650 = CARTESIAN_POINT('',(-2.05,-2.225,0.1));
#1651 = LINE('',#1652,#1653);
#1652 = CARTESIAN_POINT('',(-3.65,-2.225,0.1));
#1653 = VECTOR('',#1654,1.);
#1654 = DIRECTION('',(1.,0.,0.));
#1655 = ORIENTED_EDGE('',*,*,#1656,.F.);
#1656 = EDGE_CURVE('',#1657,#1649,#1659,.T.);
#1657 = VERTEX_POINT('',#1658);
#1658 = CARTESIAN_POINT('',(-2.05,-2.225,0.));
#1659 = LINE('',#1660,#1661);
#1660 = CARTESIAN_POINT('',(-2.05,-2.225,0.));
#1661 = VECTOR('',#1662,1.);
#1662 = DIRECTION('',(0.,0.,1.));
#1663 = ORIENTED_EDGE('',*,*,#1664,.F.);
#1664 = EDGE_CURVE('',#1665,#1657,#1667,.T.);
#1665 = VERTEX_POINT('',#1666);
#1666 = CARTESIAN_POINT('',(-3.55,-2.225,-1.387778780781E-17));
#1667 = LINE('',#1668,#1669);
#1668 = CARTESIAN_POINT('',(-3.65,-2.225,0.));
#1669 = VECTOR('',#1670,1.);
#1670 = DIRECTION('',(1.,0.,0.));
#1671 = ORIENTED_EDGE('',*,*,#1672,.T.);
#1672 = EDGE_CURVE('',#1665,#1673,#1675,.T.);
#1673 = VERTEX_POINT('',#1674);
#1674 = CARTESIAN_POINT('',(-3.65,-2.225,0.1));
#1675 = CIRCLE('',#1676,0.1);
#1676 = AXIS2_PLACEMENT_3D('',#1677,#1678,#1679);
#1677 = CARTESIAN_POINT('',(-3.55,-2.225,0.1));
#1678 = DIRECTION('',(0.,1.,0.));
#1679 = DIRECTION('',(0.,-0.,1.));
#1680 = ORIENTED_EDGE('',*,*,#1681,.T.);
#1681 = EDGE_CURVE('',#1673,#1682,#1684,.T.);
#1682 = VERTEX_POINT('',#1683);
#1683 = CARTESIAN_POINT('',(-3.65,-2.225,0.855));
#1684 = LINE('',#1685,#1686);
#1685 = CARTESIAN_POINT('',(-3.65,-2.225,0.));
#1686 = VECTOR('',#1687,1.);
#1687 = DIRECTION('',(0.,0.,1.));
#1688 = ORIENTED_EDGE('',*,*,#1689,.T.);
#1689 = EDGE_CURVE('',#1682,#1615,#1690,.T.);
#1690 = CIRCLE('',#1691,0.1);
#1691 = AXIS2_PLACEMENT_3D('',#1692,#1693,#1694);
#1692 = CARTESIAN_POINT('',(-3.55,-2.225,0.855));
#1693 = DIRECTION('',(0.,1.,0.));
#1694 = DIRECTION('',(0.,-0.,1.));
#1695 = PLANE('',#1696);
#1696 = AXIS2_PLACEMENT_3D('',#1697,#1698,#1699);
#1697 = CARTESIAN_POINT('',(-3.55,-2.225,0.));
#1698 = DIRECTION('',(0.,1.,0.));
#1699 = DIRECTION('',(0.,-0.,1.));
#1700 = ADVANCED_FACE('',(#1701),#1726,.T.);
#1701 = FACE_BOUND('',#1702,.T.);
#1702 = EDGE_LOOP('',(#1703,#1704,#1712,#1720));
#1703 = ORIENTED_EDGE('',*,*,#1614,.T.);
#1704 = ORIENTED_EDGE('',*,*,#1705,.T.);
#1705 = EDGE_CURVE('',#1617,#1706,#1708,.T.);
#1706 = VERTEX_POINT('',#1707);
#1707 = CARTESIAN_POINT('',(-2.15,2.225,0.955));
#1708 = LINE('',#1709,#1710);
#1709 = CARTESIAN_POINT('',(-2.15,-2.225,0.955));
#1710 = VECTOR('',#1711,1.);
#1711 = DIRECTION('',(0.,1.,0.));
#1712 = ORIENTED_EDGE('',*,*,#1713,.F.);
#1713 = EDGE_CURVE('',#1714,#1706,#1716,.T.);
#1714 = VERTEX_POINT('',#1715);
#1715 = CARTESIAN_POINT('',(-3.55,2.225,0.955));
#1716 = LINE('',#1717,#1718);
#1717 = CARTESIAN_POINT('',(-3.65,2.225,0.955));
#1718 = VECTOR('',#1719,1.);
#1719 = DIRECTION('',(1.,0.,0.));
#1720 = ORIENTED_EDGE('',*,*,#1721,.F.);
#1721 = EDGE_CURVE('',#1615,#1714,#1722,.T.);
#1722 = LINE('',#1723,#1724);
#1723 = CARTESIAN_POINT('',(-3.55,-2.225,0.955));
#1724 = VECTOR('',#1725,1.);
#1725 = DIRECTION('',(0.,1.,0.));
#1726 = PLANE('',#1727);
#1727 = AXIS2_PLACEMENT_3D('',#1728,#1729,#1730);
#1728 = CARTESIAN_POINT('',(-3.65,-2.225,0.955));
#1729 = DIRECTION('',(0.,0.,1.));
#1730 = DIRECTION('',(1.,0.,-0.));
#1731 = ADVANCED_FACE('',(#1732),#1751,.T.);
#1732 = FACE_BOUND('',#1733,.T.);
#1733 = EDGE_LOOP('',(#1734,#1735,#1736,#1745));
#1734 = ORIENTED_EDGE('',*,*,#1689,.T.);
#1735 = ORIENTED_EDGE('',*,*,#1721,.T.);
#1736 = ORIENTED_EDGE('',*,*,#1737,.F.);
#1737 = EDGE_CURVE('',#1738,#1714,#1740,.T.);
#1738 = VERTEX_POINT('',#1739);
#1739 = CARTESIAN_POINT('',(-3.65,2.225,0.855));
#1740 = CIRCLE('',#1741,0.1);
#1741 = AXIS2_PLACEMENT_3D('',#1742,#1743,#1744);
#1742 = CARTESIAN_POINT('',(-3.55,2.225,0.855));
#1743 = DIRECTION('',(0.,1.,0.));
#1744 = DIRECTION('',(0.,-0.,1.));
#1745 = ORIENTED_EDGE('',*,*,#1746,.F.);
#1746 = EDGE_CURVE('',#1682,#1738,#1747,.T.);
#1747 = LINE('',#1748,#1749);
#1748 = CARTESIAN_POINT('',(-3.65,-2.225,0.855));
#1749 = VECTOR('',#1750,1.);
#1750 = DIRECTION('',(0.,1.,0.));
#1751 = CYLINDRICAL_SURFACE('',#1752,0.1);
#1752 = AXIS2_PLACEMENT_3D('',#1753,#1754,#1755);
#1753 = CARTESIAN_POINT('',(-3.55,-2.225,0.855));
#1754 = DIRECTION('',(0.,1.,0.));
#1755 = DIRECTION('',(-1.,0.,0.));
#1756 = ADVANCED_FACE('',(#1757),#1775,.T.);
#1757 = FACE_BOUND('',#1758,.T.);
#1758 = EDGE_LOOP('',(#1759,#1760,#1768,#1774));
#1759 = ORIENTED_EDGE('',*,*,#1624,.F.);
#1760 = ORIENTED_EDGE('',*,*,#1761,.T.);
#1761 = EDGE_CURVE('',#1625,#1762,#1764,.T.);
#1762 = VERTEX_POINT('',#1763);
#1763 = CARTESIAN_POINT('',(-2.15,2.225,0.855));
#1764 = LINE('',#1765,#1766);
#1765 = CARTESIAN_POINT('',(-2.15,-2.225,0.855));
#1766 = VECTOR('',#1767,1.);
#1767 = DIRECTION('',(0.,1.,0.));
#1768 = ORIENTED_EDGE('',*,*,#1769,.T.);
#1769 = EDGE_CURVE('',#1762,#1706,#1770,.T.);
#1770 = LINE('',#1771,#1772);
#1771 = CARTESIAN_POINT('',(-2.15,2.225,0.855));
#1772 = VECTOR('',#1773,1.);
#1773 = DIRECTION('',(0.,0.,1.));
#1774 = ORIENTED_EDGE('',*,*,#1705,.F.);
#1775 = PLANE('',#1776);
#1776 = AXIS2_PLACEMENT_3D('',#1777,#1778,#1779);
#1777 = CARTESIAN_POINT('',(-2.15,-2.225,0.855));
#1778 = DIRECTION('',(1.,0.,0.));
#1779 = DIRECTION('',(0.,0.,1.));
#1780 = ADVANCED_FACE('',(#1781),#1799,.F.);
#1781 = FACE_BOUND('',#1782,.F.);
#1782 = EDGE_LOOP('',(#1783,#1784,#1792,#1798));
#1783 = ORIENTED_EDGE('',*,*,#1681,.F.);
#1784 = ORIENTED_EDGE('',*,*,#1785,.T.);
#1785 = EDGE_CURVE('',#1673,#1786,#1788,.T.);
#1786 = VERTEX_POINT('',#1787);
#1787 = CARTESIAN_POINT('',(-3.65,2.225,0.1));
#1788 = LINE('',#1789,#1790);
#1789 = CARTESIAN_POINT('',(-3.65,-2.225,0.1));
#1790 = VECTOR('',#1791,1.);
#1791 = DIRECTION('',(0.,1.,0.));
#1792 = ORIENTED_EDGE('',*,*,#1793,.T.);
#1793 = EDGE_CURVE('',#1786,#1738,#1794,.T.);
#1794 = LINE('',#1795,#1796);
#1795 = CARTESIAN_POINT('',(-3.65,2.225,0.));
#1796 = VECTOR('',#1797,1.);
#1797 = DIRECTION('',(0.,0.,1.));
#1798 = ORIENTED_EDGE('',*,*,#1746,.F.);
#1799 = PLANE('',#1800);
#1800 = AXIS2_PLACEMENT_3D('',#1801,#1802,#1803);
#1801 = CARTESIAN_POINT('',(-3.65,-2.225,0.));
#1802 = DIRECTION('',(1.,0.,0.));
#1803 = DIRECTION('',(0.,0.,1.));
#1804 = ADVANCED_FACE('',(#1805),#1823,.F.);
#1805 = FACE_BOUND('',#1806,.F.);
#1806 = EDGE_LOOP('',(#1807,#1815,#1821,#1822));
#1807 = ORIENTED_EDGE('',*,*,#1808,.F.);
#1808 = EDGE_CURVE('',#1809,#1762,#1811,.T.);
#1809 = VERTEX_POINT('',#1810);
#1810 = CARTESIAN_POINT('',(-3.55,2.225,0.855));
#1811 = LINE('',#1812,#1813);
#1812 = CARTESIAN_POINT('',(-3.65,2.225,0.855));
#1813 = VECTOR('',#1814,1.);
#1814 = DIRECTION('',(1.,0.,0.));
#1815 = ORIENTED_EDGE('',*,*,#1816,.F.);
#1816 = EDGE_CURVE('',#1633,#1809,#1817,.T.);
#1817 = LINE('',#1818,#1819);
#1818 = CARTESIAN_POINT('',(-3.55,-2.225,0.855));
#1819 = VECTOR('',#1820,1.);
#1820 = DIRECTION('',(0.,1.,0.));
#1821 = ORIENTED_EDGE('',*,*,#1632,.T.);
#1822 = ORIENTED_EDGE('',*,*,#1761,.T.);
#1823 = PLANE('',#1824);
#1824 = AXIS2_PLACEMENT_3D('',#1825,#1826,#1827);
#1825 = CARTESIAN_POINT('',(-3.65,-2.225,0.855));
#1826 = DIRECTION('',(0.,0.,1.));
#1827 = DIRECTION('',(1.,0.,-0.));
#1828 = ADVANCED_FACE('',(#1829),#1848,.T.);
#1829 = FACE_BOUND('',#1830,.T.);
#1830 = EDGE_LOOP('',(#1831,#1832,#1833,#1842));
#1831 = ORIENTED_EDGE('',*,*,#1672,.T.);
#1832 = ORIENTED_EDGE('',*,*,#1785,.T.);
#1833 = ORIENTED_EDGE('',*,*,#1834,.F.);
#1834 = EDGE_CURVE('',#1835,#1786,#1837,.T.);
#1835 = VERTEX_POINT('',#1836);
#1836 = CARTESIAN_POINT('',(-3.55,2.225,-1.387778780781E-17));
#1837 = CIRCLE('',#1838,0.1);
#1838 = AXIS2_PLACEMENT_3D('',#1839,#1840,#1841);
#1839 = CARTESIAN_POINT('',(-3.55,2.225,0.1));
#1840 = DIRECTION('',(0.,1.,0.));
#1841 = DIRECTION('',(0.,-0.,1.));
#1842 = ORIENTED_EDGE('',*,*,#1843,.F.);
#1843 = EDGE_CURVE('',#1665,#1835,#1844,.T.);
#1844 = LINE('',#1845,#1846);
#1845 = CARTESIAN_POINT('',(-3.55,-2.225,-1.387778780781E-17));
#1846 = VECTOR('',#1847,1.);
#1847 = DIRECTION('',(0.,1.,0.));
#1848 = CYLINDRICAL_SURFACE('',#1849,0.1);
#1849 = AXIS2_PLACEMENT_3D('',#1850,#1851,#1852);
#1850 = CARTESIAN_POINT('',(-3.55,-2.225,0.1));
#1851 = DIRECTION('',(0.,1.,0.));
#1852 = DIRECTION('',(0.,0.,-1.));
#1853 = ADVANCED_FACE('',(#1854),#1872,.T.);
#1854 = FACE_BOUND('',#1855,.T.);
#1855 = EDGE_LOOP('',(#1856,#1857,#1865,#1871));
#1856 = ORIENTED_EDGE('',*,*,#1640,.F.);
#1857 = ORIENTED_EDGE('',*,*,#1858,.F.);
#1858 = EDGE_CURVE('',#1859,#1641,#1861,.T.);
#1859 = VERTEX_POINT('',#1860);
#1860 = CARTESIAN_POINT('',(-3.55,2.225,0.1));
#1861 = LINE('',#1862,#1863);
#1862 = CARTESIAN_POINT('',(-3.55,-2.225,0.1));
#1863 = VECTOR('',#1864,1.);
#1864 = DIRECTION('',(0.,-1.,0.));
#1865 = ORIENTED_EDGE('',*,*,#1866,.T.);
#1866 = EDGE_CURVE('',#1859,#1809,#1867,.T.);
#1867 = LINE('',#1868,#1869);
#1868 = CARTESIAN_POINT('',(-3.55,2.225,0.));
#1869 = VECTOR('',#1870,1.);
#1870 = DIRECTION('',(0.,0.,1.));
#1871 = ORIENTED_EDGE('',*,*,#1816,.F.);
#1872 = PLANE('',#1873);
#1873 = AXIS2_PLACEMENT_3D('',#1874,#1875,#1876);
#1874 = CARTESIAN_POINT('',(-3.55,-2.225,0.));
#1875 = DIRECTION('',(1.,0.,0.));
#1876 = DIRECTION('',(0.,0.,1.));
#1877 = ADVANCED_FACE('',(#1878),#1896,.F.);
#1878 = FACE_BOUND('',#1879,.F.);
#1879 = EDGE_LOOP('',(#1880,#1888,#1889,#1890));
#1880 = ORIENTED_EDGE('',*,*,#1881,.F.);
#1881 = EDGE_CURVE('',#1835,#1882,#1884,.T.);
#1882 = VERTEX_POINT('',#1883);
#1883 = CARTESIAN_POINT('',(-2.05,2.225,0.));
#1884 = LINE('',#1885,#1886);
#1885 = CARTESIAN_POINT('',(-3.65,2.225,0.));
#1886 = VECTOR('',#1887,1.);
#1887 = DIRECTION('',(1.,0.,0.));
#1888 = ORIENTED_EDGE('',*,*,#1843,.F.);
#1889 = ORIENTED_EDGE('',*,*,#1664,.T.);
#1890 = ORIENTED_EDGE('',*,*,#1891,.T.);
#1891 = EDGE_CURVE('',#1657,#1882,#1892,.T.);
#1892 = LINE('',#1893,#1894);
#1893 = CARTESIAN_POINT('',(-2.05,-2.225,0.));
#1894 = VECTOR('',#1895,1.);
#1895 = DIRECTION('',(0.,1.,0.));
#1896 = PLANE('',#1897);
#1897 = AXIS2_PLACEMENT_3D('',#1898,#1899,#1900);
#1898 = CARTESIAN_POINT('',(-3.65,-2.225,0.));
#1899 = DIRECTION('',(0.,0.,1.));
#1900 = DIRECTION('',(1.,0.,-0.));
#1901 = ADVANCED_FACE('',(#1902),#1920,.T.);
#1902 = FACE_BOUND('',#1903,.T.);
#1903 = EDGE_LOOP('',(#1904,#1912,#1913,#1914));
#1904 = ORIENTED_EDGE('',*,*,#1905,.F.);
#1905 = EDGE_CURVE('',#1859,#1906,#1908,.T.);
#1906 = VERTEX_POINT('',#1907);
#1907 = CARTESIAN_POINT('',(-2.05,2.225,0.1));
#1908 = LINE('',#1909,#1910);
#1909 = CARTESIAN_POINT('',(-3.65,2.225,0.1));
#1910 = VECTOR('',#1911,1.);
#1911 = DIRECTION('',(1.,0.,0.));
#1912 = ORIENTED_EDGE('',*,*,#1858,.T.);
#1913 = ORIENTED_EDGE('',*,*,#1648,.T.);
#1914 = ORIENTED_EDGE('',*,*,#1915,.T.);
#1915 = EDGE_CURVE('',#1649,#1906,#1916,.T.);
#1916 = LINE('',#1917,#1918);
#1917 = CARTESIAN_POINT('',(-2.05,-2.225,0.1));
#1918 = VECTOR('',#1919,1.);
#1919 = DIRECTION('',(0.,1.,0.));
#1920 = PLANE('',#1921);
#1921 = AXIS2_PLACEMENT_3D('',#1922,#1923,#1924);
#1922 = CARTESIAN_POINT('',(-3.65,-2.225,0.1));
#1923 = DIRECTION('',(0.,0.,1.));
#1924 = DIRECTION('',(1.,0.,-0.));
#1925 = ADVANCED_FACE('',(#1926),#1937,.T.);
#1926 = FACE_BOUND('',#1927,.T.);
#1927 = EDGE_LOOP('',(#1928,#1929,#1930,#1936));
#1928 = ORIENTED_EDGE('',*,*,#1656,.F.);
#1929 = ORIENTED_EDGE('',*,*,#1891,.T.);
#1930 = ORIENTED_EDGE('',*,*,#1931,.T.);
#1931 = EDGE_CURVE('',#1882,#1906,#1932,.T.);
#1932 = LINE('',#1933,#1934);
#1933 = CARTESIAN_POINT('',(-2.05,2.225,0.));
#1934 = VECTOR('',#1935,1.);
#1935 = DIRECTION('',(0.,0.,1.));
#1936 = ORIENTED_EDGE('',*,*,#1915,.F.);
#1937 = PLANE('',#1938);
#1938 = AXIS2_PLACEMENT_3D('',#1939,#1940,#1941);
#1939 = CARTESIAN_POINT('',(-2.05,-2.225,0.));
#1940 = DIRECTION('',(1.,0.,0.));
#1941 = DIRECTION('',(0.,0.,1.));
#1942 = ADVANCED_FACE('',(#1943),#1955,.T.);
#1943 = FACE_BOUND('',#1944,.T.);
#1944 = EDGE_LOOP('',(#1945,#1946,#1947,#1948,#1949,#1950,#1951,#1952,
    #1953,#1954));
#1945 = ORIENTED_EDGE('',*,*,#1881,.F.);
#1946 = ORIENTED_EDGE('',*,*,#1834,.T.);
#1947 = ORIENTED_EDGE('',*,*,#1793,.T.);
#1948 = ORIENTED_EDGE('',*,*,#1737,.T.);
#1949 = ORIENTED_EDGE('',*,*,#1713,.T.);
#1950 = ORIENTED_EDGE('',*,*,#1769,.F.);
#1951 = ORIENTED_EDGE('',*,*,#1808,.F.);
#1952 = ORIENTED_EDGE('',*,*,#1866,.F.);
#1953 = ORIENTED_EDGE('',*,*,#1905,.T.);
#1954 = ORIENTED_EDGE('',*,*,#1931,.F.);
#1955 = PLANE('',#1956);
#1956 = AXIS2_PLACEMENT_3D('',#1957,#1958,#1959);
#1957 = CARTESIAN_POINT('',(-3.55,2.225,0.));
#1958 = DIRECTION('',(0.,1.,0.));
#1959 = DIRECTION('',(0.,-0.,1.));
#1960 = ( GEOMETRIC_REPRESENTATION_CONTEXT(3) 
GLOBAL_UNCERTAINTY_ASSIGNED_CONTEXT((#1964)) 
GLOBAL_UNIT_ASSIGNED_CONTEXT((#1961,#1962,#1963)) REPRESENTATION_CONTEXT
('Context #1','3D Context with UNIT and UNCERTAINTY') );
#1961 = ( LENGTH_UNIT() NAMED_UNIT(*) SI_UNIT(.MILLI.,.METRE.) );
#1962 = ( NAMED_UNIT(*) PLANE_ANGLE_UNIT() SI_UNIT($,.RADIAN.) );
#1963 = ( NAMED_UNIT(*) SI_UNIT($,.STERADIAN.) SOLID_ANGLE_UNIT() );
#1964 = UNCERTAINTY_MEASURE_WITH_UNIT(LENGTH_MEASURE(1.E-07),#1961,
  'distance_accuracy_value','confusion accuracy');
#1965 = CONTEXT_DEPENDENT_SHAPE_REPRESENTATION(#1966,#1968);
#1966 = ( REPRESENTATION_RELATIONSHIP('','',#1607,#1182) 
REPRESENTATION_RELATIONSHIP_WITH_TRANSFORMATION(#1967) 
SHAPE_REPRESENTATION_RELATIONSHIP() );
#1967 = ITEM_DEFINED_TRANSFORMATION('','',#11,#1187);
#1968 = PRODUCT_DEFINITION_SHAPE('Placement','Placement of an item',
  #1969);
#1969 = NEXT_ASSEMBLY_USAGE_OCCURRENCE('6','=>[0:1:1:3]','',#1177,#1602,
  $);
#1970 = PRODUCT_RELATED_PRODUCT_CATEGORY('part',$,(#1604));
#1971 = SHAPE_DEFINITION_REPRESENTATION(#1972,#1978);
#1972 = PRODUCT_DEFINITION_SHAPE('','',#1973);
#1973 = PRODUCT_DEFINITION('design','',#1974,#1977);
#1974 = PRODUCT_DEFINITION_FORMATION('','',#1975);
#1975 = PRODUCT('FilletPin2','FilletPin2','',(#1976));
#1976 = PRODUCT_CONTEXT('',#2,'mechanical');
#1977 = PRODUCT_DEFINITION_CONTEXT('part definition',#2,'design');
#1978 = ADVANCED_BREP_SHAPE_REPRESENTATION('',(#11,#1979),#2331);
#1979 = MANIFOLD_SOLID_BREP('',#1980);
#1980 = CLOSED_SHELL('',(#1981,#2021,#2102,#2127,#2152,#2217,#2234,#2251
    ,#2268,#2285,#2302,#2319));
#1981 = ADVANCED_FACE('',(#1982),#2016,.T.);
#1982 = FACE_BOUND('',#1983,.T.);
#1983 = EDGE_LOOP('',(#1984,#1994,#2002,#2010));
#1984 = ORIENTED_EDGE('',*,*,#1985,.F.);
#1985 = EDGE_CURVE('',#1986,#1988,#1990,.T.);
#1986 = VERTEX_POINT('',#1987);
#1987 = CARTESIAN_POINT('',(3.65,-2.225,0.1));
#1988 = VERTEX_POINT('',#1989);
#1989 = CARTESIAN_POINT('',(3.65,-2.225,0.855));
#1990 = LINE('',#1991,#1992);
#1991 = CARTESIAN_POINT('',(3.65,-2.225,0.));
#1992 = VECTOR('',#1993,1.);
#1993 = DIRECTION('',(0.,0.,1.));
#1994 = ORIENTED_EDGE('',*,*,#1995,.T.);
#1995 = EDGE_CURVE('',#1986,#1996,#1998,.T.);
#1996 = VERTEX_POINT('',#1997);
#1997 = CARTESIAN_POINT('',(3.65,2.225,0.1));
#1998 = LINE('',#1999,#2000);
#1999 = CARTESIAN_POINT('',(3.65,-2.225,0.1));
#2000 = VECTOR('',#2001,1.);
#2001 = DIRECTION('',(0.,1.,0.));
#2002 = ORIENTED_EDGE('',*,*,#2003,.T.);
#2003 = EDGE_CURVE('',#1996,#2004,#2006,.T.);
#2004 = VERTEX_POINT('',#2005);
#2005 = CARTESIAN_POINT('',(3.65,2.225,0.855));
#2006 = LINE('',#2007,#2008);
#2007 = CARTESIAN_POINT('',(3.65,2.225,0.));
#2008 = VECTOR('',#2009,1.);
#2009 = DIRECTION('',(0.,0.,1.));
#2010 = ORIENTED_EDGE('',*,*,#2011,.F.);
#2011 = EDGE_CURVE('',#1988,#2004,#2012,.T.);
#2012 = LINE('',#2013,#2014);
#2013 = CARTESIAN_POINT('',(3.65,-2.225,0.855));
#2014 = VECTOR('',#2015,1.);
#2015 = DIRECTION('',(0.,1.,0.));
#2016 = PLANE('',#2017);
#2017 = AXIS2_PLACEMENT_3D('',#2018,#2019,#2020);
#2018 = CARTESIAN_POINT('',(3.65,-2.225,0.));
#2019 = DIRECTION('',(1.,0.,0.));
#2020 = DIRECTION('',(0.,0.,1.));
#2021 = ADVANCED_FACE('',(#2022),#2097,.F.);
#2022 = FACE_BOUND('',#2023,.F.);
#2023 = EDGE_LOOP('',(#2024,#2034,#2042,#2050,#2058,#2066,#2074,#2082,
    #2089,#2090));
#2024 = ORIENTED_EDGE('',*,*,#2025,.F.);
#2025 = EDGE_CURVE('',#2026,#2028,#2030,.T.);
#2026 = VERTEX_POINT('',#2027);
#2027 = CARTESIAN_POINT('',(1.95,-2.225,0.));
#2028 = VERTEX_POINT('',#2029);
#2029 = CARTESIAN_POINT('',(3.55,-2.225,-1.387778780781E-17));
#2030 = LINE('',#2031,#2032);
#2031 = CARTESIAN_POINT('',(1.95,-2.225,0.));
#2032 = VECTOR('',#2033,1.);
#2033 = DIRECTION('',(1.,0.,0.));
#2034 = ORIENTED_EDGE('',*,*,#2035,.T.);
#2035 = EDGE_CURVE('',#2026,#2036,#2038,.T.);
#2036 = VERTEX_POINT('',#2037);
#2037 = CARTESIAN_POINT('',(1.95,-2.225,0.1));
#2038 = LINE('',#2039,#2040);
#2039 = CARTESIAN_POINT('',(1.95,-2.225,0.));
#2040 = VECTOR('',#2041,1.);
#2041 = DIRECTION('',(0.,0.,1.));
#2042 = ORIENTED_EDGE('',*,*,#2043,.T.);
#2043 = EDGE_CURVE('',#2036,#2044,#2046,.T.);
#2044 = VERTEX_POINT('',#2045);
#2045 = CARTESIAN_POINT('',(3.55,-2.225,0.1));
#2046 = LINE('',#2047,#2048);
#2047 = CARTESIAN_POINT('',(1.95,-2.225,0.1));
#2048 = VECTOR('',#2049,1.);
#2049 = DIRECTION('',(1.,0.,0.));
#2050 = ORIENTED_EDGE('',*,*,#2051,.T.);
#2051 = EDGE_CURVE('',#2044,#2052,#2054,.T.);
#2052 = VERTEX_POINT('',#2053);
#2053 = CARTESIAN_POINT('',(3.55,-2.225,0.855));
#2054 = LINE('',#2055,#2056);
#2055 = CARTESIAN_POINT('',(3.55,-2.225,0.));
#2056 = VECTOR('',#2057,1.);
#2057 = DIRECTION('',(0.,0.,1.));
#2058 = ORIENTED_EDGE('',*,*,#2059,.F.);
#2059 = EDGE_CURVE('',#2060,#2052,#2062,.T.);
#2060 = VERTEX_POINT('',#2061);
#2061 = CARTESIAN_POINT('',(2.05,-2.225,0.855));
#2062 = LINE('',#2063,#2064);
#2063 = CARTESIAN_POINT('',(2.05,-2.225,0.855));
#2064 = VECTOR('',#2065,1.);
#2065 = DIRECTION('',(1.,0.,0.));
#2066 = ORIENTED_EDGE('',*,*,#2067,.T.);
#2067 = EDGE_CURVE('',#2060,#2068,#2070,.T.);
#2068 = VERTEX_POINT('',#2069);
#2069 = CARTESIAN_POINT('',(2.05,-2.225,0.955));
#2070 = LINE('',#2071,#2072);
#2071 = CARTESIAN_POINT('',(2.05,-2.225,0.855));
#2072 = VECTOR('',#2073,1.);
#2073 = DIRECTION('',(0.,0.,1.));
#2074 = ORIENTED_EDGE('',*,*,#2075,.T.);
#2075 = EDGE_CURVE('',#2068,#2076,#2078,.T.);
#2076 = VERTEX_POINT('',#2077);
#2077 = CARTESIAN_POINT('',(3.55,-2.225,0.955));
#2078 = LINE('',#2079,#2080);
#2079 = CARTESIAN_POINT('',(3.55,-2.225,0.955));
#2080 = VECTOR('',#2081,1.);
#2081 = DIRECTION('',(1.,0.,0.));
#2082 = ORIENTED_EDGE('',*,*,#2083,.F.);
#2083 = EDGE_CURVE('',#1988,#2076,#2084,.T.);
#2084 = CIRCLE('',#2085,0.1);
#2085 = AXIS2_PLACEMENT_3D('',#2086,#2087,#2088);
#2086 = CARTESIAN_POINT('',(3.55,-2.225,0.855));
#2087 = DIRECTION('',(0.,-1.,0.));
#2088 = DIRECTION('',(0.,0.,1.));
#2089 = ORIENTED_EDGE('',*,*,#1985,.F.);
#2090 = ORIENTED_EDGE('',*,*,#2091,.T.);
#2091 = EDGE_CURVE('',#1986,#2028,#2092,.T.);
#2092 = CIRCLE('',#2093,0.1);
#2093 = AXIS2_PLACEMENT_3D('',#2094,#2095,#2096);
#2094 = CARTESIAN_POINT('',(3.55,-2.225,0.1));
#2095 = DIRECTION('',(0.,1.,0.));
#2096 = DIRECTION('',(0.,-0.,1.));
#2097 = PLANE('',#2098);
#2098 = AXIS2_PLACEMENT_3D('',#2099,#2100,#2101);
#2099 = CARTESIAN_POINT('',(1.95,-2.225,0.));
#2100 = DIRECTION('',(0.,1.,0.));
#2101 = DIRECTION('',(0.,-0.,1.));
#2102 = ADVANCED_FACE('',(#2103),#2122,.T.);
#2103 = FACE_BOUND('',#2104,.T.);
#2104 = EDGE_LOOP('',(#2105,#2106,#2114,#2121));
#2105 = ORIENTED_EDGE('',*,*,#2091,.T.);
#2106 = ORIENTED_EDGE('',*,*,#2107,.T.);
#2107 = EDGE_CURVE('',#2028,#2108,#2110,.T.);
#2108 = VERTEX_POINT('',#2109);
#2109 = CARTESIAN_POINT('',(3.55,2.225,-1.387778780781E-17));
#2110 = LINE('',#2111,#2112);
#2111 = CARTESIAN_POINT('',(3.55,-2.225,-1.387778780781E-17));
#2112 = VECTOR('',#2113,1.);
#2113 = DIRECTION('',(0.,1.,0.));
#2114 = ORIENTED_EDGE('',*,*,#2115,.F.);
#2115 = EDGE_CURVE('',#1996,#2108,#2116,.T.);
#2116 = CIRCLE('',#2117,0.1);
#2117 = AXIS2_PLACEMENT_3D('',#2118,#2119,#2120);
#2118 = CARTESIAN_POINT('',(3.55,2.225,0.1));
#2119 = DIRECTION('',(0.,1.,0.));
#2120 = DIRECTION('',(0.,-0.,1.));
#2121 = ORIENTED_EDGE('',*,*,#1995,.F.);
#2122 = CYLINDRICAL_SURFACE('',#2123,0.1);
#2123 = AXIS2_PLACEMENT_3D('',#2124,#2125,#2126);
#2124 = CARTESIAN_POINT('',(3.55,-2.225,0.1));
#2125 = DIRECTION('',(0.,1.,0.));
#2126 = DIRECTION('',(1.,0.,-0.));
#2127 = ADVANCED_FACE('',(#2128),#2147,.T.);
#2128 = FACE_BOUND('',#2129,.T.);
#2129 = EDGE_LOOP('',(#2130,#2131,#2140,#2146));
#2130 = ORIENTED_EDGE('',*,*,#2011,.T.);
#2131 = ORIENTED_EDGE('',*,*,#2132,.T.);
#2132 = EDGE_CURVE('',#2004,#2133,#2135,.T.);
#2133 = VERTEX_POINT('',#2134);
#2134 = CARTESIAN_POINT('',(3.55,2.225,0.955));
#2135 = CIRCLE('',#2136,0.1);
#2136 = AXIS2_PLACEMENT_3D('',#2137,#2138,#2139);
#2137 = CARTESIAN_POINT('',(3.55,2.225,0.855));
#2138 = DIRECTION('',(0.,-1.,0.));
#2139 = DIRECTION('',(0.,0.,1.));
#2140 = ORIENTED_EDGE('',*,*,#2141,.F.);
#2141 = EDGE_CURVE('',#2076,#2133,#2142,.T.);
#2142 = LINE('',#2143,#2144);
#2143 = CARTESIAN_POINT('',(3.55,-2.225,0.955));
#2144 = VECTOR('',#2145,1.);
#2145 = DIRECTION('',(0.,1.,0.));
#2146 = ORIENTED_EDGE('',*,*,#2083,.F.);
#2147 = CYLINDRICAL_SURFACE('',#2148,0.1);
#2148 = AXIS2_PLACEMENT_3D('',#2149,#2150,#2151);
#2149 = CARTESIAN_POINT('',(3.55,-2.225,0.855));
#2150 = DIRECTION('',(0.,1.,0.));
#2151 = DIRECTION('',(1.,0.,-0.));
#2152 = ADVANCED_FACE('',(#2153),#2212,.T.);
#2153 = FACE_BOUND('',#2154,.T.);
#2154 = EDGE_LOOP('',(#2155,#2163,#2164,#2165,#2166,#2174,#2182,#2190,
    #2198,#2206));
#2155 = ORIENTED_EDGE('',*,*,#2156,.T.);
#2156 = EDGE_CURVE('',#2157,#2133,#2159,.T.);
#2157 = VERTEX_POINT('',#2158);
#2158 = CARTESIAN_POINT('',(2.05,2.225,0.955));
#2159 = LINE('',#2160,#2161);
#2160 = CARTESIAN_POINT('',(2.05,2.225,0.955));
#2161 = VECTOR('',#2162,1.);
#2162 = DIRECTION('',(1.,0.,0.));
#2163 = ORIENTED_EDGE('',*,*,#2132,.F.);
#2164 = ORIENTED_EDGE('',*,*,#2003,.F.);
#2165 = ORIENTED_EDGE('',*,*,#2115,.T.);
#2166 = ORIENTED_EDGE('',*,*,#2167,.F.);
#2167 = EDGE_CURVE('',#2168,#2108,#2170,.T.);
#2168 = VERTEX_POINT('',#2169);
#2169 = CARTESIAN_POINT('',(1.95,2.225,0.));
#2170 = LINE('',#2171,#2172);
#2171 = CARTESIAN_POINT('',(3.55,2.225,0.));
#2172 = VECTOR('',#2173,1.);
#2173 = DIRECTION('',(1.,0.,0.));
#2174 = ORIENTED_EDGE('',*,*,#2175,.T.);
#2175 = EDGE_CURVE('',#2168,#2176,#2178,.T.);
#2176 = VERTEX_POINT('',#2177);
#2177 = CARTESIAN_POINT('',(1.95,2.225,0.1));
#2178 = LINE('',#2179,#2180);
#2179 = CARTESIAN_POINT('',(1.95,2.225,0.));
#2180 = VECTOR('',#2181,1.);
#2181 = DIRECTION('',(0.,0.,1.));
#2182 = ORIENTED_EDGE('',*,*,#2183,.T.);
#2183 = EDGE_CURVE('',#2176,#2184,#2186,.T.);
#2184 = VERTEX_POINT('',#2185);
#2185 = CARTESIAN_POINT('',(3.55,2.225,0.1));
#2186 = LINE('',#2187,#2188);
#2187 = CARTESIAN_POINT('',(1.95,2.225,0.1));
#2188 = VECTOR('',#2189,1.);
#2189 = DIRECTION('',(1.,0.,0.));
#2190 = ORIENTED_EDGE('',*,*,#2191,.T.);
#2191 = EDGE_CURVE('',#2184,#2192,#2194,.T.);
#2192 = VERTEX_POINT('',#2193);
#2193 = CARTESIAN_POINT('',(3.55,2.225,0.855));
#2194 = LINE('',#2195,#2196);
#2195 = CARTESIAN_POINT('',(3.55,2.225,0.));
#2196 = VECTOR('',#2197,1.);
#2197 = DIRECTION('',(0.,0.,1.));
#2198 = ORIENTED_EDGE('',*,*,#2199,.F.);
#2199 = EDGE_CURVE('',#2200,#2192,#2202,.T.);
#2200 = VERTEX_POINT('',#2201);
#2201 = CARTESIAN_POINT('',(2.05,2.225,0.855));
#2202 = LINE('',#2203,#2204);
#2203 = CARTESIAN_POINT('',(2.05,2.225,0.855));
#2204 = VECTOR('',#2205,1.);
#2205 = DIRECTION('',(1.,0.,0.));
#2206 = ORIENTED_EDGE('',*,*,#2207,.T.);
#2207 = EDGE_CURVE('',#2200,#2157,#2208,.T.);
#2208 = LINE('',#2209,#2210);
#2209 = CARTESIAN_POINT('',(2.05,2.225,0.855));
#2210 = VECTOR('',#2211,1.);
#2211 = DIRECTION('',(0.,0.,1.));
#2212 = PLANE('',#2213);
#2213 = AXIS2_PLACEMENT_3D('',#2214,#2215,#2216);
#2214 = CARTESIAN_POINT('',(1.95,2.225,0.));
#2215 = DIRECTION('',(0.,1.,0.));
#2216 = DIRECTION('',(0.,-0.,1.));
#2217 = ADVANCED_FACE('',(#2218),#2229,.F.);
#2218 = FACE_BOUND('',#2219,.F.);
#2219 = EDGE_LOOP('',(#2220,#2221,#2227,#2228));
#2220 = ORIENTED_EDGE('',*,*,#2167,.F.);
#2221 = ORIENTED_EDGE('',*,*,#2222,.F.);
#2222 = EDGE_CURVE('',#2026,#2168,#2223,.T.);
#2223 = LINE('',#2224,#2225);
#2224 = CARTESIAN_POINT('',(1.95,-2.225,0.));
#2225 = VECTOR('',#2226,1.);
#2226 = DIRECTION('',(0.,1.,0.));
#2227 = ORIENTED_EDGE('',*,*,#2025,.T.);
#2228 = ORIENTED_EDGE('',*,*,#2107,.T.);
#2229 = PLANE('',#2230);
#2230 = AXIS2_PLACEMENT_3D('',#2231,#2232,#2233);
#2231 = CARTESIAN_POINT('',(1.95,-2.225,0.));
#2232 = DIRECTION('',(0.,0.,1.));
#2233 = DIRECTION('',(1.,0.,-0.));
#2234 = ADVANCED_FACE('',(#2235),#2246,.F.);
#2235 = FACE_BOUND('',#2236,.F.);
#2236 = EDGE_LOOP('',(#2237,#2238,#2239,#2240));
#2237 = ORIENTED_EDGE('',*,*,#2035,.F.);
#2238 = ORIENTED_EDGE('',*,*,#2222,.T.);
#2239 = ORIENTED_EDGE('',*,*,#2175,.T.);
#2240 = ORIENTED_EDGE('',*,*,#2241,.F.);
#2241 = EDGE_CURVE('',#2036,#2176,#2242,.T.);
#2242 = LINE('',#2243,#2244);
#2243 = CARTESIAN_POINT('',(1.95,-2.225,0.1));
#2244 = VECTOR('',#2245,1.);
#2245 = DIRECTION('',(0.,1.,0.));
#2246 = PLANE('',#2247);
#2247 = AXIS2_PLACEMENT_3D('',#2248,#2249,#2250);
#2248 = CARTESIAN_POINT('',(1.95,-2.225,0.));
#2249 = DIRECTION('',(1.,0.,0.));
#2250 = DIRECTION('',(0.,0.,1.));
#2251 = ADVANCED_FACE('',(#2252),#2263,.T.);
#2252 = FACE_BOUND('',#2253,.T.);
#2253 = EDGE_LOOP('',(#2254,#2255,#2256,#2262));
#2254 = ORIENTED_EDGE('',*,*,#2241,.F.);
#2255 = ORIENTED_EDGE('',*,*,#2043,.T.);
#2256 = ORIENTED_EDGE('',*,*,#2257,.T.);
#2257 = EDGE_CURVE('',#2044,#2184,#2258,.T.);
#2258 = LINE('',#2259,#2260);
#2259 = CARTESIAN_POINT('',(3.55,-2.225,0.1));
#2260 = VECTOR('',#2261,1.);
#2261 = DIRECTION('',(0.,1.,0.));
#2262 = ORIENTED_EDGE('',*,*,#2183,.F.);
#2263 = PLANE('',#2264);
#2264 = AXIS2_PLACEMENT_3D('',#2265,#2266,#2267);
#2265 = CARTESIAN_POINT('',(1.95,-2.225,0.1));
#2266 = DIRECTION('',(0.,0.,1.));
#2267 = DIRECTION('',(1.,0.,-0.));
#2268 = ADVANCED_FACE('',(#2269),#2280,.F.);
#2269 = FACE_BOUND('',#2270,.F.);
#2270 = EDGE_LOOP('',(#2271,#2272,#2273,#2274));
#2271 = ORIENTED_EDGE('',*,*,#2051,.F.);
#2272 = ORIENTED_EDGE('',*,*,#2257,.T.);
#2273 = ORIENTED_EDGE('',*,*,#2191,.T.);
#2274 = ORIENTED_EDGE('',*,*,#2275,.F.);
#2275 = EDGE_CURVE('',#2052,#2192,#2276,.T.);
#2276 = LINE('',#2277,#2278);
#2277 = CARTESIAN_POINT('',(3.55,-2.225,0.855));
#2278 = VECTOR('',#2279,1.);
#2279 = DIRECTION('',(0.,1.,0.));
#2280 = PLANE('',#2281);
#2281 = AXIS2_PLACEMENT_3D('',#2282,#2283,#2284);
#2282 = CARTESIAN_POINT('',(3.55,-2.225,0.));
#2283 = DIRECTION('',(1.,0.,0.));
#2284 = DIRECTION('',(0.,0.,1.));
#2285 = ADVANCED_FACE('',(#2286),#2297,.F.);
#2286 = FACE_BOUND('',#2287,.F.);
#2287 = EDGE_LOOP('',(#2288,#2289,#2295,#2296));
#2288 = ORIENTED_EDGE('',*,*,#2075,.F.);
#2289 = ORIENTED_EDGE('',*,*,#2290,.T.);
#2290 = EDGE_CURVE('',#2068,#2157,#2291,.T.);
#2291 = LINE('',#2292,#2293);
#2292 = CARTESIAN_POINT('',(2.05,-2.225,0.955));
#2293 = VECTOR('',#2294,1.);
#2294 = DIRECTION('',(0.,1.,0.));
#2295 = ORIENTED_EDGE('',*,*,#2156,.T.);
#2296 = ORIENTED_EDGE('',*,*,#2141,.F.);
#2297 = PLANE('',#2298);
#2298 = AXIS2_PLACEMENT_3D('',#2299,#2300,#2301);
#2299 = CARTESIAN_POINT('',(3.55,-2.225,0.955));
#2300 = DIRECTION('',(0.,0.,-1.));
#2301 = DIRECTION('',(-1.,0.,0.));
#2302 = ADVANCED_FACE('',(#2303),#2314,.F.);
#2303 = FACE_BOUND('',#2304,.F.);
#2304 = EDGE_LOOP('',(#2305,#2311,#2312,#2313));
#2305 = ORIENTED_EDGE('',*,*,#2306,.F.);
#2306 = EDGE_CURVE('',#2060,#2200,#2307,.T.);
#2307 = LINE('',#2308,#2309);
#2308 = CARTESIAN_POINT('',(2.05,-2.225,0.855));
#2309 = VECTOR('',#2310,1.);
#2310 = DIRECTION('',(0.,1.,0.));
#2311 = ORIENTED_EDGE('',*,*,#2059,.T.);
#2312 = ORIENTED_EDGE('',*,*,#2275,.T.);
#2313 = ORIENTED_EDGE('',*,*,#2199,.F.);
#2314 = PLANE('',#2315);
#2315 = AXIS2_PLACEMENT_3D('',#2316,#2317,#2318);
#2316 = CARTESIAN_POINT('',(2.05,-2.225,0.855));
#2317 = DIRECTION('',(0.,0.,1.));
#2318 = DIRECTION('',(1.,0.,-0.));
#2319 = ADVANCED_FACE('',(#2320),#2326,.F.);
#2320 = FACE_BOUND('',#2321,.F.);
#2321 = EDGE_LOOP('',(#2322,#2323,#2324,#2325));
#2322 = ORIENTED_EDGE('',*,*,#2067,.F.);
#2323 = ORIENTED_EDGE('',*,*,#2306,.T.);
#2324 = ORIENTED_EDGE('',*,*,#2207,.T.);
#2325 = ORIENTED_EDGE('',*,*,#2290,.F.);
#2326 = PLANE('',#2327);
#2327 = AXIS2_PLACEMENT_3D('',#2328,#2329,#2330);
#2328 = CARTESIAN_POINT('',(2.05,-2.225,0.855));
#2329 = DIRECTION('',(1.,0.,0.));
#2330 = DIRECTION('',(0.,0.,1.));
#2331 = ( GEOMETRIC_REPRESENTATION_CONTEXT(3) 
GLOBAL_UNCERTAINTY_ASSIGNED_CONTEXT((#2335)) 
GLOBAL_UNIT_ASSIGNED_CONTEXT((#2332,#2333,#2334)) REPRESENTATION_CONTEXT
('Context #1','3D Context with UNIT and UNCERTAINTY') );
#2332 = ( LENGTH_UNIT() NAMED_UNIT(*) SI_UNIT(.MILLI.,.METRE.) );
#2333 = ( NAMED_UNIT(*) PLANE_ANGLE_UNIT() SI_UNIT($,.RADIAN.) );
#2334 = ( NAMED_UNIT(*) SI_UNIT($,.STERADIAN.) SOLID_ANGLE_UNIT() );
#2335 = UNCERTAINTY_MEASURE_WITH_UNIT(LENGTH_MEASURE(1.E-07),#2332,
  'distance_accuracy_value','confusion accuracy');
#2336 = CONTEXT_DEPENDENT_SHAPE_REPRESENTATION(#2337,#2339);
#2337 = ( REPRESENTATION_RELATIONSHIP('','',#1978,#1182) 
REPRESENTATION_RELATIONSHIP_WITH_TRANSFORMATION(#2338) 
SHAPE_REPRESENTATION_RELATIONSHIP() );
#2338 = ITEM_DEFINED_TRANSFORMATION('','',#11,#1191);
#2339 = PRODUCT_DEFINITION_SHAPE('Placement','Placement of an item',
  #2340);
#2340 = NEXT_ASSEMBLY_USAGE_OCCURRENCE('7','=>[0:1:1:4]','',#1177,#1973,
  $);
#2341 = PRODUCT_RELATED_PRODUCT_CATEGORY('part',$,(#1975));
#2342 = SHAPE_DEFINITION_REPRESENTATION(#2343,#2349);
#2343 = PRODUCT_DEFINITION_SHAPE('','',#2344);
#2344 = PRODUCT_DEFINITION('design','',#2345,#2348);
#2345 = PRODUCT_DEFINITION_FORMATION('','',#2346);
#2346 = PRODUCT('kicad_embedded_4AC53AD4C5CF69C6F659C2ED0629CD60',
  'kicad_embedded_4AC53AD4C5CF69C6F659C2ED0629CD60','',(#2347));
#2347 = PRODUCT_CONTEXT('',#2,'mechanical');
#2348 = PRODUCT_DEFINITION_CONTEXT('part definition',#2,'design');
#2349 = ADVANCED_BREP_SHAPE_REPRESENTATION('',(#11,#2350),#4752);
#2350 = MANIFOLD_SOLID_BREP('',#2351);
#2351 = CLOSED_SHELL('',(#2352,#2396,#2440,#2472,#2504,#2550,#2658,#2704
    ,#2812,#2896,#2929,#2961,#2994,#3022,#3042,#3081,#3165,#3198,#3231,
    #3264,#3292,#3321,#3349,#3457,#3489,#3521,#3563,#3640,#3753,#3778,
    #3803,#3834,#3858,#3882,#3906,#3930,#3947,#3969,#3989,#4065,#4085,
    #4161,#4173,#4191,#4207,#4225,#4241,#4253,#4265,#4289,#4312,#4340,
    #4368,#4436,#4454,#4472,#4490,#4508,#4521,#4534,#4547,#4560,#4628,
    #4646,#4664,#4682,#4700,#4713,#4726,#4739));
#2352 = ADVANCED_FACE('',(#2353),#2391,.T.);
#2353 = FACE_BOUND('',#2354,.T.);
#2354 = EDGE_LOOP('',(#2355,#2366,#2375,#2384));
#2355 = ORIENTED_EDGE('',*,*,#2356,.F.);
#2356 = EDGE_CURVE('',#2357,#2359,#2361,.T.);
#2357 = VERTEX_POINT('',#2358);
#2358 = CARTESIAN_POINT('',(-3.6,-1.8,-6.3));
#2359 = VERTEX_POINT('',#2360);
#2360 = CARTESIAN_POINT('',(-3.6,-1.8,-8.9));
#2361 = CIRCLE('',#2362,1.3);
#2362 = AXIS2_PLACEMENT_3D('',#2363,#2364,#2365);
#2363 = CARTESIAN_POINT('',(-3.6,-1.8,-7.6));
#2364 = DIRECTION('',(-0.,1.,0.));
#2365 = DIRECTION('',(0.,0.,-1.));
#2366 = ORIENTED_EDGE('',*,*,#2367,.T.);
#2367 = EDGE_CURVE('',#2357,#2368,#2370,.T.);
#2368 = VERTEX_POINT('',#2369);
#2369 = CARTESIAN_POINT('',(-3.6,-2.,-6.5));
#2370 = CIRCLE('',#2371,0.2);
#2371 = AXIS2_PLACEMENT_3D('',#2372,#2373,#2374);
#2372 = CARTESIAN_POINT('',(-3.6,-1.8,-6.5));
#2373 = DIRECTION('',(1.,0.,-1.224646799147E-16));
#2374 = DIRECTION('',(-1.224646799147E-16,-0.,-1.));
#2375 = ORIENTED_EDGE('',*,*,#2376,.F.);
#2376 = EDGE_CURVE('',#2377,#2368,#2379,.T.);
#2377 = VERTEX_POINT('',#2378);
#2378 = CARTESIAN_POINT('',(-3.6,-2.,-8.7));
#2379 = CIRCLE('',#2380,1.1);
#2380 = AXIS2_PLACEMENT_3D('',#2381,#2382,#2383);
#2381 = CARTESIAN_POINT('',(-3.6,-2.,-7.6));
#2382 = DIRECTION('',(0.,-1.,0.));
#2383 = DIRECTION('',(0.,0.,-1.));
#2384 = ORIENTED_EDGE('',*,*,#2385,.F.);
#2385 = EDGE_CURVE('',#2359,#2377,#2386,.T.);
#2386 = CIRCLE('',#2387,0.2);
#2387 = AXIS2_PLACEMENT_3D('',#2388,#2389,#2390);
#2388 = CARTESIAN_POINT('',(-3.6,-1.8,-8.7));
#2389 = DIRECTION('',(-1.,0.,-0.));
#2390 = DIRECTION('',(-0.,0.,1.));
#2391 = TOROIDAL_SURFACE('',#2392,1.1,0.2);
#2392 = AXIS2_PLACEMENT_3D('',#2393,#2394,#2395);
#2393 = CARTESIAN_POINT('',(-3.6,-1.8,-7.6));
#2394 = DIRECTION('',(0.,-1.,0.));
#2395 = DIRECTION('',(0.,0.,-1.));
#2396 = ADVANCED_FACE('',(#2397),#2435,.T.);
#2397 = FACE_BOUND('',#2398,.T.);
#2398 = EDGE_LOOP('',(#2399,#2410,#2419,#2428));
#2399 = ORIENTED_EDGE('',*,*,#2400,.F.);
#2400 = EDGE_CURVE('',#2401,#2403,#2405,.T.);
#2401 = VERTEX_POINT('',#2402);
#2402 = CARTESIAN_POINT('',(3.6,-1.8,-6.3));
#2403 = VERTEX_POINT('',#2404);
#2404 = CARTESIAN_POINT('',(3.6,-1.8,-8.9));
#2405 = CIRCLE('',#2406,1.3);
#2406 = AXIS2_PLACEMENT_3D('',#2407,#2408,#2409);
#2407 = CARTESIAN_POINT('',(3.6,-1.8,-7.6));
#2408 = DIRECTION('',(-0.,1.,0.));
#2409 = DIRECTION('',(0.,0.,-1.));
#2410 = ORIENTED_EDGE('',*,*,#2411,.T.);
#2411 = EDGE_CURVE('',#2401,#2412,#2414,.T.);
#2412 = VERTEX_POINT('',#2413);
#2413 = CARTESIAN_POINT('',(3.6,-2.,-6.5));
#2414 = CIRCLE('',#2415,0.2);
#2415 = AXIS2_PLACEMENT_3D('',#2416,#2417,#2418);
#2416 = CARTESIAN_POINT('',(3.6,-1.8,-6.5));
#2417 = DIRECTION('',(1.,0.,-1.224646799147E-16));
#2418 = DIRECTION('',(-1.224646799147E-16,-0.,-1.));
#2419 = ORIENTED_EDGE('',*,*,#2420,.F.);
#2420 = EDGE_CURVE('',#2421,#2412,#2423,.T.);
#2421 = VERTEX_POINT('',#2422);
#2422 = CARTESIAN_POINT('',(3.6,-2.,-8.7));
#2423 = CIRCLE('',#2424,1.1);
#2424 = AXIS2_PLACEMENT_3D('',#2425,#2426,#2427);
#2425 = CARTESIAN_POINT('',(3.6,-2.,-7.6));
#2426 = DIRECTION('',(0.,-1.,0.));
#2427 = DIRECTION('',(0.,0.,-1.));
#2428 = ORIENTED_EDGE('',*,*,#2429,.F.);
#2429 = EDGE_CURVE('',#2403,#2421,#2430,.T.);
#2430 = CIRCLE('',#2431,0.2);
#2431 = AXIS2_PLACEMENT_3D('',#2432,#2433,#2434);
#2432 = CARTESIAN_POINT('',(3.6,-1.8,-8.7));
#2433 = DIRECTION('',(-1.,0.,-0.));
#2434 = DIRECTION('',(-0.,0.,1.));
#2435 = TOROIDAL_SURFACE('',#2436,1.1,0.2);
#2436 = AXIS2_PLACEMENT_3D('',#2437,#2438,#2439);
#2437 = CARTESIAN_POINT('',(3.6,-1.8,-7.6));
#2438 = DIRECTION('',(0.,-1.,0.));
#2439 = DIRECTION('',(0.,0.,-1.));
#2440 = ADVANCED_FACE('',(#2441),#2467,.T.);
#2441 = FACE_BOUND('',#2442,.T.);
#2442 = EDGE_LOOP('',(#2443,#2444,#2452,#2461));
#2443 = ORIENTED_EDGE('',*,*,#2400,.T.);
#2444 = ORIENTED_EDGE('',*,*,#2445,.T.);
#2445 = EDGE_CURVE('',#2403,#2446,#2448,.T.);
#2446 = VERTEX_POINT('',#2447);
#2447 = CARTESIAN_POINT('',(3.6,0.,-8.9));
#2448 = LINE('',#2449,#2450);
#2449 = CARTESIAN_POINT('',(3.6,-2.,-8.9));
#2450 = VECTOR('',#2451,1.);
#2451 = DIRECTION('',(-0.,1.,0.));
#2452 = ORIENTED_EDGE('',*,*,#2453,.T.);
#2453 = EDGE_CURVE('',#2446,#2454,#2456,.T.);
#2454 = VERTEX_POINT('',#2455);
#2455 = CARTESIAN_POINT('',(3.6,0.,-6.3));
#2456 = CIRCLE('',#2457,1.3);
#2457 = AXIS2_PLACEMENT_3D('',#2458,#2459,#2460);
#2458 = CARTESIAN_POINT('',(3.6,0.,-7.6));
#2459 = DIRECTION('',(0.,-1.,0.));
#2460 = DIRECTION('',(0.,0.,-1.));
#2461 = ORIENTED_EDGE('',*,*,#2462,.F.);
#2462 = EDGE_CURVE('',#2401,#2454,#2463,.T.);
#2463 = LINE('',#2464,#2465);
#2464 = CARTESIAN_POINT('',(3.6,-2.,-6.3));
#2465 = VECTOR('',#2466,1.);
#2466 = DIRECTION('',(-0.,1.,0.));
#2467 = CYLINDRICAL_SURFACE('',#2468,1.3);
#2468 = AXIS2_PLACEMENT_3D('',#2469,#2470,#2471);
#2469 = CARTESIAN_POINT('',(3.6,-2.,-7.6));
#2470 = DIRECTION('',(-0.,1.,0.));
#2471 = DIRECTION('',(0.,0.,1.));
#2472 = ADVANCED_FACE('',(#2473),#2499,.T.);
#2473 = FACE_BOUND('',#2474,.T.);
#2474 = EDGE_LOOP('',(#2475,#2476,#2484,#2493));
#2475 = ORIENTED_EDGE('',*,*,#2356,.T.);
#2476 = ORIENTED_EDGE('',*,*,#2477,.T.);
#2477 = EDGE_CURVE('',#2359,#2478,#2480,.T.);
#2478 = VERTEX_POINT('',#2479);
#2479 = CARTESIAN_POINT('',(-3.6,0.,-8.9));
#2480 = LINE('',#2481,#2482);
#2481 = CARTESIAN_POINT('',(-3.6,-2.,-8.9));
#2482 = VECTOR('',#2483,1.);
#2483 = DIRECTION('',(-0.,1.,0.));
#2484 = ORIENTED_EDGE('',*,*,#2485,.T.);
#2485 = EDGE_CURVE('',#2478,#2486,#2488,.T.);
#2486 = VERTEX_POINT('',#2487);
#2487 = CARTESIAN_POINT('',(-3.6,0.,-6.3));
#2488 = CIRCLE('',#2489,1.3);
#2489 = AXIS2_PLACEMENT_3D('',#2490,#2491,#2492);
#2490 = CARTESIAN_POINT('',(-3.6,0.,-7.6));
#2491 = DIRECTION('',(0.,-1.,0.));
#2492 = DIRECTION('',(0.,0.,-1.));
#2493 = ORIENTED_EDGE('',*,*,#2494,.F.);
#2494 = EDGE_CURVE('',#2357,#2486,#2495,.T.);
#2495 = LINE('',#2496,#2497);
#2496 = CARTESIAN_POINT('',(-3.6,-2.,-6.3));
#2497 = VECTOR('',#2498,1.);
#2498 = DIRECTION('',(-0.,1.,0.));
#2499 = CYLINDRICAL_SURFACE('',#2500,1.3);
#2500 = AXIS2_PLACEMENT_3D('',#2501,#2502,#2503);
#2501 = CARTESIAN_POINT('',(-3.6,-2.,-7.6));
#2502 = DIRECTION('',(-0.,1.,0.));
#2503 = DIRECTION('',(0.,0.,1.));
#2504 = ADVANCED_FACE('',(#2505),#2545,.T.);
#2505 = FACE_BOUND('',#2506,.T.);
#2506 = EDGE_LOOP('',(#2507,#2518,#2527,#2536));
#2507 = ORIENTED_EDGE('',*,*,#2508,.F.);
#2508 = EDGE_CURVE('',#2509,#2511,#2513,.T.);
#2509 = VERTEX_POINT('',#2510);
#2510 = CARTESIAN_POINT('',(-2.087262886231,4.421081782542,7.5));
#2511 = VERTEX_POINT('',#2512);
#2512 = CARTESIAN_POINT('',(-2.462149337193,3.429053808253,7.5));
#2513 = CIRCLE('',#2514,1.5);
#2514 = AXIS2_PLACEMENT_3D('',#2515,#2516,#2517);
#2515 = CARTESIAN_POINT('',(-3.587262886231,4.421081782542,7.5));
#2516 = DIRECTION('',(0.,0.,-1.));
#2517 = DIRECTION('',(1.,0.,0.));
#2518 = ORIENTED_EDGE('',*,*,#2519,.T.);
#2519 = EDGE_CURVE('',#2509,#2520,#2522,.T.);
#2520 = VERTEX_POINT('',#2521);
#2521 = CARTESIAN_POINT('',(-2.687262886231,4.421081782542,8.1));
#2522 = CIRCLE('',#2523,0.6);
#2523 = AXIS2_PLACEMENT_3D('',#2524,#2525,#2526);
#2524 = CARTESIAN_POINT('',(-2.687262886231,4.421081782542,7.5));
#2525 = DIRECTION('',(0.,-1.,0.));
#2526 = DIRECTION('',(0.,0.,-1.));
#2527 = ORIENTED_EDGE('',*,*,#2528,.F.);
#2528 = EDGE_CURVE('',#2529,#2520,#2531,.T.);
#2529 = VERTEX_POINT('',#2530);
#2530 = CARTESIAN_POINT('',(-2.873705720839,3.872596439332,8.1));
#2531 = CIRCLE('',#2532,0.9);
#2532 = AXIS2_PLACEMENT_3D('',#2533,#2534,#2535);
#2533 = CARTESIAN_POINT('',(-3.587262886231,4.421081782542,8.1));
#2534 = DIRECTION('',(0.,0.,1.));
#2535 = DIRECTION('',(1.,0.,-0.));
#2536 = ORIENTED_EDGE('',*,*,#2537,.T.);
#2537 = EDGE_CURVE('',#2529,#2511,#2538,.T.);
#2538 = B_SPLINE_CURVE_WITH_KNOTS('',3,(#2539,#2540,#2541,#2542,#2543,
    #2544),.UNSPECIFIED.,.F.,.F.,(4,2,4),(9.59569847284E-04,
    1.432651445916E-03,1.905733044549E-03),.UNSPECIFIED.);
#2539 = CARTESIAN_POINT('',(-2.873705720839,3.872596439332,8.1));
#2540 = CARTESIAN_POINT('',(-2.765665908945,3.756159750867,8.1));
#2541 = CARTESIAN_POINT('',(-2.659517266906,3.641761214368,
    8.036267932874));
#2542 = CARTESIAN_POINT('',(-2.507020777153,3.477412665826,
    7.814894995536));
#2543 = CARTESIAN_POINT('',(-2.462149337192,3.429053808251,7.65921052169
    ));
#2544 = CARTESIAN_POINT('',(-2.462149337193,3.429053808253,7.5));
#2545 = TOROIDAL_SURFACE('',#2546,0.9,0.6);
#2546 = AXIS2_PLACEMENT_3D('',#2547,#2548,#2549);
#2547 = CARTESIAN_POINT('',(-3.587262886231,4.421081782542,7.5));
#2548 = DIRECTION('',(0.,0.,1.));
#2549 = DIRECTION('',(1.,0.,-0.));
#2550 = ADVANCED_FACE('',(#2551),#2653,.T.);
#2551 = FACE_BOUND('',#2552,.T.);
#2552 = EDGE_LOOP('',(#2553,#2562,#2570,#2579,#2587,#2596,#2604,#2613,
    #2621,#2630,#2638,#2647));
#2553 = ORIENTED_EDGE('',*,*,#2554,.T.);
#2554 = EDGE_CURVE('',#2555,#2509,#2557,.T.);
#2555 = VERTEX_POINT('',#2556);
#2556 = CARTESIAN_POINT('',(-2.497141818694,5.451439030351,7.5));
#2557 = CIRCLE('',#2558,1.5);
#2558 = AXIS2_PLACEMENT_3D('',#2559,#2560,#2561);
#2559 = CARTESIAN_POINT('',(-3.587262886231,4.421081782542,7.5));
#2560 = DIRECTION('',(0.,-0.,-1.));
#2561 = DIRECTION('',(1.,1.734723475977E-15,-0.));
#2562 = ORIENTED_EDGE('',*,*,#2563,.T.);
#2563 = EDGE_CURVE('',#2509,#2564,#2566,.T.);
#2564 = VERTEX_POINT('',#2565);
#2565 = CARTESIAN_POINT('',(-2.087262886231,4.421081782542,-4.9));
#2566 = LINE('',#2567,#2568);
#2567 = CARTESIAN_POINT('',(-2.087262886231,4.421081782542,8.1));
#2568 = VECTOR('',#2569,1.);
#2569 = DIRECTION('',(-0.,-0.,-1.));
#2570 = ORIENTED_EDGE('',*,*,#2571,.T.);
#2571 = EDGE_CURVE('',#2564,#2572,#2574,.T.);
#2572 = VERTEX_POINT('',#2573);
#2573 = CARTESIAN_POINT('',(-5.087262886231,4.421081782542,-4.9));
#2574 = CIRCLE('',#2575,1.5);
#2575 = AXIS2_PLACEMENT_3D('',#2576,#2577,#2578);
#2576 = CARTESIAN_POINT('',(-3.587262886231,4.421081782542,-4.9));
#2577 = DIRECTION('',(0.,0.,1.));
#2578 = DIRECTION('',(1.,0.,-0.));
#2579 = ORIENTED_EDGE('',*,*,#2580,.F.);
#2580 = EDGE_CURVE('',#2581,#2572,#2583,.T.);
#2581 = VERTEX_POINT('',#2582);
#2582 = CARTESIAN_POINT('',(-5.087262886231,4.421081782542,7.5));
#2583 = LINE('',#2584,#2585);
#2584 = CARTESIAN_POINT('',(-5.087262886231,4.421081782542,8.1));
#2585 = VECTOR('',#2586,1.);
#2586 = DIRECTION('',(-0.,-0.,-1.));
#2587 = ORIENTED_EDGE('',*,*,#2588,.T.);
#2588 = EDGE_CURVE('',#2581,#2589,#2591,.T.);
#2589 = VERTEX_POINT('',#2590);
#2590 = CARTESIAN_POINT('',(-4.712376435269,5.413109756831,7.5));
#2591 = CIRCLE('',#2592,1.5);
#2592 = AXIS2_PLACEMENT_3D('',#2593,#2594,#2595);
#2593 = CARTESIAN_POINT('',(-3.587262886231,4.421081782542,7.5));
#2594 = DIRECTION('',(0.,-0.,-1.));
#2595 = DIRECTION('',(1.,-3.469446951954E-15,0.));
#2596 = ORIENTED_EDGE('',*,*,#2597,.T.);
#2597 = EDGE_CURVE('',#2589,#2598,#2600,.T.);
#2598 = VERTEX_POINT('',#2599);
#2599 = CARTESIAN_POINT('',(-4.712376435269,5.413109756831,-3.9));
#2600 = LINE('',#2601,#2602);
#2601 = CARTESIAN_POINT('',(-4.712376435269,5.413109756831,8.1));
#2602 = VECTOR('',#2603,1.);
#2603 = DIRECTION('',(-0.,-0.,-1.));
#2604 = ORIENTED_EDGE('',*,*,#2605,.T.);
#2605 = EDGE_CURVE('',#2598,#2606,#2608,.T.);
#2606 = VERTEX_POINT('',#2607);
#2607 = CARTESIAN_POINT('',(-4.492463089953,5.617163966668,-3.9));
#2608 = CIRCLE('',#2609,1.5);
#2609 = AXIS2_PLACEMENT_3D('',#2610,#2611,#2612);
#2610 = CARTESIAN_POINT('',(-3.587262886231,4.421081782542,-3.9));
#2611 = DIRECTION('',(0.,0.,-1.));
#2612 = DIRECTION('',(-1.,0.,0.));
#2613 = ORIENTED_EDGE('',*,*,#2614,.F.);
#2614 = EDGE_CURVE('',#2615,#2606,#2617,.T.);
#2615 = VERTEX_POINT('',#2616);
#2616 = CARTESIAN_POINT('',(-4.492463089953,5.617163966668,7.5));
#2617 = LINE('',#2618,#2619);
#2618 = CARTESIAN_POINT('',(-4.492463089953,5.617163966668,8.1));
#2619 = VECTOR('',#2620,1.);
#2620 = DIRECTION('',(-0.,-0.,-1.));
#2621 = ORIENTED_EDGE('',*,*,#2622,.T.);
#2622 = EDGE_CURVE('',#2615,#2623,#2625,.T.);
#2623 = VERTEX_POINT('',#2624);
#2624 = CARTESIAN_POINT('',(-2.723982743505,5.64776323882,7.5));
#2625 = CIRCLE('',#2626,1.5);
#2626 = AXIS2_PLACEMENT_3D('',#2627,#2628,#2629);
#2627 = CARTESIAN_POINT('',(-3.587262886231,4.421081782542,7.5));
#2628 = DIRECTION('',(0.,-0.,-1.));
#2629 = DIRECTION('',(1.,1.734723475977E-15,-0.));
#2630 = ORIENTED_EDGE('',*,*,#2631,.F.);
#2631 = EDGE_CURVE('',#2632,#2623,#2634,.T.);
#2632 = VERTEX_POINT('',#2633);
#2633 = CARTESIAN_POINT('',(-2.723982743505,5.64776323882,-3.9));
#2634 = LINE('',#2635,#2636);
#2635 = CARTESIAN_POINT('',(-2.723982743505,5.64776323882,8.1));
#2636 = VECTOR('',#2637,1.);
#2637 = DIRECTION('',(0.,0.,1.));
#2638 = ORIENTED_EDGE('',*,*,#2639,.T.);
#2639 = EDGE_CURVE('',#2632,#2640,#2642,.T.);
#2640 = VERTEX_POINT('',#2641);
#2641 = CARTESIAN_POINT('',(-2.497141818694,5.451439030351,-3.9));
#2642 = CIRCLE('',#2643,1.5);
#2643 = AXIS2_PLACEMENT_3D('',#2644,#2645,#2646);
#2644 = CARTESIAN_POINT('',(-3.587262886231,4.421081782542,-3.9));
#2645 = DIRECTION('',(0.,0.,-1.));
#2646 = DIRECTION('',(-1.,0.,0.));
#2647 = ORIENTED_EDGE('',*,*,#2648,.T.);
#2648 = EDGE_CURVE('',#2640,#2555,#2649,.T.);
#2649 = LINE('',#2650,#2651);
#2650 = CARTESIAN_POINT('',(-2.497141818694,5.451439030351,8.1));
#2651 = VECTOR('',#2652,1.);
#2652 = DIRECTION('',(0.,0.,1.));
#2653 = CYLINDRICAL_SURFACE('',#2654,1.5);
#2654 = AXIS2_PLACEMENT_3D('',#2655,#2656,#2657);
#2655 = CARTESIAN_POINT('',(-3.587262886231,4.421081782542,8.1));
#2656 = DIRECTION('',(-0.,-0.,-1.));
#2657 = DIRECTION('',(-1.,0.,0.));
#2658 = ADVANCED_FACE('',(#2659),#2699,.T.);
#2659 = FACE_BOUND('',#2660,.T.);
#2660 = EDGE_LOOP('',(#2661,#2672,#2681,#2690));
#2661 = ORIENTED_EDGE('',*,*,#2662,.F.);
#2662 = EDGE_CURVE('',#2663,#2665,#2667,.T.);
#2663 = VERTEX_POINT('',#2664);
#2664 = CARTESIAN_POINT('',(5.112737113769,4.421081782542,7.5));
#2665 = VERTEX_POINT('',#2666);
#2666 = CARTESIAN_POINT('',(4.678074224233,3.365119263763,7.5));
#2667 = CIRCLE('',#2668,1.5);
#2668 = AXIS2_PLACEMENT_3D('',#2669,#2670,#2671);
#2669 = CARTESIAN_POINT('',(3.612737113769,4.421081782542,7.5));
#2670 = DIRECTION('',(0.,0.,-1.));
#2671 = DIRECTION('',(1.,0.,0.));
#2672 = ORIENTED_EDGE('',*,*,#2673,.T.);
#2673 = EDGE_CURVE('',#2663,#2674,#2676,.T.);
#2674 = VERTEX_POINT('',#2675);
#2675 = CARTESIAN_POINT('',(4.512737113769,4.421081782542,8.1));
#2676 = CIRCLE('',#2677,0.6);
#2677 = AXIS2_PLACEMENT_3D('',#2678,#2679,#2680);
#2678 = CARTESIAN_POINT('',(4.512737113769,4.421081782542,7.5));
#2679 = DIRECTION('',(0.,-1.,0.));
#2680 = DIRECTION('',(0.,0.,-1.));
#2681 = ORIENTED_EDGE('',*,*,#2682,.F.);
#2682 = EDGE_CURVE('',#2683,#2674,#2685,.T.);
#2683 = VERTEX_POINT('',#2684);
#2684 = CARTESIAN_POINT('',(4.293088550363,3.831911244647,8.1));
#2685 = CIRCLE('',#2686,0.9);
#2686 = AXIS2_PLACEMENT_3D('',#2687,#2688,#2689);
#2687 = CARTESIAN_POINT('',(3.612737113769,4.421081782542,8.1));
#2688 = DIRECTION('',(0.,0.,1.));
#2689 = DIRECTION('',(1.,0.,-0.));
#2690 = ORIENTED_EDGE('',*,*,#2691,.T.);
#2691 = EDGE_CURVE('',#2683,#2665,#2692,.T.);
#2692 = B_SPLINE_CURVE_WITH_KNOTS('',3,(#2693,#2694,#2695,#2696,#2697,
    #2698),.UNSPECIFIED.,.F.,.F.,(4,2,4),(9.595698472847E-04,
    1.432651445917E-03,1.905733044549E-03),.UNSPECIFIED.);
#2693 = CARTESIAN_POINT('',(4.293088550363,3.831911244647,8.1));
#2694 = CARTESIAN_POINT('',(4.394153146709,3.709371248155,8.1));
#2695 = CARTESIAN_POINT('',(4.49344867002,3.588976238249,8.036267932874)
  );
#2696 = CARTESIAN_POINT('',(4.636099753087,3.416012966731,7.814894995536
    ));
#2697 = CARTESIAN_POINT('',(4.678074224235,3.36511926376,7.65921052169)
  );
#2698 = CARTESIAN_POINT('',(4.678074224233,3.365119263763,7.5));
#2699 = TOROIDAL_SURFACE('',#2700,0.9,0.6);
#2700 = AXIS2_PLACEMENT_3D('',#2701,#2702,#2703);
#2701 = CARTESIAN_POINT('',(3.612737113769,4.421081782542,7.5));
#2702 = DIRECTION('',(0.,0.,1.));
#2703 = DIRECTION('',(1.,0.,-0.));
#2704 = ADVANCED_FACE('',(#2705),#2807,.T.);
#2705 = FACE_BOUND('',#2706,.T.);
#2706 = EDGE_LOOP('',(#2707,#2716,#2724,#2733,#2741,#2750,#2758,#2767,
    #2775,#2784,#2792,#2801));
#2707 = ORIENTED_EDGE('',*,*,#2708,.T.);
#2708 = EDGE_CURVE('',#2709,#2663,#2711,.T.);
#2709 = VERTEX_POINT('',#2710);
#2710 = CARTESIAN_POINT('',(4.678074224233,5.477044301322,7.5));
#2711 = CIRCLE('',#2712,1.5);
#2712 = AXIS2_PLACEMENT_3D('',#2713,#2714,#2715);
#2713 = CARTESIAN_POINT('',(3.612737113769,4.421081782542,7.5));
#2714 = DIRECTION('',(0.,-0.,-1.));
#2715 = DIRECTION('',(1.,-1.734723475977E-15,0.));
#2716 = ORIENTED_EDGE('',*,*,#2717,.T.);
#2717 = EDGE_CURVE('',#2663,#2718,#2720,.T.);
#2718 = VERTEX_POINT('',#2719);
#2719 = CARTESIAN_POINT('',(5.112737113769,4.421081782542,-4.9));
#2720 = LINE('',#2721,#2722);
#2721 = CARTESIAN_POINT('',(5.112737113769,4.421081782542,8.1));
#2722 = VECTOR('',#2723,1.);
#2723 = DIRECTION('',(-0.,-0.,-1.));
#2724 = ORIENTED_EDGE('',*,*,#2725,.T.);
#2725 = EDGE_CURVE('',#2718,#2726,#2728,.T.);
#2726 = VERTEX_POINT('',#2727);
#2727 = CARTESIAN_POINT('',(2.112737113769,4.421081782542,-4.9));
#2728 = CIRCLE('',#2729,1.5);
#2729 = AXIS2_PLACEMENT_3D('',#2730,#2731,#2732);
#2730 = CARTESIAN_POINT('',(3.612737113769,4.421081782542,-4.9));
#2731 = DIRECTION('',(0.,0.,1.));
#2732 = DIRECTION('',(1.,0.,-0.));
#2733 = ORIENTED_EDGE('',*,*,#2734,.F.);
#2734 = EDGE_CURVE('',#2735,#2726,#2737,.T.);
#2735 = VERTEX_POINT('',#2736);
#2736 = CARTESIAN_POINT('',(2.112737113769,4.421081782542,7.5));
#2737 = LINE('',#2738,#2739);
#2738 = CARTESIAN_POINT('',(2.112737113769,4.421081782542,8.1));
#2739 = VECTOR('',#2740,1.);
#2740 = DIRECTION('',(-0.,-0.,-1.));
#2741 = ORIENTED_EDGE('',*,*,#2742,.T.);
#2742 = EDGE_CURVE('',#2735,#2743,#2745,.T.);
#2743 = VERTEX_POINT('',#2744);
#2744 = CARTESIAN_POINT('',(2.547400003305,5.477044301322,7.5));
#2745 = CIRCLE('',#2746,1.5);
#2746 = AXIS2_PLACEMENT_3D('',#2747,#2748,#2749);
#2747 = CARTESIAN_POINT('',(3.612737113769,4.421081782542,7.5));
#2748 = DIRECTION('',(0.,-0.,-1.));
#2749 = DIRECTION('',(1.,-1.734723475977E-15,0.));
#2750 = ORIENTED_EDGE('',*,*,#2751,.T.);
#2751 = EDGE_CURVE('',#2743,#2752,#2754,.T.);
#2752 = VERTEX_POINT('',#2753);
#2753 = CARTESIAN_POINT('',(2.547400003305,5.477044301322,-3.9));
#2754 = LINE('',#2755,#2756);
#2755 = CARTESIAN_POINT('',(2.547400003305,5.477044301322,8.1));
#2756 = VECTOR('',#2757,1.);
#2757 = DIRECTION('',(-0.,-0.,-1.));
#2758 = ORIENTED_EDGE('',*,*,#2759,.T.);
#2759 = EDGE_CURVE('',#2752,#2760,#2762,.T.);
#2760 = VERTEX_POINT('',#2761);
#2761 = CARTESIAN_POINT('',(2.778840633562,5.667924459186,-3.9));
#2762 = CIRCLE('',#2763,1.5);
#2763 = AXIS2_PLACEMENT_3D('',#2764,#2765,#2766);
#2764 = CARTESIAN_POINT('',(3.612737113769,4.421081782542,-3.9));
#2765 = DIRECTION('',(0.,-0.,-1.));
#2766 = DIRECTION('',(-1.,-0.,0.));
#2767 = ORIENTED_EDGE('',*,*,#2768,.F.);
#2768 = EDGE_CURVE('',#2769,#2760,#2771,.T.);
#2769 = VERTEX_POINT('',#2770);
#2770 = CARTESIAN_POINT('',(2.778840633562,5.667924459186,7.5));
#2771 = LINE('',#2772,#2773);
#2772 = CARTESIAN_POINT('',(2.778840633562,5.667924459186,8.1));
#2773 = VECTOR('',#2774,1.);
#2774 = DIRECTION('',(-0.,-0.,-1.));
#2775 = ORIENTED_EDGE('',*,*,#2776,.T.);
#2776 = EDGE_CURVE('',#2769,#2777,#2779,.T.);
#2777 = VERTEX_POINT('',#2778);
#2778 = CARTESIAN_POINT('',(4.446633593975,5.667924459186,7.5));
#2779 = CIRCLE('',#2780,1.5);
#2780 = AXIS2_PLACEMENT_3D('',#2781,#2782,#2783);
#2781 = CARTESIAN_POINT('',(3.612737113769,4.421081782542,7.5));
#2782 = DIRECTION('',(0.,-0.,-1.));
#2783 = DIRECTION('',(1.,1.734723475977E-15,-0.));
#2784 = ORIENTED_EDGE('',*,*,#2785,.F.);
#2785 = EDGE_CURVE('',#2786,#2777,#2788,.T.);
#2786 = VERTEX_POINT('',#2787);
#2787 = CARTESIAN_POINT('',(4.446633593975,5.667924459186,-3.9));
#2788 = LINE('',#2789,#2790);
#2789 = CARTESIAN_POINT('',(4.446633593975,5.667924459186,8.1));
#2790 = VECTOR('',#2791,1.);
#2791 = DIRECTION('',(0.,0.,1.));
#2792 = ORIENTED_EDGE('',*,*,#2793,.T.);
#2793 = EDGE_CURVE('',#2786,#2794,#2796,.T.);
#2794 = VERTEX_POINT('',#2795);
#2795 = CARTESIAN_POINT('',(4.678074224233,5.477044301322,-3.9));
#2796 = CIRCLE('',#2797,1.5);
#2797 = AXIS2_PLACEMENT_3D('',#2798,#2799,#2800);
#2798 = CARTESIAN_POINT('',(3.612737113769,4.421081782542,-3.9));
#2799 = DIRECTION('',(0.,-0.,-1.));
#2800 = DIRECTION('',(-1.,-0.,0.));
#2801 = ORIENTED_EDGE('',*,*,#2802,.T.);
#2802 = EDGE_CURVE('',#2794,#2709,#2803,.T.);
#2803 = LINE('',#2804,#2805);
#2804 = CARTESIAN_POINT('',(4.678074224233,5.477044301322,8.1));
#2805 = VECTOR('',#2806,1.);
#2806 = DIRECTION('',(0.,0.,1.));
#2807 = CYLINDRICAL_SURFACE('',#2808,1.5);
#2808 = AXIS2_PLACEMENT_3D('',#2809,#2810,#2811);
#2809 = CARTESIAN_POINT('',(3.612737113769,4.421081782542,8.1));
#2810 = DIRECTION('',(-0.,-0.,-1.));
#2811 = DIRECTION('',(-1.,0.,0.));
#2812 = ADVANCED_FACE('',(#2813),#2891,.T.);
#2813 = FACE_BOUND('',#2814,.T.);
#2814 = EDGE_LOOP('',(#2815,#2816,#2817,#2825,#2834,#2842,#2851,#2859,
    #2868,#2876,#2883,#2884));
#2815 = ORIENTED_EDGE('',*,*,#2717,.F.);
#2816 = ORIENTED_EDGE('',*,*,#2662,.T.);
#2817 = ORIENTED_EDGE('',*,*,#2818,.F.);
#2818 = EDGE_CURVE('',#2819,#2665,#2821,.T.);
#2819 = VERTEX_POINT('',#2820);
#2820 = CARTESIAN_POINT('',(4.678074224233,3.365119263763,-3.9));
#2821 = LINE('',#2822,#2823);
#2822 = CARTESIAN_POINT('',(4.678074224233,3.365119263763,8.1));
#2823 = VECTOR('',#2824,1.);
#2824 = DIRECTION('',(0.,0.,1.));
#2825 = ORIENTED_EDGE('',*,*,#2826,.T.);
#2826 = EDGE_CURVE('',#2819,#2827,#2829,.T.);
#2827 = VERTEX_POINT('',#2828);
#2828 = CARTESIAN_POINT('',(4.446633593975,3.174239105899,-3.9));
#2829 = CIRCLE('',#2830,1.5);
#2830 = AXIS2_PLACEMENT_3D('',#2831,#2832,#2833);
#2831 = CARTESIAN_POINT('',(3.612737113769,4.421081782542,-3.9));
#2832 = DIRECTION('',(0.,-0.,-1.));
#2833 = DIRECTION('',(-1.,-0.,0.));
#2834 = ORIENTED_EDGE('',*,*,#2835,.T.);
#2835 = EDGE_CURVE('',#2827,#2836,#2838,.T.);
#2836 = VERTEX_POINT('',#2837);
#2837 = CARTESIAN_POINT('',(4.446633593975,3.174239105899,7.5));
#2838 = LINE('',#2839,#2840);
#2839 = CARTESIAN_POINT('',(4.446633593975,3.174239105899,8.1));
#2840 = VECTOR('',#2841,1.);
#2841 = DIRECTION('',(0.,0.,1.));
#2842 = ORIENTED_EDGE('',*,*,#2843,.T.);
#2843 = EDGE_CURVE('',#2836,#2844,#2846,.T.);
#2844 = VERTEX_POINT('',#2845);
#2845 = CARTESIAN_POINT('',(2.778840633562,3.174239105899,7.5));
#2846 = CIRCLE('',#2847,1.5);
#2847 = AXIS2_PLACEMENT_3D('',#2848,#2849,#2850);
#2848 = CARTESIAN_POINT('',(3.612737113769,4.421081782542,7.5));
#2849 = DIRECTION('',(0.,0.,-1.));
#2850 = DIRECTION('',(1.,0.,0.));
#2851 = ORIENTED_EDGE('',*,*,#2852,.T.);
#2852 = EDGE_CURVE('',#2844,#2853,#2855,.T.);
#2853 = VERTEX_POINT('',#2854);
#2854 = CARTESIAN_POINT('',(2.778840633562,3.174239105899,-3.9));
#2855 = LINE('',#2856,#2857);
#2856 = CARTESIAN_POINT('',(2.778840633562,3.174239105899,8.1));
#2857 = VECTOR('',#2858,1.);
#2858 = DIRECTION('',(-0.,-0.,-1.));
#2859 = ORIENTED_EDGE('',*,*,#2860,.T.);
#2860 = EDGE_CURVE('',#2853,#2861,#2863,.T.);
#2861 = VERTEX_POINT('',#2862);
#2862 = CARTESIAN_POINT('',(2.547400003305,3.365119263763,-3.9));
#2863 = CIRCLE('',#2864,1.5);
#2864 = AXIS2_PLACEMENT_3D('',#2865,#2866,#2867);
#2865 = CARTESIAN_POINT('',(3.612737113769,4.421081782542,-3.9));
#2866 = DIRECTION('',(0.,-0.,-1.));
#2867 = DIRECTION('',(-1.,-0.,0.));
#2868 = ORIENTED_EDGE('',*,*,#2869,.F.);
#2869 = EDGE_CURVE('',#2870,#2861,#2872,.T.);
#2870 = VERTEX_POINT('',#2871);
#2871 = CARTESIAN_POINT('',(2.547400003305,3.365119263763,7.5));
#2872 = LINE('',#2873,#2874);
#2873 = CARTESIAN_POINT('',(2.547400003305,3.365119263763,8.1));
#2874 = VECTOR('',#2875,1.);
#2875 = DIRECTION('',(-0.,-0.,-1.));
#2876 = ORIENTED_EDGE('',*,*,#2877,.T.);
#2877 = EDGE_CURVE('',#2870,#2735,#2878,.T.);
#2878 = CIRCLE('',#2879,1.5);
#2879 = AXIS2_PLACEMENT_3D('',#2880,#2881,#2882);
#2880 = CARTESIAN_POINT('',(3.612737113769,4.421081782542,7.5));
#2881 = DIRECTION('',(0.,0.,-1.));
#2882 = DIRECTION('',(1.,0.,0.));
#2883 = ORIENTED_EDGE('',*,*,#2734,.T.);
#2884 = ORIENTED_EDGE('',*,*,#2885,.T.);
#2885 = EDGE_CURVE('',#2726,#2718,#2886,.T.);
#2886 = CIRCLE('',#2887,1.5);
#2887 = AXIS2_PLACEMENT_3D('',#2888,#2889,#2890);
#2888 = CARTESIAN_POINT('',(3.612737113769,4.421081782542,-4.9));
#2889 = DIRECTION('',(0.,0.,1.));
#2890 = DIRECTION('',(1.,0.,-0.));
#2891 = CYLINDRICAL_SURFACE('',#2892,1.5);
#2892 = AXIS2_PLACEMENT_3D('',#2893,#2894,#2895);
#2893 = CARTESIAN_POINT('',(3.612737113769,4.421081782542,8.1));
#2894 = DIRECTION('',(-0.,-0.,-1.));
#2895 = DIRECTION('',(-1.,0.,0.));
#2896 = ADVANCED_FACE('',(#2897),#2924,.T.);
#2897 = FACE_BOUND('',#2898,.T.);
#2898 = EDGE_LOOP('',(#2899,#2910,#2918));
#2899 = ORIENTED_EDGE('',*,*,#2900,.T.);
#2900 = EDGE_CURVE('',#2901,#2903,#2905,.T.);
#2901 = VERTEX_POINT('',#2902);
#2902 = CARTESIAN_POINT('',(4.061647920105,5.201132478301,8.1));
#2903 = VERTEX_POINT('',#2904);
#2904 = CARTESIAN_POINT('',(3.163826307432,5.201132478301,8.1));
#2905 = CIRCLE('',#2906,0.9);
#2906 = AXIS2_PLACEMENT_3D('',#2907,#2908,#2909);
#2907 = CARTESIAN_POINT('',(3.612737113769,4.421081782542,8.1));
#2908 = DIRECTION('',(0.,0.,1.));
#2909 = DIRECTION('',(1.,0.,-0.));
#2910 = ORIENTED_EDGE('',*,*,#2911,.T.);
#2911 = EDGE_CURVE('',#2903,#2912,#2914,.T.);
#2912 = VERTEX_POINT('',#2913);
#2913 = CARTESIAN_POINT('',(3.612737113769,4.656831797126,8.1));
#2914 = LINE('',#2915,#2916);
#2915 = CARTESIAN_POINT('',(2.068477248165,6.529234254129,8.1));
#2916 = VECTOR('',#2917,1.);
#2917 = DIRECTION('',(0.636267192878,-0.771468767525,0.));
#2918 = ORIENTED_EDGE('',*,*,#2919,.T.);
#2919 = EDGE_CURVE('',#2912,#2901,#2920,.T.);
#2920 = LINE('',#2921,#2922);
#2921 = CARTESIAN_POINT('',(1.837036617908,2.503809468819,8.1));
#2922 = VECTOR('',#2923,1.);
#2923 = DIRECTION('',(0.636267192878,0.771468767525,0.));
#2924 = PLANE('',#2925);
#2925 = AXIS2_PLACEMENT_3D('',#2926,#2927,#2928);
#2926 = CARTESIAN_POINT('',(3.612737113769,4.421081782542,8.1));
#2927 = DIRECTION('',(0.,0.,1.));
#2928 = DIRECTION('',(1.,0.,-0.));
#2929 = ADVANCED_FACE('',(#2930),#2956,.T.);
#2930 = FACE_BOUND('',#2931,.T.);
#2931 = EDGE_LOOP('',(#2932,#2942,#2948,#2949));
#2932 = ORIENTED_EDGE('',*,*,#2933,.F.);
#2933 = EDGE_CURVE('',#2934,#2936,#2938,.T.);
#2934 = VERTEX_POINT('',#2935);
#2935 = CARTESIAN_POINT('',(3.807171427009,4.421081782542,8.1));
#2936 = VERTEX_POINT('',#2937);
#2937 = CARTESIAN_POINT('',(4.293088550363,5.010252320437,8.1));
#2938 = LINE('',#2939,#2940);
#2939 = CARTESIAN_POINT('',(2.068477248165,2.312929310956,8.1));
#2940 = VECTOR('',#2941,1.);
#2941 = DIRECTION('',(0.636267192878,0.771468767525,0.));
#2942 = ORIENTED_EDGE('',*,*,#2943,.T.);
#2943 = EDGE_CURVE('',#2934,#2683,#2944,.T.);
#2944 = LINE('',#2945,#2946);
#2945 = CARTESIAN_POINT('',(2.068477248165,6.529234254129,8.1));
#2946 = VECTOR('',#2947,1.);
#2947 = DIRECTION('',(0.636267192878,-0.771468767525,0.));
#2948 = ORIENTED_EDGE('',*,*,#2682,.T.);
#2949 = ORIENTED_EDGE('',*,*,#2950,.T.);
#2950 = EDGE_CURVE('',#2674,#2936,#2951,.T.);
#2951 = CIRCLE('',#2952,0.9);
#2952 = AXIS2_PLACEMENT_3D('',#2953,#2954,#2955);
#2953 = CARTESIAN_POINT('',(3.612737113769,4.421081782542,8.1));
#2954 = DIRECTION('',(0.,0.,1.));
#2955 = DIRECTION('',(1.,0.,-0.));
#2956 = PLANE('',#2957);
#2957 = AXIS2_PLACEMENT_3D('',#2958,#2959,#2960);
#2958 = CARTESIAN_POINT('',(3.612737113769,4.421081782542,8.1));
#2959 = DIRECTION('',(0.,0.,1.));
#2960 = DIRECTION('',(1.,0.,-0.));
#2961 = ADVANCED_FACE('',(#2962),#2989,.T.);
#2962 = FACE_BOUND('',#2963,.T.);
#2963 = EDGE_LOOP('',(#2964,#2974,#2982));
#2964 = ORIENTED_EDGE('',*,*,#2965,.F.);
#2965 = EDGE_CURVE('',#2966,#2968,#2970,.T.);
#2966 = VERTEX_POINT('',#2967);
#2967 = CARTESIAN_POINT('',(3.612737113769,4.185331767959,8.1));
#2968 = VERTEX_POINT('',#2969);
#2969 = CARTESIAN_POINT('',(4.061647920105,3.641031086783,8.1));
#2970 = LINE('',#2971,#2972);
#2971 = CARTESIAN_POINT('',(1.837036617908,6.338354096265,8.1));
#2972 = VECTOR('',#2973,1.);
#2973 = DIRECTION('',(0.636267192878,-0.771468767525,0.));
#2974 = ORIENTED_EDGE('',*,*,#2975,.F.);
#2975 = EDGE_CURVE('',#2976,#2966,#2978,.T.);
#2976 = VERTEX_POINT('',#2977);
#2977 = CARTESIAN_POINT('',(3.163826307442,3.641031086796,8.1));
#2978 = LINE('',#2979,#2980);
#2979 = CARTESIAN_POINT('',(2.068477248165,2.312929310956,8.1));
#2980 = VECTOR('',#2981,1.);
#2981 = DIRECTION('',(0.636267192878,0.771468767525,0.));
#2982 = ORIENTED_EDGE('',*,*,#2983,.T.);
#2983 = EDGE_CURVE('',#2976,#2968,#2984,.T.);
#2984 = CIRCLE('',#2985,0.9);
#2985 = AXIS2_PLACEMENT_3D('',#2986,#2987,#2988);
#2986 = CARTESIAN_POINT('',(3.612737113769,4.421081782542,8.1));
#2987 = DIRECTION('',(0.,0.,1.));
#2988 = DIRECTION('',(1.,0.,-0.));
#2989 = PLANE('',#2990);
#2990 = AXIS2_PLACEMENT_3D('',#2991,#2992,#2993);
#2991 = CARTESIAN_POINT('',(3.612737113769,4.421081782542,8.1));
#2992 = DIRECTION('',(0.,0.,1.));
#2993 = DIRECTION('',(1.,0.,-0.));
#2994 = ADVANCED_FACE('',(#2995),#3017,.T.);
#2995 = FACE_BOUND('',#2996,.T.);
#2996 = EDGE_LOOP('',(#2997,#2998,#3007,#3008));
#2997 = ORIENTED_EDGE('',*,*,#2776,.F.);
#2998 = ORIENTED_EDGE('',*,*,#2999,.T.);
#2999 = EDGE_CURVE('',#2769,#2903,#3000,.T.);
#3000 = B_SPLINE_CURVE_WITH_KNOTS('',3,(#3001,#3002,#3003,#3004,#3005,
    #3006),.UNSPECIFIED.,.F.,.F.,(4,2,4),(1.971631111345E-07,
    4.713913519261E-04,9.425855407412E-04),.UNSPECIFIED.);
#3001 = CARTESIAN_POINT('',(2.778840633562,5.667924459186,7.5));
#3002 = CARTESIAN_POINT('',(2.778840633562,5.667924459186,7.659320122454
    ));
#3003 = CARTESIAN_POINT('',(2.820919502103,5.61690417523,7.815042888863)
  );
#3004 = CARTESIAN_POINT('',(2.963327055221,5.444236181784,8.036066132381
    ));
#3005 = CARTESIAN_POINT('',(3.063695977698,5.322539684168,8.1));
#3006 = CARTESIAN_POINT('',(3.163826307432,5.201132478301,8.1));
#3007 = ORIENTED_EDGE('',*,*,#2900,.F.);
#3008 = ORIENTED_EDGE('',*,*,#3009,.T.);
#3009 = EDGE_CURVE('',#2901,#2777,#3010,.T.);
#3010 = B_SPLINE_CURVE_WITH_KNOTS('',3,(#3011,#3012,#3013,#3014,#3015,
    #3016),.UNSPECIFIED.,.F.,.F.,(4,2,4),(9.59569847284E-04,
    1.432651445916E-03,1.905733044549E-03),.UNSPECIFIED.);
#3011 = CARTESIAN_POINT('',(4.061647920105,5.201132478301,8.1));
#3012 = CARTESIAN_POINT('',(4.162712516451,5.323672474793,8.1));
#3013 = CARTESIAN_POINT('',(4.262008039762,5.444067484699,8.036267932874
    ));
#3014 = CARTESIAN_POINT('',(4.404659122829,5.617030756218,7.814894995536
    ));
#3015 = CARTESIAN_POINT('',(4.446633593977,5.667924459188,7.65921052169)
  );
#3016 = CARTESIAN_POINT('',(4.446633593975,5.667924459186,7.5));
#3017 = TOROIDAL_SURFACE('',#3018,0.9,0.6);
#3018 = AXIS2_PLACEMENT_3D('',#3019,#3020,#3021);
#3019 = CARTESIAN_POINT('',(3.612737113769,4.421081782542,7.5));
#3020 = DIRECTION('',(0.,0.,1.));
#3021 = DIRECTION('',(1.,0.,-0.));
#3022 = ADVANCED_FACE('',(#3023),#3037,.T.);
#3023 = FACE_BOUND('',#3024,.T.);
#3024 = EDGE_LOOP('',(#3025,#3026,#3027,#3036));
#3025 = ORIENTED_EDGE('',*,*,#2673,.F.);
#3026 = ORIENTED_EDGE('',*,*,#2708,.F.);
#3027 = ORIENTED_EDGE('',*,*,#3028,.F.);
#3028 = EDGE_CURVE('',#2936,#2709,#3029,.T.);
#3029 = B_SPLINE_CURVE_WITH_KNOTS('',3,(#3030,#3031,#3032,#3033,#3034,
    #3035),.UNSPECIFIED.,.F.,.F.,(4,2,4),(9.59569847284E-04,
    1.432651445916E-03,1.905733044549E-03),.UNSPECIFIED.);
#3030 = CARTESIAN_POINT('',(4.293088550363,5.010252320437,8.1));
#3031 = CARTESIAN_POINT('',(4.394153146709,5.13279231693,8.1));
#3032 = CARTESIAN_POINT('',(4.493448670019,5.253187326835,8.036267932874
    ));
#3033 = CARTESIAN_POINT('',(4.636099753087,5.426150598354,7.814894995536
    ));
#3034 = CARTESIAN_POINT('',(4.678074224235,5.477044301324,7.65921052169)
  );
#3035 = CARTESIAN_POINT('',(4.678074224233,5.477044301322,7.5));
#3036 = ORIENTED_EDGE('',*,*,#2950,.F.);
#3037 = TOROIDAL_SURFACE('',#3038,0.9,0.6);
#3038 = AXIS2_PLACEMENT_3D('',#3039,#3040,#3041);
#3039 = CARTESIAN_POINT('',(3.612737113769,4.421081782542,7.5));
#3040 = DIRECTION('',(0.,0.,1.));
#3041 = DIRECTION('',(1.,0.,-0.));
#3042 = ADVANCED_FACE('',(#3043),#3076,.T.);
#3043 = FACE_BOUND('',#3044,.T.);
#3044 = EDGE_LOOP('',(#3045,#3056,#3057,#3058,#3069));
#3045 = ORIENTED_EDGE('',*,*,#3046,.F.);
#3046 = EDGE_CURVE('',#2743,#3047,#3049,.T.);
#3047 = VERTEX_POINT('',#3048);
#3048 = CARTESIAN_POINT('',(2.932385677175,5.010252320438,8.1));
#3049 = B_SPLINE_CURVE_WITH_KNOTS('',3,(#3050,#3051,#3052,#3053,#3054,
    #3055),.UNSPECIFIED.,.F.,.F.,(4,2,4),(1.971631111345E-07,
    4.713913519261E-04,9.425855407412E-04),.UNSPECIFIED.);
#3050 = CARTESIAN_POINT('',(2.547400003305,5.477044301322,7.5));
#3051 = CARTESIAN_POINT('',(2.547400003305,5.477044301322,7.659320122454
    ));
#3052 = CARTESIAN_POINT('',(2.589478871845,5.426024017367,7.815042888863
    ));
#3053 = CARTESIAN_POINT('',(2.731886424963,5.253356023921,8.036066132381
    ));
#3054 = CARTESIAN_POINT('',(2.83225534744,5.131659526304,8.1));
#3055 = CARTESIAN_POINT('',(2.932385677175,5.010252320438,8.1));
#3056 = ORIENTED_EDGE('',*,*,#2742,.F.);
#3057 = ORIENTED_EDGE('',*,*,#2877,.F.);
#3058 = ORIENTED_EDGE('',*,*,#3059,.T.);
#3059 = EDGE_CURVE('',#2870,#3060,#3062,.T.);
#3060 = VERTEX_POINT('',#3061);
#3061 = CARTESIAN_POINT('',(2.932385677175,3.831911244647,8.1));
#3062 = B_SPLINE_CURVE_WITH_KNOTS('',3,(#3063,#3064,#3065,#3066,#3067,
    #3068),.UNSPECIFIED.,.F.,.F.,(4,2,4),(1.971631111346E-07,
    4.713913519261E-04,9.425855407412E-04),.UNSPECIFIED.);
#3063 = CARTESIAN_POINT('',(2.547400003305,3.365119263763,7.5));
#3064 = CARTESIAN_POINT('',(2.547400003305,3.365119263763,7.659320122454
    ));
#3065 = CARTESIAN_POINT('',(2.589478871845,3.416139547718,7.815042888863
    ));
#3066 = CARTESIAN_POINT('',(2.731886424963,3.588807541164,8.036066132381
    ));
#3067 = CARTESIAN_POINT('',(2.83225534744,3.71050403878,8.1));
#3068 = CARTESIAN_POINT('',(2.932385677175,3.831911244647,8.1));
#3069 = ORIENTED_EDGE('',*,*,#3070,.F.);
#3070 = EDGE_CURVE('',#3047,#3060,#3071,.T.);
#3071 = CIRCLE('',#3072,0.9);
#3072 = AXIS2_PLACEMENT_3D('',#3073,#3074,#3075);
#3073 = CARTESIAN_POINT('',(3.612737113769,4.421081782542,8.1));
#3074 = DIRECTION('',(0.,0.,1.));
#3075 = DIRECTION('',(1.,0.,-0.));
#3076 = TOROIDAL_SURFACE('',#3077,0.9,0.6);
#3077 = AXIS2_PLACEMENT_3D('',#3078,#3079,#3080);
#3078 = CARTESIAN_POINT('',(3.612737113769,4.421081782542,7.5));
#3079 = DIRECTION('',(0.,0.,1.));
#3080 = DIRECTION('',(1.,0.,-0.));
#3081 = ADVANCED_FACE('',(#3082),#3160,.T.);
#3082 = FACE_BOUND('',#3083,.T.);
#3083 = EDGE_LOOP('',(#3084,#3085,#3086,#3094,#3103,#3111,#3120,#3128,
    #3137,#3145,#3152,#3153));
#3084 = ORIENTED_EDGE('',*,*,#2563,.F.);
#3085 = ORIENTED_EDGE('',*,*,#2508,.T.);
#3086 = ORIENTED_EDGE('',*,*,#3087,.F.);
#3087 = EDGE_CURVE('',#3088,#2511,#3090,.T.);
#3088 = VERTEX_POINT('',#3089);
#3089 = CARTESIAN_POINT('',(-2.462149337193,3.429053808253,-3.9));
#3090 = LINE('',#3091,#3092);
#3091 = CARTESIAN_POINT('',(-2.462149337193,3.429053808253,8.1));
#3092 = VECTOR('',#3093,1.);
#3093 = DIRECTION('',(0.,0.,1.));
#3094 = ORIENTED_EDGE('',*,*,#3095,.T.);
#3095 = EDGE_CURVE('',#3088,#3096,#3098,.T.);
#3096 = VERTEX_POINT('',#3097);
#3097 = CARTESIAN_POINT('',(-2.682062682509,3.224999598417,-3.9));
#3098 = CIRCLE('',#3099,1.5);
#3099 = AXIS2_PLACEMENT_3D('',#3100,#3101,#3102);
#3100 = CARTESIAN_POINT('',(-3.587262886231,4.421081782542,-3.9));
#3101 = DIRECTION('',(0.,0.,-1.));
#3102 = DIRECTION('',(-1.,0.,0.));
#3103 = ORIENTED_EDGE('',*,*,#3104,.T.);
#3104 = EDGE_CURVE('',#3096,#3105,#3107,.T.);
#3105 = VERTEX_POINT('',#3106);
#3106 = CARTESIAN_POINT('',(-2.682062682509,3.224999598417,7.5));
#3107 = LINE('',#3108,#3109);
#3108 = CARTESIAN_POINT('',(-2.682062682509,3.224999598417,8.1));
#3109 = VECTOR('',#3110,1.);
#3110 = DIRECTION('',(0.,0.,1.));
#3111 = ORIENTED_EDGE('',*,*,#3112,.T.);
#3112 = EDGE_CURVE('',#3105,#3113,#3115,.T.);
#3113 = VERTEX_POINT('',#3114);
#3114 = CARTESIAN_POINT('',(-4.450543028957,3.194400326265,7.5));
#3115 = CIRCLE('',#3116,1.5);
#3116 = AXIS2_PLACEMENT_3D('',#3117,#3118,#3119);
#3117 = CARTESIAN_POINT('',(-3.587262886231,4.421081782542,7.5));
#3118 = DIRECTION('',(0.,0.,-1.));
#3119 = DIRECTION('',(1.,0.,0.));
#3120 = ORIENTED_EDGE('',*,*,#3121,.T.);
#3121 = EDGE_CURVE('',#3113,#3122,#3124,.T.);
#3122 = VERTEX_POINT('',#3123);
#3123 = CARTESIAN_POINT('',(-4.450543028957,3.194400326265,-3.9));
#3124 = LINE('',#3125,#3126);
#3125 = CARTESIAN_POINT('',(-4.450543028957,3.194400326265,8.1));
#3126 = VECTOR('',#3127,1.);
#3127 = DIRECTION('',(-0.,-0.,-1.));
#3128 = ORIENTED_EDGE('',*,*,#3129,.T.);
#3129 = EDGE_CURVE('',#3122,#3130,#3132,.T.);
#3130 = VERTEX_POINT('',#3131);
#3131 = CARTESIAN_POINT('',(-4.677383953768,3.390724534734,-3.9));
#3132 = CIRCLE('',#3133,1.5);
#3133 = AXIS2_PLACEMENT_3D('',#3134,#3135,#3136);
#3134 = CARTESIAN_POINT('',(-3.587262886231,4.421081782542,-3.9));
#3135 = DIRECTION('',(0.,0.,-1.));
#3136 = DIRECTION('',(-1.,0.,0.));
#3137 = ORIENTED_EDGE('',*,*,#3138,.F.);
#3138 = EDGE_CURVE('',#3139,#3130,#3141,.T.);
#3139 = VERTEX_POINT('',#3140);
#3140 = CARTESIAN_POINT('',(-4.677383953768,3.390724534734,7.5));
#3141 = LINE('',#3142,#3143);
#3142 = CARTESIAN_POINT('',(-4.677383953768,3.390724534734,8.1));
#3143 = VECTOR('',#3144,1.);
#3144 = DIRECTION('',(-0.,-0.,-1.));
#3145 = ORIENTED_EDGE('',*,*,#3146,.T.);
#3146 = EDGE_CURVE('',#3139,#2581,#3147,.T.);
#3147 = CIRCLE('',#3148,1.5);
#3148 = AXIS2_PLACEMENT_3D('',#3149,#3150,#3151);
#3149 = CARTESIAN_POINT('',(-3.587262886231,4.421081782542,7.5));
#3150 = DIRECTION('',(0.,0.,-1.));
#3151 = DIRECTION('',(1.,0.,0.));
#3152 = ORIENTED_EDGE('',*,*,#2580,.T.);
#3153 = ORIENTED_EDGE('',*,*,#3154,.T.);
#3154 = EDGE_CURVE('',#2572,#2564,#3155,.T.);
#3155 = CIRCLE('',#3156,1.5);
#3156 = AXIS2_PLACEMENT_3D('',#3157,#3158,#3159);
#3157 = CARTESIAN_POINT('',(-3.587262886231,4.421081782542,-4.9));
#3158 = DIRECTION('',(0.,0.,1.));
#3159 = DIRECTION('',(1.,0.,-0.));
#3160 = CYLINDRICAL_SURFACE('',#3161,1.5);
#3161 = AXIS2_PLACEMENT_3D('',#3162,#3163,#3164);
#3162 = CARTESIAN_POINT('',(-3.587262886231,4.421081782542,8.1));
#3163 = DIRECTION('',(-0.,-0.,-1.));
#3164 = DIRECTION('',(-1.,0.,0.));
#3165 = ADVANCED_FACE('',(#3166),#3193,.T.);
#3166 = FACE_BOUND('',#3167,.T.);
#3167 = EDGE_LOOP('',(#3168,#3178,#3186));
#3168 = ORIENTED_EDGE('',*,*,#3169,.T.);
#3169 = EDGE_CURVE('',#3170,#3172,#3174,.T.);
#3170 = VERTEX_POINT('',#3171);
#3171 = CARTESIAN_POINT('',(-4.080906706297,5.173621335578,8.1));
#3172 = VERTEX_POINT('',#3173);
#3173 = CARTESIAN_POINT('',(-3.591151123056,4.645801846903,8.1));
#3174 = LINE('',#3175,#3176);
#3175 = CARTESIAN_POINT('',(-5.42933381047,6.626848473753,8.1));
#3176 = VECTOR('',#3177,1.);
#3177 = DIRECTION('',(0.680180699455,-0.733044484386,0.));
#3178 = ORIENTED_EDGE('',*,*,#3179,.T.);
#3179 = EDGE_CURVE('',#3172,#3180,#3182,.T.);
#3180 = VERTEX_POINT('',#3181);
#3181 = CARTESIAN_POINT('',(-3.119948508309,5.190248391404,8.1));
#3182 = LINE('',#3183,#3184);
#3183 = CARTESIAN_POINT('',(-5.652710945533,2.263792311088,8.1));
#3184 = VECTOR('',#3185,1.);
#3185 = DIRECTION('',(0.654414028229,0.756136416037,0.));
#3186 = ORIENTED_EDGE('',*,*,#3187,.T.);
#3187 = EDGE_CURVE('',#3180,#3170,#3188,.T.);
#3188 = CIRCLE('',#3189,0.9);
#3189 = AXIS2_PLACEMENT_3D('',#3190,#3191,#3192);
#3190 = CARTESIAN_POINT('',(-3.587262886231,4.421081782542,8.1));
#3191 = DIRECTION('',(0.,0.,1.));
#3192 = DIRECTION('',(1.,0.,-0.));
#3193 = PLANE('',#3194);
#3194 = AXIS2_PLACEMENT_3D('',#3195,#3196,#3197);
#3195 = CARTESIAN_POINT('',(-3.587262886231,4.421081782542,8.1));
#3196 = DIRECTION('',(0.,0.,1.));
#3197 = DIRECTION('',(1.,0.,-0.));
#3198 = ADVANCED_FACE('',(#3199),#3226,.T.);
#3199 = FACE_BOUND('',#3200,.T.);
#3200 = EDGE_LOOP('',(#3201,#3212,#3220));
#3201 = ORIENTED_EDGE('',*,*,#3202,.T.);
#3202 = EDGE_CURVE('',#3203,#3205,#3207,.T.);
#3203 = VERTEX_POINT('',#3204);
#3204 = CARTESIAN_POINT('',(-4.300820051613,4.969567125741,8.1));
#3205 = VERTEX_POINT('',#3206);
#3206 = CARTESIAN_POINT('',(-4.281418188964,3.84823938215,8.1));
#3207 = CIRCLE('',#3208,0.9);
#3208 = AXIS2_PLACEMENT_3D('',#3209,#3210,#3211);
#3209 = CARTESIAN_POINT('',(-3.587262886231,4.421081782542,8.1));
#3210 = DIRECTION('',(0.,0.,1.));
#3211 = DIRECTION('',(1.,0.,-0.));
#3212 = ORIENTED_EDGE('',*,*,#3213,.T.);
#3213 = EDGE_CURVE('',#3205,#3214,#3216,.T.);
#3214 = VERTEX_POINT('',#3215);
#3215 = CARTESIAN_POINT('',(-3.788655620328,4.417597168709,8.1));
#3216 = LINE('',#3217,#3218);
#3217 = CARTESIAN_POINT('',(-5.652710945533,2.263792311088,8.1));
#3218 = VECTOR('',#3219,1.);
#3219 = DIRECTION('',(0.654414028229,0.756136416037,0.));
#3220 = ORIENTED_EDGE('',*,*,#3221,.F.);
#3221 = EDGE_CURVE('',#3203,#3214,#3222,.T.);
#3222 = LINE('',#3223,#3224);
#3223 = CARTESIAN_POINT('',(-5.649247155786,6.422794263917,8.1));
#3224 = VECTOR('',#3225,1.);
#3225 = DIRECTION('',(0.680180699455,-0.733044484386,0.));
#3226 = PLANE('',#3227);
#3227 = AXIS2_PLACEMENT_3D('',#3228,#3229,#3230);
#3228 = CARTESIAN_POINT('',(-3.587262886231,4.421081782542,8.1));
#3229 = DIRECTION('',(0.,0.,1.));
#3230 = DIRECTION('',(1.,0.,-0.));
#3231 = ADVANCED_FACE('',(#3232),#3259,.T.);
#3232 = FACE_BOUND('',#3233,.T.);
#3233 = EDGE_LOOP('',(#3234,#3244,#3253));
#3234 = ORIENTED_EDGE('',*,*,#3235,.F.);
#3235 = EDGE_CURVE('',#3236,#3238,#3240,.T.);
#3236 = VERTEX_POINT('',#3237);
#3237 = CARTESIAN_POINT('',(-4.054577264153,3.651915173681,8.1));
#3238 = VERTEX_POINT('',#3239);
#3239 = CARTESIAN_POINT('',(-3.583374649406,4.196361718181,8.1));
#3240 = LINE('',#3241,#3242);
#3241 = CARTESIAN_POINT('',(-5.425870020722,2.067468102619,8.1));
#3242 = VECTOR('',#3243,1.);
#3243 = DIRECTION('',(0.654414028229,0.756136416037,0.));
#3244 = ORIENTED_EDGE('',*,*,#3245,.T.);
#3245 = EDGE_CURVE('',#3236,#3246,#3248,.T.);
#3246 = VERTEX_POINT('',#3247);
#3247 = CARTESIAN_POINT('',(-3.093619066155,3.668542229496,8.1));
#3248 = CIRCLE('',#3249,0.9);
#3249 = AXIS2_PLACEMENT_3D('',#3250,#3251,#3252);
#3250 = CARTESIAN_POINT('',(-3.587262886231,4.421081782542,8.1));
#3251 = DIRECTION('',(0.,0.,1.));
#3252 = DIRECTION('',(1.,0.,-0.));
#3253 = ORIENTED_EDGE('',*,*,#3254,.F.);
#3254 = EDGE_CURVE('',#3238,#3246,#3255,.T.);
#3255 = LINE('',#3256,#3257);
#3256 = CARTESIAN_POINT('',(-5.649247155786,6.422794263917,8.1));
#3257 = VECTOR('',#3258,1.);
#3258 = DIRECTION('',(0.680180699455,-0.733044484386,0.));
#3259 = PLANE('',#3260);
#3260 = AXIS2_PLACEMENT_3D('',#3261,#3262,#3263);
#3261 = CARTESIAN_POINT('',(-3.587262886231,4.421081782542,8.1));
#3262 = DIRECTION('',(0.,0.,1.));
#3263 = DIRECTION('',(1.,0.,-0.));
#3264 = ADVANCED_FACE('',(#3265),#3287,.T.);
#3265 = FACE_BOUND('',#3266,.T.);
#3266 = EDGE_LOOP('',(#3267,#3268,#3277,#3278));
#3267 = ORIENTED_EDGE('',*,*,#3187,.F.);
#3268 = ORIENTED_EDGE('',*,*,#3269,.T.);
#3269 = EDGE_CURVE('',#3180,#2623,#3270,.T.);
#3270 = B_SPLINE_CURVE_WITH_KNOTS('',3,(#3271,#3272,#3273,#3274,#3275,
    #3276),.UNSPECIFIED.,.F.,.F.,(4,2,4),(9.595698472847E-04,
    1.432651445917E-03,1.905733044549E-03),.UNSPECIFIED.);
#3271 = CARTESIAN_POINT('',(-3.119948508309,5.190248391404,8.1));
#3272 = CARTESIAN_POINT('',(-3.016001471048,5.310352999224,8.1));
#3273 = CARTESIAN_POINT('',(-2.913873962162,5.428355250424,
    8.036267932874));
#3274 = CARTESIAN_POINT('',(-2.767154359224,5.597881009259,
    7.814894995536));
#3275 = CARTESIAN_POINT('',(-2.723982743503,5.647763238822,7.65921052169
    ));
#3276 = CARTESIAN_POINT('',(-2.723982743505,5.64776323882,7.5));
#3277 = ORIENTED_EDGE('',*,*,#2622,.F.);
#3278 = ORIENTED_EDGE('',*,*,#3279,.T.);
#3279 = EDGE_CURVE('',#2615,#3170,#3280,.T.);
#3280 = B_SPLINE_CURVE_WITH_KNOTS('',3,(#3281,#3282,#3283,#3284,#3285,
    #3286),.UNSPECIFIED.,.F.,.F.,(4,2,4),(1.971631111346E-07,
    4.713913519341E-04,9.425855407571E-04),.UNSPECIFIED.);
#3281 = CARTESIAN_POINT('',(-4.492463089953,5.617163966668,7.5));
#3282 = CARTESIAN_POINT('',(-4.492463089953,5.617163966668,
    7.659320122457));
#3283 = CARTESIAN_POINT('',(-4.447480047361,5.568684832682,
    7.815042888868));
#3284 = CARTESIAN_POINT('',(-4.295243895357,5.404616855393,
    8.036066132387));
#3285 = CARTESIAN_POINT('',(-4.18794777093,5.288981653938,8.100000000004
    ));
#3286 = CARTESIAN_POINT('',(-4.080906706297,5.173621335578,8.1));
#3287 = TOROIDAL_SURFACE('',#3288,0.9,0.6);
#3288 = AXIS2_PLACEMENT_3D('',#3289,#3290,#3291);
#3289 = CARTESIAN_POINT('',(-3.587262886231,4.421081782542,7.5));
#3290 = DIRECTION('',(0.,0.,1.));
#3291 = DIRECTION('',(1.,0.,-0.));
#3292 = ADVANCED_FACE('',(#3293),#3316,.T.);
#3293 = FACE_BOUND('',#3294,.T.);
#3294 = EDGE_LOOP('',(#3295,#3296,#3305,#3306,#3315));
#3295 = ORIENTED_EDGE('',*,*,#3146,.F.);
#3296 = ORIENTED_EDGE('',*,*,#3297,.T.);
#3297 = EDGE_CURVE('',#3139,#3205,#3298,.T.);
#3298 = B_SPLINE_CURVE_WITH_KNOTS('',3,(#3299,#3300,#3301,#3302,#3303,
    #3304),.UNSPECIFIED.,.F.,.F.,(4,2,4),(1.971631111346E-07,
    4.713913519261E-04,9.425855407412E-04),.UNSPECIFIED.);
#3299 = CARTESIAN_POINT('',(-4.677383953768,3.390724534734,7.5));
#3300 = CARTESIAN_POINT('',(-4.677383953768,3.390724534734,
    7.659320122454));
#3301 = CARTESIAN_POINT('',(-4.63410496316,3.440730829582,7.815042888863
    ));
#3302 = CARTESIAN_POINT('',(-4.487635835835,3.60996717877,8.036066132381
    ));
#3303 = CARTESIAN_POINT('',(-4.384404313603,3.729245051609,8.1));
#3304 = CARTESIAN_POINT('',(-4.281418188964,3.84823938215,8.1));
#3305 = ORIENTED_EDGE('',*,*,#3202,.F.);
#3306 = ORIENTED_EDGE('',*,*,#3307,.F.);
#3307 = EDGE_CURVE('',#2589,#3203,#3308,.T.);
#3308 = B_SPLINE_CURVE_WITH_KNOTS('',3,(#3309,#3310,#3311,#3312,#3313,
    #3314),.UNSPECIFIED.,.F.,.F.,(4,2,4),(1.971631111346E-07,
    4.713913519341E-04,9.425855407571E-04),.UNSPECIFIED.);
#3309 = CARTESIAN_POINT('',(-4.712376435269,5.413109756831,7.5));
#3310 = CARTESIAN_POINT('',(-4.712376435269,5.413109756831,
    7.659320122457));
#3311 = CARTESIAN_POINT('',(-4.667393392676,5.364630622846,
    7.815042888868));
#3312 = CARTESIAN_POINT('',(-4.515157240673,5.200562645557,
    8.036066132387));
#3313 = CARTESIAN_POINT('',(-4.407861116246,5.084927444101,
    8.100000000004));
#3314 = CARTESIAN_POINT('',(-4.300820051613,4.969567125741,8.1));
#3315 = ORIENTED_EDGE('',*,*,#2588,.F.);
#3316 = TOROIDAL_SURFACE('',#3317,0.9,0.6);
#3317 = AXIS2_PLACEMENT_3D('',#3318,#3319,#3320);
#3318 = CARTESIAN_POINT('',(-3.587262886231,4.421081782542,7.5));
#3319 = DIRECTION('',(0.,0.,1.));
#3320 = DIRECTION('',(1.,0.,-0.));
#3321 = ADVANCED_FACE('',(#3322),#3344,.T.);
#3322 = FACE_BOUND('',#3323,.T.);
#3323 = EDGE_LOOP('',(#3324,#3325,#3326,#3337));
#3324 = ORIENTED_EDGE('',*,*,#2519,.F.);
#3325 = ORIENTED_EDGE('',*,*,#2554,.F.);
#3326 = ORIENTED_EDGE('',*,*,#3327,.F.);
#3327 = EDGE_CURVE('',#3328,#2555,#3330,.T.);
#3328 = VERTEX_POINT('',#3329);
#3329 = CARTESIAN_POINT('',(-2.893107583498,4.993924182935,8.1));
#3330 = B_SPLINE_CURVE_WITH_KNOTS('',3,(#3331,#3332,#3333,#3334,#3335,
    #3336),.UNSPECIFIED.,.F.,.F.,(4,2,4),(9.595698472847E-04,
    1.432651445917E-03,1.905733044549E-03),.UNSPECIFIED.);
#3331 = CARTESIAN_POINT('',(-2.893107583498,4.993924182935,8.1));
#3332 = CARTESIAN_POINT('',(-2.789160546237,5.114028790755,8.1));
#3333 = CARTESIAN_POINT('',(-2.687033037351,5.232031041955,
    8.036267932874));
#3334 = CARTESIAN_POINT('',(-2.540313434413,5.40155680079,7.814894995536
    ));
#3335 = CARTESIAN_POINT('',(-2.497141818692,5.451439030353,7.65921052169
    ));
#3336 = CARTESIAN_POINT('',(-2.497141818694,5.451439030351,7.5));
#3337 = ORIENTED_EDGE('',*,*,#3338,.F.);
#3338 = EDGE_CURVE('',#2520,#3328,#3339,.T.);
#3339 = CIRCLE('',#3340,0.9);
#3340 = AXIS2_PLACEMENT_3D('',#3341,#3342,#3343);
#3341 = CARTESIAN_POINT('',(-3.587262886231,4.421081782542,8.1));
#3342 = DIRECTION('',(0.,0.,1.));
#3343 = DIRECTION('',(1.,0.,-0.));
#3344 = TOROIDAL_SURFACE('',#3345,0.9,0.6);
#3345 = AXIS2_PLACEMENT_3D('',#3346,#3347,#3348);
#3346 = CARTESIAN_POINT('',(-3.587262886231,4.421081782542,7.5));
#3347 = DIRECTION('',(0.,0.,1.));
#3348 = DIRECTION('',(1.,0.,-0.));
#3349 = ADVANCED_FACE('',(#3350,#3402),#3452,.F.);
#3350 = FACE_BOUND('',#3351,.T.);
#3351 = EDGE_LOOP('',(#3352,#3362,#3371,#3379,#3388,#3396));
#3352 = ORIENTED_EDGE('',*,*,#3353,.F.);
#3353 = EDGE_CURVE('',#3354,#3356,#3358,.T.);
#3354 = VERTEX_POINT('',#3355);
#3355 = CARTESIAN_POINT('',(7.75,7.4,9.1));
#3356 = VERTEX_POINT('',#3357);
#3357 = CARTESIAN_POINT('',(7.75,0.,9.1));
#3358 = LINE('',#3359,#3360);
#3359 = CARTESIAN_POINT('',(7.75,8.4,9.1));
#3360 = VECTOR('',#3361,1.);
#3361 = DIRECTION('',(-0.,-1.,-0.));
#3362 = ORIENTED_EDGE('',*,*,#3363,.T.);
#3363 = EDGE_CURVE('',#3354,#3364,#3366,.T.);
#3364 = VERTEX_POINT('',#3365);
#3365 = CARTESIAN_POINT('',(6.75,8.4,9.1));
#3366 = CIRCLE('',#3367,1.);
#3367 = AXIS2_PLACEMENT_3D('',#3368,#3369,#3370);
#3368 = CARTESIAN_POINT('',(6.75,7.4,9.1));
#3369 = DIRECTION('',(2.238352872228E-16,0.,1.));
#3370 = DIRECTION('',(-1.,0.,2.238352872228E-16));
#3371 = ORIENTED_EDGE('',*,*,#3372,.F.);
#3372 = EDGE_CURVE('',#3373,#3364,#3375,.T.);
#3373 = VERTEX_POINT('',#3374);
#3374 = CARTESIAN_POINT('',(-6.75,8.4,9.1));
#3375 = LINE('',#3376,#3377);
#3376 = CARTESIAN_POINT('',(7.75,8.4,9.1));
#3377 = VECTOR('',#3378,1.);
#3378 = DIRECTION('',(1.,-0.,-2.238352872228E-16));
#3379 = ORIENTED_EDGE('',*,*,#3380,.T.);
#3380 = EDGE_CURVE('',#3373,#3381,#3383,.T.);
#3381 = VERTEX_POINT('',#3382);
#3382 = CARTESIAN_POINT('',(-7.75,7.4,9.1));
#3383 = CIRCLE('',#3384,1.);
#3384 = AXIS2_PLACEMENT_3D('',#3385,#3386,#3387);
#3385 = CARTESIAN_POINT('',(-6.75,7.4,9.1));
#3386 = DIRECTION('',(2.238352872228E-16,0.,1.));
#3387 = DIRECTION('',(-1.,0.,2.238352872228E-16));
#3388 = ORIENTED_EDGE('',*,*,#3389,.T.);
#3389 = EDGE_CURVE('',#3381,#3390,#3392,.T.);
#3390 = VERTEX_POINT('',#3391);
#3391 = CARTESIAN_POINT('',(-7.75,0.,9.1));
#3392 = LINE('',#3393,#3394);
#3393 = CARTESIAN_POINT('',(-7.75,8.4,9.1));
#3394 = VECTOR('',#3395,1.);
#3395 = DIRECTION('',(-0.,-1.,-0.));
#3396 = ORIENTED_EDGE('',*,*,#3397,.T.);
#3397 = EDGE_CURVE('',#3390,#3356,#3398,.T.);
#3398 = LINE('',#3399,#3400);
#3399 = CARTESIAN_POINT('',(7.75,0.,9.1));
#3400 = VECTOR('',#3401,1.);
#3401 = DIRECTION('',(1.,-0.,-2.238352872228E-16));
#3402 = FACE_BOUND('',#3403,.T.);
#3403 = EDGE_LOOP('',(#3404,#3414,#3422,#3430,#3438,#3446));
#3404 = ORIENTED_EDGE('',*,*,#3405,.T.);
#3405 = EDGE_CURVE('',#3406,#3408,#3410,.T.);
#3406 = VERTEX_POINT('',#3407);
#3407 = CARTESIAN_POINT('',(5.042764814124,1.,9.1));
#3408 = VERTEX_POINT('',#3409);
#3409 = CARTESIAN_POINT('',(-7.15,1.,9.1));
#3410 = LINE('',#3411,#3412);
#3411 = CARTESIAN_POINT('',(1.778435308175E-17,1.,9.1));
#3412 = VECTOR('',#3413,1.);
#3413 = DIRECTION('',(-1.,1.778435308175E-17,0.));
#3414 = ORIENTED_EDGE('',*,*,#3415,.T.);
#3415 = EDGE_CURVE('',#3408,#3416,#3418,.T.);
#3416 = VERTEX_POINT('',#3417);
#3417 = CARTESIAN_POINT('',(-7.15,7.8,9.1));
#3418 = LINE('',#3419,#3420);
#3419 = CARTESIAN_POINT('',(-7.15,9.120053568555E-16,9.1));
#3420 = VECTOR('',#3421,1.);
#3421 = DIRECTION('',(1.27553196763E-16,1.,0.));
#3422 = ORIENTED_EDGE('',*,*,#3423,.F.);
#3423 = EDGE_CURVE('',#3424,#3416,#3426,.T.);
#3424 = VERTEX_POINT('',#3425);
#3425 = CARTESIAN_POINT('',(5.042764814124,7.8,9.1));
#3426 = LINE('',#3427,#3428);
#3427 = CARTESIAN_POINT('',(-1.109743632301E-15,7.8,9.1));
#3428 = VECTOR('',#3429,1.);
#3429 = DIRECTION('',(-1.,-1.42274824654E-16,0.));
#3430 = ORIENTED_EDGE('',*,*,#3431,.F.);
#3431 = EDGE_CURVE('',#3432,#3424,#3434,.T.);
#3432 = VERTEX_POINT('',#3433);
#3433 = CARTESIAN_POINT('',(7.15,5.692764814124,9.1));
#3434 = LINE('',#3435,#3436);
#3435 = CARTESIAN_POINT('',(6.421382407062,6.421382407062,9.1));
#3436 = VECTOR('',#3437,1.);
#3437 = DIRECTION('',(-0.707106781187,0.707106781187,0.));
#3438 = ORIENTED_EDGE('',*,*,#3439,.F.);
#3439 = EDGE_CURVE('',#3440,#3432,#3442,.T.);
#3440 = VERTEX_POINT('',#3441);
#3441 = CARTESIAN_POINT('',(7.15,3.107235185876,9.1));
#3442 = LINE('',#3443,#3444);
#3443 = CARTESIAN_POINT('',(7.15,4.797188443607E-15,9.1));
#3444 = VECTOR('',#3445,1.);
#3445 = DIRECTION('',(-6.709354466583E-16,1.,0.));
#3446 = ORIENTED_EDGE('',*,*,#3447,.F.);
#3447 = EDGE_CURVE('',#3406,#3440,#3448,.T.);
#3448 = LINE('',#3449,#3450);
#3449 = CARTESIAN_POINT('',(2.021382407062,-2.021382407062,9.1));
#3450 = VECTOR('',#3451,1.);
#3451 = DIRECTION('',(0.707106781187,0.707106781187,0.));
#3452 = PLANE('',#3453);
#3453 = AXIS2_PLACEMENT_3D('',#3454,#3455,#3456);
#3454 = CARTESIAN_POINT('',(7.75,8.4,9.1));
#3455 = DIRECTION('',(-2.238352872228E-16,0.,-1.));
#3456 = DIRECTION('',(-1.,0.,2.238352872228E-16));
#3457 = ADVANCED_FACE('',(#3458),#3484,.F.);
#3458 = FACE_BOUND('',#3459,.T.);
#3459 = EDGE_LOOP('',(#3460,#3461,#3469,#3478));
#3460 = ORIENTED_EDGE('',*,*,#3389,.F.);
#3461 = ORIENTED_EDGE('',*,*,#3462,.T.);
#3462 = EDGE_CURVE('',#3381,#3463,#3465,.T.);
#3463 = VERTEX_POINT('',#3464);
#3464 = CARTESIAN_POINT('',(-7.75,7.4,-2.1));
#3465 = LINE('',#3466,#3467);
#3466 = CARTESIAN_POINT('',(-7.75,7.4,-9.1));
#3467 = VECTOR('',#3468,1.);
#3468 = DIRECTION('',(-1.90628953404E-16,-0.,-1.));
#3469 = ORIENTED_EDGE('',*,*,#3470,.T.);
#3470 = EDGE_CURVE('',#3463,#3471,#3473,.T.);
#3471 = VERTEX_POINT('',#3472);
#3472 = CARTESIAN_POINT('',(-7.75,0.,-2.1));
#3473 = B_SPLINE_CURVE_WITH_KNOTS('',3,(#3474,#3475,#3476,#3477),
  .UNSPECIFIED.,.F.,.F.,(4,4),(0.119047619048,1.),
  .PIECEWISE_BEZIER_KNOTS.);
#3474 = CARTESIAN_POINT('',(-7.75,7.4,-2.1));
#3475 = CARTESIAN_POINT('',(-7.75,4.933333333333,-2.1));
#3476 = CARTESIAN_POINT('',(-7.75,2.466666666667,-2.1));
#3477 = CARTESIAN_POINT('',(-7.75,0.,-2.1));
#3478 = ORIENTED_EDGE('',*,*,#3479,.T.);
#3479 = EDGE_CURVE('',#3471,#3390,#3480,.T.);
#3480 = LINE('',#3481,#3482);
#3481 = CARTESIAN_POINT('',(-7.75,0.,-9.1));
#3482 = VECTOR('',#3483,1.);
#3483 = DIRECTION('',(1.90628953404E-16,0.,1.));
#3484 = PLANE('',#3485);
#3485 = AXIS2_PLACEMENT_3D('',#3486,#3487,#3488);
#3486 = CARTESIAN_POINT('',(-7.75,8.4,-9.1));
#3487 = DIRECTION('',(1.,0.,-1.90628953404E-16));
#3488 = DIRECTION('',(-1.90628953404E-16,0.,-1.));
#3489 = ADVANCED_FACE('',(#3490),#3516,.F.);
#3490 = FACE_BOUND('',#3491,.T.);
#3491 = EDGE_LOOP('',(#3492,#3503,#3509,#3510));
#3492 = ORIENTED_EDGE('',*,*,#3493,.T.);
#3493 = EDGE_CURVE('',#3494,#3496,#3498,.T.);
#3494 = VERTEX_POINT('',#3495);
#3495 = CARTESIAN_POINT('',(7.75,0.,-2.1));
#3496 = VERTEX_POINT('',#3497);
#3497 = CARTESIAN_POINT('',(7.75,7.4,-2.1));
#3498 = B_SPLINE_CURVE_WITH_KNOTS('',3,(#3499,#3500,#3501,#3502),
  .UNSPECIFIED.,.F.,.F.,(4,4),(0.,0.880952380952),
  .PIECEWISE_BEZIER_KNOTS.);
#3499 = CARTESIAN_POINT('',(7.75,0.,-2.1));
#3500 = CARTESIAN_POINT('',(7.75,2.466666666667,-2.1));
#3501 = CARTESIAN_POINT('',(7.75,4.933333333333,-2.1));
#3502 = CARTESIAN_POINT('',(7.75,7.4,-2.1));
#3503 = ORIENTED_EDGE('',*,*,#3504,.T.);
#3504 = EDGE_CURVE('',#3496,#3354,#3505,.T.);
#3505 = LINE('',#3506,#3507);
#3506 = CARTESIAN_POINT('',(7.75,7.4,-9.1));
#3507 = VECTOR('',#3508,1.);
#3508 = DIRECTION('',(9.531447670202E-17,-0.,1.));
#3509 = ORIENTED_EDGE('',*,*,#3353,.T.);
#3510 = ORIENTED_EDGE('',*,*,#3511,.T.);
#3511 = EDGE_CURVE('',#3356,#3494,#3512,.T.);
#3512 = LINE('',#3513,#3514);
#3513 = CARTESIAN_POINT('',(7.75,0.,-9.1));
#3514 = VECTOR('',#3515,1.);
#3515 = DIRECTION('',(-9.531447670202E-17,-0.,-1.));
#3516 = PLANE('',#3517);
#3517 = AXIS2_PLACEMENT_3D('',#3518,#3519,#3520);
#3518 = CARTESIAN_POINT('',(7.75,8.4,-9.1));
#3519 = DIRECTION('',(-1.,0.,9.531447670202E-17));
#3520 = DIRECTION('',(9.531447670202E-17,0.,1.));
#3521 = ADVANCED_FACE('',(#3522),#3558,.F.);
#3522 = FACE_BOUND('',#3523,.T.);
#3523 = EDGE_LOOP('',(#3524,#3535,#3543,#3552));
#3524 = ORIENTED_EDGE('',*,*,#3525,.T.);
#3525 = EDGE_CURVE('',#3526,#3528,#3530,.T.);
#3526 = VERTEX_POINT('',#3527);
#3527 = CARTESIAN_POINT('',(-3.75,0.,-9.1));
#3528 = VERTEX_POINT('',#3529);
#3529 = CARTESIAN_POINT('',(-3.75,7.4,-9.1));
#3530 = B_SPLINE_CURVE_WITH_KNOTS('',3,(#3531,#3532,#3533,#3534),
  .UNSPECIFIED.,.F.,.F.,(4,4),(0.,0.880952380952),
  .PIECEWISE_BEZIER_KNOTS.);
#3531 = CARTESIAN_POINT('',(-3.75,0.,-9.1));
#3532 = CARTESIAN_POINT('',(-3.75,2.466666666667,-9.1));
#3533 = CARTESIAN_POINT('',(-3.75,4.933333333333,-9.1));
#3534 = CARTESIAN_POINT('',(-3.75,7.4,-9.1));
#3535 = ORIENTED_EDGE('',*,*,#3536,.T.);
#3536 = EDGE_CURVE('',#3528,#3537,#3539,.T.);
#3537 = VERTEX_POINT('',#3538);
#3538 = CARTESIAN_POINT('',(3.75,7.4,-9.1));
#3539 = LINE('',#3540,#3541);
#3540 = CARTESIAN_POINT('',(7.75,7.4,-9.1));
#3541 = VECTOR('',#3542,1.);
#3542 = DIRECTION('',(1.,-0.,-2.238352872228E-16));
#3543 = ORIENTED_EDGE('',*,*,#3544,.T.);
#3544 = EDGE_CURVE('',#3537,#3545,#3547,.T.);
#3545 = VERTEX_POINT('',#3546);
#3546 = CARTESIAN_POINT('',(3.75,0.,-9.1));
#3547 = B_SPLINE_CURVE_WITH_KNOTS('',3,(#3548,#3549,#3550,#3551),
  .UNSPECIFIED.,.F.,.F.,(4,4),(0.119047619048,1.),
  .PIECEWISE_BEZIER_KNOTS.);
#3548 = CARTESIAN_POINT('',(3.75,7.4,-9.1));
#3549 = CARTESIAN_POINT('',(3.75,4.933333333333,-9.1));
#3550 = CARTESIAN_POINT('',(3.75,2.466666666667,-9.1));
#3551 = CARTESIAN_POINT('',(3.75,0.,-9.1));
#3552 = ORIENTED_EDGE('',*,*,#3553,.T.);
#3553 = EDGE_CURVE('',#3545,#3526,#3554,.T.);
#3554 = LINE('',#3555,#3556);
#3555 = CARTESIAN_POINT('',(7.75,0.,-9.1));
#3556 = VECTOR('',#3557,1.);
#3557 = DIRECTION('',(-1.,0.,2.238352872228E-16));
#3558 = PLANE('',#3559);
#3559 = AXIS2_PLACEMENT_3D('',#3560,#3561,#3562);
#3560 = CARTESIAN_POINT('',(7.75,8.4,-9.1));
#3561 = DIRECTION('',(2.238352872228E-16,-0.,1.));
#3562 = DIRECTION('',(1.,0.,-2.238352872228E-16));
#3563 = ADVANCED_FACE('',(#3564),#3635,.F.);
#3564 = FACE_BOUND('',#3565,.T.);
#3565 = EDGE_LOOP('',(#3566,#3567,#3575,#3598,#3606,#3629));
#3566 = ORIENTED_EDGE('',*,*,#3372,.T.);
#3567 = ORIENTED_EDGE('',*,*,#3568,.T.);
#3568 = EDGE_CURVE('',#3364,#3569,#3571,.T.);
#3569 = VERTEX_POINT('',#3570);
#3570 = CARTESIAN_POINT('',(6.75,8.4,-2.1));
#3571 = LINE('',#3572,#3573);
#3572 = CARTESIAN_POINT('',(6.75,8.4,-6.433727177387E-16));
#3573 = VECTOR('',#3574,1.);
#3574 = DIRECTION('',(-9.531447670202E-17,0.,-1.));
#3575 = ORIENTED_EDGE('',*,*,#3576,.T.);
#3576 = EDGE_CURVE('',#3569,#3577,#3579,.T.);
#3577 = VERTEX_POINT('',#3578);
#3578 = CARTESIAN_POINT('',(3.75,8.4,-8.1));
#3579 = B_SPLINE_CURVE_WITH_KNOTS('',3,(#3580,#3581,#3582,#3583,#3584,
    #3585,#3586,#3587,#3588,#3589,#3590,#3591,#3592,#3593,#3594,#3595,
    #3596,#3597),.UNSPECIFIED.,.F.,.F.,(4,2,2,2,2,2,2,2,4),(0.,
    1.794774529671E-03,2.692161794507E-03,3.589549059343E-03,
    4.486936324179E-03,5.384323589014E-03,5.833017221432E-03,
    6.28171085385E-03,7.179098118686E-03),.UNSPECIFIED.);
#3580 = CARTESIAN_POINT('',(6.75,8.4,-2.1));
#3581 = CARTESIAN_POINT('',(6.75,8.4,-2.704130718661));
#3582 = CARTESIAN_POINT('',(6.702389705989,8.4,-3.301574184105));
#3583 = CARTESIAN_POINT('',(6.555134457643,8.4,-4.187087064193));
#3584 = CARTESIAN_POINT('',(6.493240316054,8.4,-4.48045888768));
#3585 = CARTESIAN_POINT('',(6.340050488646,8.4,-5.063072848516));
#3586 = CARTESIAN_POINT('',(6.248537336844,8.4,-5.352469749606));
#3587 = CARTESIAN_POINT('',(6.034148841214,8.4,-5.913770440507));
#3588 = CARTESIAN_POINT('',(5.911098857017,8.4,-6.187187612219));
#3589 = CARTESIAN_POINT('',(5.623575298388,8.4,-6.715125070762));
#3590 = CARTESIAN_POINT('',(5.457439322289,8.4,-6.972139194725));
#3591 = CARTESIAN_POINT('',(5.171088692288,8.4,-7.322163635177));
#3592 = CARTESIAN_POINT('',(5.06932128853,8.4,-7.433183102914));
#3593 = CARTESIAN_POINT('',(4.849189214722,8.4,-7.640363656181));
#3594 = CARTESIAN_POINT('',(4.729753397842,8.4,-7.737197954164));
#3595 = CARTESIAN_POINT('',(4.349911041697,8.4,-7.985676415079));
#3596 = CARTESIAN_POINT('',(4.057459371784,8.4,-8.1));
#3597 = CARTESIAN_POINT('',(3.75,8.4,-8.1));
#3598 = ORIENTED_EDGE('',*,*,#3599,.T.);
#3599 = EDGE_CURVE('',#3577,#3600,#3602,.T.);
#3600 = VERTEX_POINT('',#3601);
#3601 = CARTESIAN_POINT('',(-3.75,8.4,-8.1));
#3602 = LINE('',#3603,#3604);
#3603 = CARTESIAN_POINT('',(-1.813065826505E-15,8.4,-8.1));
#3604 = VECTOR('',#3605,1.);
#3605 = DIRECTION('',(-1.,0.,2.238352872228E-16));
#3606 = ORIENTED_EDGE('',*,*,#3607,.T.);
#3607 = EDGE_CURVE('',#3600,#3608,#3610,.T.);
#3608 = VERTEX_POINT('',#3609);
#3609 = CARTESIAN_POINT('',(-6.75,8.4,-2.1));
#3610 = B_SPLINE_CURVE_WITH_KNOTS('',3,(#3611,#3612,#3613,#3614,#3615,
    #3616,#3617,#3618,#3619,#3620,#3621,#3622,#3623,#3624,#3625,#3626,
    #3627,#3628),.UNSPECIFIED.,.F.,.F.,(4,2,2,2,2,2,2,2,4),(0.,
    4.514228151466E-04,9.028456302933E-04,1.35426844544E-03,
    1.805691260587E-03,2.70853689088E-03,3.611382521173E-03,
    5.41707378176E-03,7.222765042346E-03),.UNSPECIFIED.);
#3611 = CARTESIAN_POINT('',(-3.75,8.4,-8.1));
#3612 = CARTESIAN_POINT('',(-3.903473211184,8.4,-8.1));
#3613 = CARTESIAN_POINT('',(-4.05145191437,8.4,-8.072615303352));
#3614 = CARTESIAN_POINT('',(-4.338629313571,8.4,-7.974086244408));
#3615 = CARTESIAN_POINT('',(-4.474760385947,8.4,-7.903812621492));
#3616 = CARTESIAN_POINT('',(-4.727620269149,8.4,-7.738782515912));
#3617 = CARTESIAN_POINT('',(-4.846790066096,8.4,-7.64242008205));
#3618 = CARTESIAN_POINT('',(-5.067465624433,8.4,-7.43512730707));
#3619 = CARTESIAN_POINT('',(-5.169619677504,8.4,-7.323860074008));
#3620 = CARTESIAN_POINT('',(-5.457271209787,8.4,-6.972541551654));
#3621 = CARTESIAN_POINT('',(-5.622518120686,8.4,-6.716866320568));
#3622 = CARTESIAN_POINT('',(-5.910379531465,8.4,-6.188707065481));
#3623 = CARTESIAN_POINT('',(-6.034245960505,8.4,-5.91379535816));
#3624 = CARTESIAN_POINT('',(-6.358235642669,8.4,-5.06470152933));
#3625 = CARTESIAN_POINT('',(-6.505376726272,8.4,-4.484986682603));
#3626 = CARTESIAN_POINT('',(-6.7018443372,8.4,-3.306161875531));
#3627 = CARTESIAN_POINT('',(-6.75,8.4,-2.704035338357));
#3628 = CARTESIAN_POINT('',(-6.75,8.4,-2.1));
#3629 = ORIENTED_EDGE('',*,*,#3630,.T.);
#3630 = EDGE_CURVE('',#3608,#3373,#3631,.T.);
#3631 = LINE('',#3632,#3633);
#3632 = CARTESIAN_POINT('',(-6.75,8.4,1.286745435477E-15));
#3633 = VECTOR('',#3634,1.);
#3634 = DIRECTION('',(1.90628953404E-16,0.,1.));
#3635 = PLANE('',#3636);
#3636 = AXIS2_PLACEMENT_3D('',#3637,#3638,#3639);
#3637 = CARTESIAN_POINT('',(0.,8.4,0.));
#3638 = DIRECTION('',(0.,-1.,0.));
#3639 = DIRECTION('',(0.,-0.,-1.));
#3640 = ADVANCED_FACE('',(#3641,#3651,#3661),#3748,.T.);
#3641 = FACE_BOUND('',#3642,.T.);
#3642 = EDGE_LOOP('',(#3643,#3650));
#3643 = ORIENTED_EDGE('',*,*,#3644,.F.);
#3644 = EDGE_CURVE('',#2454,#2446,#3645,.T.);
#3645 = CIRCLE('',#3646,1.3);
#3646 = AXIS2_PLACEMENT_3D('',#3647,#3648,#3649);
#3647 = CARTESIAN_POINT('',(3.6,0.,-7.6));
#3648 = DIRECTION('',(0.,-1.,0.));
#3649 = DIRECTION('',(0.,0.,-1.));
#3650 = ORIENTED_EDGE('',*,*,#2453,.F.);
#3651 = FACE_BOUND('',#3652,.T.);
#3652 = EDGE_LOOP('',(#3653,#3660));
#3653 = ORIENTED_EDGE('',*,*,#3654,.F.);
#3654 = EDGE_CURVE('',#2486,#2478,#3655,.T.);
#3655 = CIRCLE('',#3656,1.3);
#3656 = AXIS2_PLACEMENT_3D('',#3657,#3658,#3659);
#3657 = CARTESIAN_POINT('',(-3.6,0.,-7.6));
#3658 = DIRECTION('',(0.,-1.,0.));
#3659 = DIRECTION('',(0.,0.,-1.));
#3660 = ORIENTED_EDGE('',*,*,#2485,.F.);
#3661 = FACE_BOUND('',#3662,.T.);
#3662 = EDGE_LOOP('',(#3663,#3664,#3705,#3706,#3746,#3747));
#3663 = ORIENTED_EDGE('',*,*,#3479,.F.);
#3664 = ORIENTED_EDGE('',*,*,#3665,.T.);
#3665 = EDGE_CURVE('',#3471,#3526,#3666,.T.);
#3666 = B_SPLINE_CURVE_WITH_KNOTS('',3,(#3667,#3668,#3669,#3670,#3671,
    #3672,#3673,#3674,#3675,#3676,#3677,#3678,#3679,#3680,#3681,#3682,
    #3683,#3684,#3685,#3686,#3687,#3688,#3689,#3690,#3691,#3692,#3693,
    #3694,#3695,#3696,#3697,#3698,#3699,#3700,#3701,#3702,#3703,#3704),
  .UNSPECIFIED.,.F.,.F.,(4,1,1,1,1,2,2,1,1,1,1,1,2,2,1,1,1,1,1,2,2,1,1,1
    ,1,2,2,4),(0.,0.125,0.1875,0.21875,0.234375,0.2421875,0.25,0.375,
    0.4375,0.46875,0.484375,0.4921875,0.49609375,0.5,0.625,0.6875,
    0.71875,0.734375,0.7421875,0.74609375,0.75,0.8125,0.84375,0.859375,
    0.8671875,0.87109375,0.875,1.),.UNSPECIFIED.);
#3667 = CARTESIAN_POINT('',(-7.75,0.,-2.1));
#3668 = CARTESIAN_POINT('',(-7.75,0.,-2.472115972468));
#3669 = CARTESIAN_POINT('',(-7.725185986663,-0.,-3.023429377095));
#3670 = CARTESIAN_POINT('',(-7.652811781095,-0.,-3.654622379528));
#3671 = CARTESIAN_POINT('',(-7.605768547476,-0.,-3.967217388337));
#3672 = CARTESIAN_POINT('',(-7.579532897958,-0.,-4.122764519639));
#3673 = CARTESIAN_POINT('',(-7.567707469727,-0.,-4.189266781675));
#3674 = CARTESIAN_POINT('',(-7.559694611254,-0.,-4.23356589098));
#3675 = CARTESIAN_POINT('',(-7.555948064009,0.,-4.253962436913));
#3676 = CARTESIAN_POINT('',(-7.480125161967,0.,-4.659394846895));
#3677 = CARTESIAN_POINT('',(-7.347231873511,-0.,-5.207982254735));
#3678 = CARTESIAN_POINT('',(-7.146953618601,-0.,-5.806372318624));
#3679 = CARTESIAN_POINT('',(-7.035505469884,-0.,-6.095160205922));
#3680 = CARTESIAN_POINT('',(-6.976954140211,-0.,-6.236952363409));
#3681 = CARTESIAN_POINT('',(-6.946971661545,-0.,-6.307197995611));
#3682 = CARTESIAN_POINT('',(-6.933970567725,-0.,-6.337163885154));
#3683 = CARTESIAN_POINT('',(-6.925269514043,-0.,-6.357110171204));
#3684 = CARTESIAN_POINT('',(-6.921693296404,0.,-6.365273735769));
#3685 = CARTESIAN_POINT('',(-6.750907645868,0.,-6.752570349389));
#3686 = CARTESIAN_POINT('',(-6.475908902919,-0.,-7.262348129408));
#3687 = CARTESIAN_POINT('',(-6.108556346442,-0.,-7.763354062216));
#3688 = CARTESIAN_POINT('',(-5.913249895778,-0.,-7.990423325982));
#3689 = CARTESIAN_POINT('',(-5.812689127339,-0.,-8.098099532207));
#3690 = CARTESIAN_POINT('',(-5.761681857343,-0.,-8.150473028904));
#3691 = CARTESIAN_POINT('',(-5.739665837535,-0.,-8.172604968971));
#3692 = CARTESIAN_POINT('',(-5.724953877389,-0.,-8.18728985252));
#3693 = CARTESIAN_POINT('',(-5.719003794282,0.,-8.19319692195));
#3694 = CARTESIAN_POINT('',(-5.56916923759,0.,-8.340641311314));
#3695 = CARTESIAN_POINT('',(-5.351950794119,-0.,-8.525186027546));
#3696 = CARTESIAN_POINT('',(-5.088576493665,-0.,-8.699167076166));
#3697 = CARTESIAN_POINT('',(-4.954401147671,-0.,-8.775827320397));
#3698 = CARTESIAN_POINT('',(-4.886691425732,-0.,-8.811574872492));
#3699 = CARTESIAN_POINT('',(-4.85753967727,-0.,-8.8263418441));
#3700 = CARTESIAN_POINT('',(-4.838075556918,-0.,-8.836063512315));
#3701 = CARTESIAN_POINT('',(-4.82948687692,0.,-8.840300726059));
#3702 = CARTESIAN_POINT('',(-4.469131086979,-0.,-9.01520023708));
#3703 = CARTESIAN_POINT('',(-4.11294208548,0.,-9.1));
#3704 = CARTESIAN_POINT('',(-3.75,0.,-9.1));
#3705 = ORIENTED_EDGE('',*,*,#3553,.F.);
#3706 = ORIENTED_EDGE('',*,*,#3707,.T.);
#3707 = EDGE_CURVE('',#3545,#3494,#3708,.T.);
#3708 = B_SPLINE_CURVE_WITH_KNOTS('',3,(#3709,#3710,#3711,#3712,#3713,
    #3714,#3715,#3716,#3717,#3718,#3719,#3720,#3721,#3722,#3723,#3724,
    #3725,#3726,#3727,#3728,#3729,#3730,#3731,#3732,#3733,#3734,#3735,
    #3736,#3737,#3738,#3739,#3740,#3741,#3742,#3743,#3744,#3745),
  .UNSPECIFIED.,.F.,.F.,(4,1,1,1,1,2,2,1,1,1,1,2,2,1,1,1,1,1,2,2,1,1,1,1
    ,2,2,4),(0.,6.25E-02,9.375000000001E-02,0.109375,0.1171875,
    0.12109375,0.125,0.1875,0.21875,0.234375,0.2421875,0.24609375,0.25,
    0.375,0.4375,0.46875,0.484375,0.4921875,0.49609375,0.5,0.625,0.6875,
    0.71875,0.734375,0.7421875,0.75,1.),.UNSPECIFIED.);
#3709 = CARTESIAN_POINT('',(3.75,0.,-9.1));
#3710 = CARTESIAN_POINT('',(3.931263967738,0.,-9.1));
#3711 = CARTESIAN_POINT('',(4.200752314782,-0.,-9.068214885617));
#3712 = CARTESIAN_POINT('',(4.510942078345,-0.,-8.975508301999));
#3713 = CARTESIAN_POINT('',(4.66498363313,-0.,-8.915249022647));
#3714 = CARTESIAN_POINT('',(4.741741078773,-0.,-8.881642886086));
#3715 = CARTESIAN_POINT('',(4.774580698673,-0.,-8.866495292513));
#3716 = CARTESIAN_POINT('',(4.796461239,-0.,-8.856231349326));
#3717 = CARTESIAN_POINT('',(4.808562300106,0.,-8.850450839083));
#3718 = CARTESIAN_POINT('',(4.974493686876,0.,-8.770011018556));
#3719 = CARTESIAN_POINT('',(5.203251811252,-0.,-8.632604458336));
#3720 = CARTESIAN_POINT('',(5.460514875327,-0.,-8.430568998603));
#3721 = CARTESIAN_POINT('',(5.586741053774,-0.,-8.319119317201));
#3722 = CARTESIAN_POINT('',(5.649252804599,-0.,-8.260786488616));
#3723 = CARTESIAN_POINT('',(5.675914696725,-0.,-8.23522785039));
#3724 = CARTESIAN_POINT('',(5.693660656314,-0.,-8.21806456834));
#3725 = CARTESIAN_POINT('',(5.703981234294,0.,-8.207981812063));
#3726 = CARTESIAN_POINT('',(5.947601386869,0.,-7.968177061553));
#3727 = CARTESIAN_POINT('',(6.275514246935,-0.,-7.565605725977));
#3728 = CARTESIAN_POINT('',(6.611802730722,-0.,-7.001851422753));
#3729 = CARTESIAN_POINT('',(6.76837784271,-0.,-6.696452334878));
#3730 = CARTESIAN_POINT('',(6.843773116228,-0.,-6.537872306875));
#3731 = CARTESIAN_POINT('',(6.880747682368,-0.,-6.457112171857));
#3732 = CARTESIAN_POINT('',(6.896438981295,-0.,-6.422185659489));
#3733 = CARTESIAN_POINT('',(6.906865415312,-0.,-6.398831312147));
#3734 = CARTESIAN_POINT('',(6.912863494397,0.,-6.385299760093));
#3735 = CARTESIAN_POINT('',(7.057294826415,0.,-6.05768223037));
#3736 = CARTESIAN_POINT('',(7.241630763129,-0.,-5.557144980049));
#3737 = CARTESIAN_POINT('',(7.41163385462,-0.,-4.931180196816));
#3738 = CARTESIAN_POINT('',(7.48537152503,-0.,-4.607696640736));
#3739 = CARTESIAN_POINT('',(7.519424391402,-0.,-4.443329571579));
#3740 = CARTESIAN_POINT('',(7.533415055096,-0.,-4.372323979559));
#3741 = CARTESIAN_POINT('',(7.542608070472,-0.,-4.324861904349));
#3742 = CARTESIAN_POINT('',(7.547466610742,0.,-4.299309102013));
#3743 = CARTESIAN_POINT('',(7.683866648406,-0.,-3.570114910966));
#3744 = CARTESIAN_POINT('',(7.75,-0.,-2.844377474851));
#3745 = CARTESIAN_POINT('',(7.75,0.,-2.1));
#3746 = ORIENTED_EDGE('',*,*,#3511,.F.);
#3747 = ORIENTED_EDGE('',*,*,#3397,.F.);
#3748 = PLANE('',#3749);
#3749 = AXIS2_PLACEMENT_3D('',#3750,#3751,#3752);
#3750 = CARTESIAN_POINT('',(0.,0.,0.));
#3751 = DIRECTION('',(0.,-1.,0.));
#3752 = DIRECTION('',(0.,-0.,-1.));
#3753 = ADVANCED_FACE('',(#3754),#3765,.T.);
#3754 = FACE_BOUND('',#3755,.T.);
#3755 = EDGE_LOOP('',(#3756,#3757,#3763,#3764));
#3756 = ORIENTED_EDGE('',*,*,#3544,.F.);
#3757 = ORIENTED_EDGE('',*,*,#3758,.T.);
#3758 = EDGE_CURVE('',#3537,#3496,#3759,.T.);
#3759 = ( BOUNDED_CURVE() B_SPLINE_CURVE(2,(#3760,#3761,#3762),
.UNSPECIFIED.,.F.,.F.) B_SPLINE_CURVE_WITH_KNOTS((3,3),(
    -5.999999998486E-08,8.787907438911E-03),.PIECEWISE_BEZIER_KNOTS.) 
CURVE() GEOMETRIC_REPRESENTATION_ITEM() RATIONAL_B_SPLINE_CURVE((1.,
0.707106781187,1.)) REPRESENTATION_ITEM('') );
#3760 = CARTESIAN_POINT('',(3.75,7.4,-9.1));
#3761 = CARTESIAN_POINT('',(7.75,7.4,-9.1));
#3762 = CARTESIAN_POINT('',(7.75,7.4,-2.1));
#3763 = ORIENTED_EDGE('',*,*,#3493,.F.);
#3764 = ORIENTED_EDGE('',*,*,#3707,.F.);
#3765 = ( BOUNDED_SURFACE() B_SPLINE_SURFACE(2,3,(
    (#3766,#3767,#3768,#3769)
    ,(#3770,#3771,#3772,#3773)
    ,(#3774,#3775,#3776,#3777
)),.UNSPECIFIED.,.F.,.F.,.F.) B_SPLINE_SURFACE_WITH_KNOTS((3,3),(4,4),(
    0.,1.),(-4.2E-04,8.82E-03),.PIECEWISE_BEZIER_KNOTS.) 
GEOMETRIC_REPRESENTATION_ITEM() RATIONAL_B_SPLINE_SURFACE((
    (1.,1.,1.,1.)
    ,(0.707106781187,0.707106781187,0.707106781187,0.707106781187)
,(1.,1.,1.,1.))) REPRESENTATION_ITEM('') SURFACE() );
#3766 = CARTESIAN_POINT('',(3.75,8.82,-9.1));
#3767 = CARTESIAN_POINT('',(3.75,5.74,-9.1));
#3768 = CARTESIAN_POINT('',(3.75,2.66,-9.1));
#3769 = CARTESIAN_POINT('',(3.75,-0.42,-9.1));
#3770 = CARTESIAN_POINT('',(7.75,8.82,-9.1));
#3771 = CARTESIAN_POINT('',(7.75,5.74,-9.1));
#3772 = CARTESIAN_POINT('',(7.75,2.66,-9.1));
#3773 = CARTESIAN_POINT('',(7.75,-0.42,-9.1));
#3774 = CARTESIAN_POINT('',(7.75,8.82,-2.1));
#3775 = CARTESIAN_POINT('',(7.75,5.74,-2.1));
#3776 = CARTESIAN_POINT('',(7.75,2.66,-2.1));
#3777 = CARTESIAN_POINT('',(7.75,-0.42,-2.1));
#3778 = ADVANCED_FACE('',(#3779),#3790,.T.);
#3779 = FACE_BOUND('',#3780,.T.);
#3780 = EDGE_LOOP('',(#3781,#3782,#3788,#3789));
#3781 = ORIENTED_EDGE('',*,*,#3470,.F.);
#3782 = ORIENTED_EDGE('',*,*,#3783,.T.);
#3783 = EDGE_CURVE('',#3463,#3528,#3784,.T.);
#3784 = ( BOUNDED_CURVE() B_SPLINE_CURVE(2,(#3785,#3786,#3787),
.UNSPECIFIED.,.F.,.F.) B_SPLINE_CURVE_WITH_KNOTS((3,3),(
    -5.999999999982E-08,8.703883762637E-03),.PIECEWISE_BEZIER_KNOTS.) 
CURVE() GEOMETRIC_REPRESENTATION_ITEM() RATIONAL_B_SPLINE_CURVE((1.,
0.707106781187,1.)) REPRESENTATION_ITEM('') );
#3785 = CARTESIAN_POINT('',(-7.75,7.4,-2.1));
#3786 = CARTESIAN_POINT('',(-7.75,7.4,-9.1));
#3787 = CARTESIAN_POINT('',(-3.75,7.4,-9.1));
#3788 = ORIENTED_EDGE('',*,*,#3525,.F.);
#3789 = ORIENTED_EDGE('',*,*,#3665,.F.);
#3790 = ( BOUNDED_SURFACE() B_SPLINE_SURFACE(2,3,(
    (#3791,#3792,#3793,#3794)
    ,(#3795,#3796,#3797,#3798)
    ,(#3799,#3800,#3801,#3802
)),.UNSPECIFIED.,.F.,.F.,.F.) B_SPLINE_SURFACE_WITH_KNOTS((3,3),(4,4),(
    0.,1.),(-4.2E-04,8.82E-03),.PIECEWISE_BEZIER_KNOTS.) 
GEOMETRIC_REPRESENTATION_ITEM() RATIONAL_B_SPLINE_SURFACE((
    (1.,1.,1.,1.)
    ,(0.707106781187,0.707106781187,0.707106781187,0.707106781187)
,(1.,1.,1.,1.))) REPRESENTATION_ITEM('') SURFACE() );
#3791 = CARTESIAN_POINT('',(-7.75,8.82,-2.1));
#3792 = CARTESIAN_POINT('',(-7.75,5.74,-2.1));
#3793 = CARTESIAN_POINT('',(-7.75,2.66,-2.1));
#3794 = CARTESIAN_POINT('',(-7.75,-0.42,-2.1));
#3795 = CARTESIAN_POINT('',(-7.75,8.82,-9.1));
#3796 = CARTESIAN_POINT('',(-7.75,5.74,-9.1));
#3797 = CARTESIAN_POINT('',(-7.75,2.66,-9.1));
#3798 = CARTESIAN_POINT('',(-7.75,-0.42,-9.1));
#3799 = CARTESIAN_POINT('',(-3.75,8.82,-9.1));
#3800 = CARTESIAN_POINT('',(-3.75,5.74,-9.1));
#3801 = CARTESIAN_POINT('',(-3.75,2.66,-9.1));
#3802 = CARTESIAN_POINT('',(-3.75,-0.42,-9.1));
#3803 = ADVANCED_FACE('',(#3804),#3829,.T.);
#3804 = FACE_BOUND('',#3805,.T.);
#3805 = EDGE_LOOP('',(#3806,#3807,#3815,#3823));
#3806 = ORIENTED_EDGE('',*,*,#3405,.F.);
#3807 = ORIENTED_EDGE('',*,*,#3808,.F.);
#3808 = EDGE_CURVE('',#3809,#3406,#3811,.T.);
#3809 = VERTEX_POINT('',#3810);
#3810 = CARTESIAN_POINT('',(5.042764814124,1.,-4.9));
#3811 = LINE('',#3812,#3813);
#3812 = CARTESIAN_POINT('',(5.042764814124,1.,-4.9));
#3813 = VECTOR('',#3814,1.);
#3814 = DIRECTION('',(-0.,-0.,1.));
#3815 = ORIENTED_EDGE('',*,*,#3816,.T.);
#3816 = EDGE_CURVE('',#3809,#3817,#3819,.T.);
#3817 = VERTEX_POINT('',#3818);
#3818 = CARTESIAN_POINT('',(-7.15,1.,-4.9));
#3819 = LINE('',#3820,#3821);
#3820 = CARTESIAN_POINT('',(1.778435308175E-17,1.,-4.9));
#3821 = VECTOR('',#3822,1.);
#3822 = DIRECTION('',(-1.,1.778435308175E-17,0.));
#3823 = ORIENTED_EDGE('',*,*,#3824,.T.);
#3824 = EDGE_CURVE('',#3817,#3408,#3825,.T.);
#3825 = LINE('',#3826,#3827);
#3826 = CARTESIAN_POINT('',(-7.15,1.,-4.9));
#3827 = VECTOR('',#3828,1.);
#3828 = DIRECTION('',(-0.,-0.,1.));
#3829 = PLANE('',#3830);
#3830 = AXIS2_PLACEMENT_3D('',#3831,#3832,#3833);
#3831 = CARTESIAN_POINT('',(1.778435308175E-17,1.,-4.9));
#3832 = DIRECTION('',(1.778435308175E-17,1.,0.));
#3833 = DIRECTION('',(-1.,1.778435308175E-17,0.));
#3834 = ADVANCED_FACE('',(#3835),#3853,.T.);
#3835 = FACE_BOUND('',#3836,.T.);
#3836 = EDGE_LOOP('',(#3837,#3838,#3839,#3847));
#3837 = ORIENTED_EDGE('',*,*,#3415,.F.);
#3838 = ORIENTED_EDGE('',*,*,#3824,.F.);
#3839 = ORIENTED_EDGE('',*,*,#3840,.T.);
#3840 = EDGE_CURVE('',#3817,#3841,#3843,.T.);
#3841 = VERTEX_POINT('',#3842);
#3842 = CARTESIAN_POINT('',(-7.15,7.8,-4.9));
#3843 = LINE('',#3844,#3845);
#3844 = CARTESIAN_POINT('',(-7.15,9.120053568555E-16,-4.9));
#3845 = VECTOR('',#3846,1.);
#3846 = DIRECTION('',(1.27553196763E-16,1.,0.));
#3847 = ORIENTED_EDGE('',*,*,#3848,.T.);
#3848 = EDGE_CURVE('',#3841,#3416,#3849,.T.);
#3849 = LINE('',#3850,#3851);
#3850 = CARTESIAN_POINT('',(-7.15,7.8,-4.9));
#3851 = VECTOR('',#3852,1.);
#3852 = DIRECTION('',(-0.,-0.,1.));
#3853 = PLANE('',#3854);
#3854 = AXIS2_PLACEMENT_3D('',#3855,#3856,#3857);
#3855 = CARTESIAN_POINT('',(-7.15,9.120053568555E-16,-4.9));
#3856 = DIRECTION('',(1.,-1.27553196763E-16,0.));
#3857 = DIRECTION('',(1.27553196763E-16,1.,0.));
#3858 = ADVANCED_FACE('',(#3859),#3877,.F.);
#3859 = FACE_BOUND('',#3860,.T.);
#3860 = EDGE_LOOP('',(#3861,#3862,#3863,#3871));
#3861 = ORIENTED_EDGE('',*,*,#3423,.T.);
#3862 = ORIENTED_EDGE('',*,*,#3848,.F.);
#3863 = ORIENTED_EDGE('',*,*,#3864,.F.);
#3864 = EDGE_CURVE('',#3865,#3841,#3867,.T.);
#3865 = VERTEX_POINT('',#3866);
#3866 = CARTESIAN_POINT('',(5.042764814124,7.8,-4.9));
#3867 = LINE('',#3868,#3869);
#3868 = CARTESIAN_POINT('',(-1.109743632301E-15,7.8,-4.9));
#3869 = VECTOR('',#3870,1.);
#3870 = DIRECTION('',(-1.,-1.42274824654E-16,0.));
#3871 = ORIENTED_EDGE('',*,*,#3872,.T.);
#3872 = EDGE_CURVE('',#3865,#3424,#3873,.T.);
#3873 = LINE('',#3874,#3875);
#3874 = CARTESIAN_POINT('',(5.042764814124,7.8,-4.9));
#3875 = VECTOR('',#3876,1.);
#3876 = DIRECTION('',(-0.,-0.,1.));
#3877 = PLANE('',#3878);
#3878 = AXIS2_PLACEMENT_3D('',#3879,#3880,#3881);
#3879 = CARTESIAN_POINT('',(-1.109743632301E-15,7.8,-4.9));
#3880 = DIRECTION('',(-1.42274824654E-16,1.,0.));
#3881 = DIRECTION('',(-1.,-1.42274824654E-16,0.));
#3882 = ADVANCED_FACE('',(#3883),#3901,.F.);
#3883 = FACE_BOUND('',#3884,.T.);
#3884 = EDGE_LOOP('',(#3885,#3886,#3887,#3895));
#3885 = ORIENTED_EDGE('',*,*,#3431,.T.);
#3886 = ORIENTED_EDGE('',*,*,#3872,.F.);
#3887 = ORIENTED_EDGE('',*,*,#3888,.F.);
#3888 = EDGE_CURVE('',#3889,#3865,#3891,.T.);
#3889 = VERTEX_POINT('',#3890);
#3890 = CARTESIAN_POINT('',(7.15,5.692764814124,-4.9));
#3891 = LINE('',#3892,#3893);
#3892 = CARTESIAN_POINT('',(6.421382407062,6.421382407062,-4.9));
#3893 = VECTOR('',#3894,1.);
#3894 = DIRECTION('',(-0.707106781187,0.707106781187,0.));
#3895 = ORIENTED_EDGE('',*,*,#3896,.T.);
#3896 = EDGE_CURVE('',#3889,#3432,#3897,.T.);
#3897 = LINE('',#3898,#3899);
#3898 = CARTESIAN_POINT('',(7.15,5.692764814124,-4.9));
#3899 = VECTOR('',#3900,1.);
#3900 = DIRECTION('',(-0.,-0.,1.));
#3901 = PLANE('',#3902);
#3902 = AXIS2_PLACEMENT_3D('',#3903,#3904,#3905);
#3903 = CARTESIAN_POINT('',(6.421382407062,6.421382407062,-4.9));
#3904 = DIRECTION('',(0.707106781187,0.707106781187,0.));
#3905 = DIRECTION('',(-0.707106781187,0.707106781187,0.));
#3906 = ADVANCED_FACE('',(#3907),#3925,.F.);
#3907 = FACE_BOUND('',#3908,.T.);
#3908 = EDGE_LOOP('',(#3909,#3910,#3911,#3919));
#3909 = ORIENTED_EDGE('',*,*,#3439,.T.);
#3910 = ORIENTED_EDGE('',*,*,#3896,.F.);
#3911 = ORIENTED_EDGE('',*,*,#3912,.F.);
#3912 = EDGE_CURVE('',#3913,#3889,#3915,.T.);
#3913 = VERTEX_POINT('',#3914);
#3914 = CARTESIAN_POINT('',(7.15,3.107235185876,-4.9));
#3915 = LINE('',#3916,#3917);
#3916 = CARTESIAN_POINT('',(7.15,4.797188443607E-15,-4.9));
#3917 = VECTOR('',#3918,1.);
#3918 = DIRECTION('',(-6.709354466583E-16,1.,0.));
#3919 = ORIENTED_EDGE('',*,*,#3920,.T.);
#3920 = EDGE_CURVE('',#3913,#3440,#3921,.T.);
#3921 = LINE('',#3922,#3923);
#3922 = CARTESIAN_POINT('',(7.15,3.107235185876,-4.9));
#3923 = VECTOR('',#3924,1.);
#3924 = DIRECTION('',(-0.,-0.,1.));
#3925 = PLANE('',#3926);
#3926 = AXIS2_PLACEMENT_3D('',#3927,#3928,#3929);
#3927 = CARTESIAN_POINT('',(7.15,4.797188443607E-15,-4.9));
#3928 = DIRECTION('',(1.,6.709354466583E-16,0.));
#3929 = DIRECTION('',(-6.709354466583E-16,1.,0.));
#3930 = ADVANCED_FACE('',(#3931),#3942,.F.);
#3931 = FACE_BOUND('',#3932,.T.);
#3932 = EDGE_LOOP('',(#3933,#3934,#3935,#3941));
#3933 = ORIENTED_EDGE('',*,*,#3447,.T.);
#3934 = ORIENTED_EDGE('',*,*,#3920,.F.);
#3935 = ORIENTED_EDGE('',*,*,#3936,.F.);
#3936 = EDGE_CURVE('',#3809,#3913,#3937,.T.);
#3937 = LINE('',#3938,#3939);
#3938 = CARTESIAN_POINT('',(2.021382407062,-2.021382407062,-4.9));
#3939 = VECTOR('',#3940,1.);
#3940 = DIRECTION('',(0.707106781187,0.707106781187,0.));
#3941 = ORIENTED_EDGE('',*,*,#3808,.T.);
#3942 = PLANE('',#3943);
#3943 = AXIS2_PLACEMENT_3D('',#3944,#3945,#3946);
#3944 = CARTESIAN_POINT('',(2.021382407062,-2.021382407062,-4.9));
#3945 = DIRECTION('',(0.707106781187,-0.707106781187,0.));
#3946 = DIRECTION('',(0.707106781187,0.707106781187,0.));
#3947 = ADVANCED_FACE('',(#3948,#3952,#3956),#3964,.T.);
#3948 = FACE_BOUND('',#3949,.T.);
#3949 = EDGE_LOOP('',(#3950,#3951));
#3950 = ORIENTED_EDGE('',*,*,#2885,.F.);
#3951 = ORIENTED_EDGE('',*,*,#2725,.F.);
#3952 = FACE_BOUND('',#3953,.T.);
#3953 = EDGE_LOOP('',(#3954,#3955));
#3954 = ORIENTED_EDGE('',*,*,#3154,.F.);
#3955 = ORIENTED_EDGE('',*,*,#2571,.F.);
#3956 = FACE_BOUND('',#3957,.T.);
#3957 = EDGE_LOOP('',(#3958,#3959,#3960,#3961,#3962,#3963));
#3958 = ORIENTED_EDGE('',*,*,#3816,.F.);
#3959 = ORIENTED_EDGE('',*,*,#3936,.T.);
#3960 = ORIENTED_EDGE('',*,*,#3912,.T.);
#3961 = ORIENTED_EDGE('',*,*,#3888,.T.);
#3962 = ORIENTED_EDGE('',*,*,#3864,.T.);
#3963 = ORIENTED_EDGE('',*,*,#3840,.F.);
#3964 = PLANE('',#3965);
#3965 = AXIS2_PLACEMENT_3D('',#3966,#3967,#3968);
#3966 = CARTESIAN_POINT('',(0.,0.,-4.9));
#3967 = DIRECTION('',(-0.,0.,1.));
#3968 = DIRECTION('',(1.,0.,0.));
#3969 = ADVANCED_FACE('',(#3970),#3984,.T.);
#3970 = FACE_BOUND('',#3971,.T.);
#3971 = EDGE_LOOP('',(#3972,#3973,#3974,#3983));
#3972 = ORIENTED_EDGE('',*,*,#3380,.F.);
#3973 = ORIENTED_EDGE('',*,*,#3630,.F.);
#3974 = ORIENTED_EDGE('',*,*,#3975,.F.);
#3975 = EDGE_CURVE('',#3463,#3608,#3976,.T.);
#3976 = B_SPLINE_CURVE_WITH_KNOTS('',3,(#3977,#3978,#3979,#3980,#3981,
    #3982),.UNSPECIFIED.,.F.,.F.,(4,2,4),(0.,0.5,1.),.UNSPECIFIED.);
#3977 = CARTESIAN_POINT('',(-7.75,7.4,-2.1));
#3978 = CARTESIAN_POINT('',(-7.75,7.661799387799,-2.1));
#3979 = CARTESIAN_POINT('',(-7.64222690361,7.921986658763,-2.1));
#3980 = CARTESIAN_POINT('',(-7.271986658763,8.29222690361,-2.1));
#3981 = CARTESIAN_POINT('',(-7.011799387799,8.4,-2.1));
#3982 = CARTESIAN_POINT('',(-6.75,8.4,-2.1));
#3983 = ORIENTED_EDGE('',*,*,#3462,.F.);
#3984 = CYLINDRICAL_SURFACE('',#3985,1.);
#3985 = AXIS2_PLACEMENT_3D('',#3986,#3987,#3988);
#3986 = CARTESIAN_POINT('',(-6.75,7.4,1.286745435477E-15));
#3987 = DIRECTION('',(1.90628953404E-16,0.,1.));
#3988 = DIRECTION('',(1.,0.,-1.90628953404E-16));
#3989 = ADVANCED_FACE('',(#3990),#4004,.T.);
#3990 = FACE_BOUND('',#3991,.T.);
#3991 = EDGE_LOOP('',(#3992,#3993,#3994,#4003));
#3992 = ORIENTED_EDGE('',*,*,#3975,.T.);
#3993 = ORIENTED_EDGE('',*,*,#3607,.F.);
#3994 = ORIENTED_EDGE('',*,*,#3995,.F.);
#3995 = EDGE_CURVE('',#3528,#3600,#3996,.T.);
#3996 = B_SPLINE_CURVE_WITH_KNOTS('',3,(#3997,#3998,#3999,#4000,#4001,
    #4002),.UNSPECIFIED.,.F.,.F.,(4,2,4),(0.,0.5,1.),.UNSPECIFIED.);
#3997 = CARTESIAN_POINT('',(-3.75,7.4,-9.1));
#3998 = CARTESIAN_POINT('',(-3.75,7.661799387799,-9.1));
#3999 = CARTESIAN_POINT('',(-3.75,7.921986658763,-8.99222690361));
#4000 = CARTESIAN_POINT('',(-3.75,8.29222690361,-8.621986658763));
#4001 = CARTESIAN_POINT('',(-3.75,8.4,-8.361799387799));
#4002 = CARTESIAN_POINT('',(-3.75,8.4,-8.1));
#4003 = ORIENTED_EDGE('',*,*,#3783,.F.);
#4004 = ( BOUNDED_SURFACE() B_SPLINE_SURFACE(3,2,(
    (#4005,#4006,#4007)
    ,(#4008,#4009,#4010)
    ,(#4011,#4012,#4013)
    ,(#4014,#4015,#4016)
    ,(#4017,#4018,#4019)
    ,(#4020,#4021,#4022)
    ,(#4023,#4024,#4025)
    ,(#4026,#4027,#4028)
    ,(#4029,#4030,#4031)
    ,(#4032,#4033,#4034)
    ,(#4035,#4036,#4037)
    ,(#4038,#4039,#4040)
    ,(#4041,#4042,#4043)
    ,(#4044,#4045,#4046)
    ,(#4047,#4048,#4049)
    ,(#4050,#4051,#4052)
    ,(#4053,#4054,#4055)
    ,(#4056,#4057,#4058)
    ,(#4059,#4060,#4061)
    ,(#4062,#4063,#4064
)),.UNSPECIFIED.,.F.,.F.,.F.) B_SPLINE_SURFACE_WITH_KNOTS((4,2,2,2,2,2,2
    ,2,2,4),(3,3),(0.,1.787500042707E-03,3.575000085413E-03,
    4.468750106767E-03,5.36250012812E-03,5.809375138797E-03,
    6.256250149473E-03,6.479687654812E-03,6.70312516015E-03,
    7.150000170827E-03),(0.,1.),.UNSPECIFIED.) 
GEOMETRIC_REPRESENTATION_ITEM() RATIONAL_B_SPLINE_SURFACE((
    (1.,0.707106781187,1.)
    ,(1.,0.707106781187,1.)
    ,(1.,0.707106781187,1.)
    ,(1.,0.707106781187,1.)
    ,(1.,0.707106781187,1.)
    ,(1.,0.707106781187,1.)
    ,(1.,0.707106781187,1.)
    ,(1.,0.707106781187,1.)
    ,(1.,0.707106781187,1.)
    ,(1.,0.707106781187,1.)
    ,(1.,0.707106781187,1.)
    ,(1.,0.707106781187,1.)
    ,(1.,0.707106781187,1.)
    ,(1.,0.707106781187,1.)
    ,(1.,0.707106781187,1.)
    ,(1.,0.707106781187,1.)
    ,(1.,0.707106781187,1.)
    ,(1.,0.707106781187,1.)
    ,(1.,0.707106781187,1.)
,(1.,0.707106781187,1.))) REPRESENTATION_ITEM('') SURFACE() );
#4005 = CARTESIAN_POINT('',(-6.75,8.4,-2.1));
#4006 = CARTESIAN_POINT('',(-7.75,8.4,-2.1));
#4007 = CARTESIAN_POINT('',(-7.75,7.4,-2.1));
#4008 = CARTESIAN_POINT('',(-6.749999999175,8.4,-2.704597010606));
#4009 = CARTESIAN_POINT('',(-7.749999999102,8.4,-2.75838413643));
#4010 = CARTESIAN_POINT('',(-7.75,7.399999999999,-2.758384136581));
#4011 = CARTESIAN_POINT('',(-6.702290535872,8.4,-3.301085633981));
#4012 = CARTESIAN_POINT('',(-7.698265695461,8.4,-3.407763356474));
#4013 = CARTESIAN_POINT('',(-7.698265694242,7.4,-3.407763356271));
#4014 = CARTESIAN_POINT('',(-6.50715420354,8.4,-4.476693519205));
#4015 = CARTESIAN_POINT('',(-7.484183726335,8.4,-4.697510107028));
#4016 = CARTESIAN_POINT('',(-7.484183727554,7.4,-4.69751010723));
#4017 = CARTESIAN_POINT('',(-6.360856862312,8.4,-5.056076271741));
#4018 = CARTESIAN_POINT('',(-7.323715323509,8.399999999998,
    -5.337490224828));
#4019 = CARTESIAN_POINT('',(-7.323715318299,7.399999999999,
    -5.337490222846));
#4020 = CARTESIAN_POINT('',(-6.037118908584,8.4,-5.907127065146));
#4021 = CARTESIAN_POINT('',(-6.957679721682,8.400000000001,
    -6.29973417746));
#4022 = CARTESIAN_POINT('',(-6.957679724288,7.400000000001,
    -6.299734178451));
#4023 = CARTESIAN_POINT('',(-5.913214400683,8.4,-6.182872940087));
#4024 = CARTESIAN_POINT('',(-6.816275912136,8.399999999999,
    -6.615443671773));
#4025 = CARTESIAN_POINT('',(-6.816275908093,7.4,-6.615443669574));
#4026 = CARTESIAN_POINT('',(-5.625262162894,8.4,-6.712452295353));
#4027 = CARTESIAN_POINT('',(-6.479258422885,8.400000000001,
    -7.235260016327));
#4028 = CARTESIAN_POINT('',(-6.479258426928,7.4,-7.235260018526));
#4029 = CARTESIAN_POINT('',(-5.459943265179,8.4,-6.968801803615));
#4030 = CARTESIAN_POINT('',(-6.2827074873,8.4,-7.542310054056));
#4031 = CARTESIAN_POINT('',(-6.282707478812,7.4,-7.542310047121));
#4032 = CARTESIAN_POINT('',(-5.17200149994,8.4,-7.321184630702));
#4033 = CARTESIAN_POINT('',(-5.92215520634,8.4,-7.983553545322));
#4034 = CARTESIAN_POINT('',(-5.922155210584,7.4,-7.98355354879));
#4035 = CARTESIAN_POINT('',(-5.069735325734,8.4,-7.432792312816));
#4036 = CARTESIAN_POINT('',(-5.791394882941,8.4,-8.126832502739));
#4037 = CARTESIAN_POINT('',(-5.79139487517,7.4,-8.126832494483));
#4038 = CARTESIAN_POINT('',(-4.848799027926,8.4,-7.640731998995));
#4039 = CARTESIAN_POINT('',(-5.497867670997,8.4,-8.403092921733));
#4040 = CARTESIAN_POINT('',(-5.497867678768,7.4,-8.40309292999));
#4041 = CARTESIAN_POINT('',(-4.729457675207,8.4,-7.737422177536));
#4042 = CARTESIAN_POINT('',(-5.334186466477,8.4,-8.536804926244));
#4043 = CARTESIAN_POINT('',(-5.334186455591,7.4,-8.536804909597));
#4044 = CARTESIAN_POINT('',(-4.539508512676,8.4,-7.861633497752));
#4045 = CARTESIAN_POINT('',(-5.058082078608,8.4,-8.71735475009));
#4046 = CARTESIAN_POINT('',(-5.058082084051,7.4,-8.717354758414));
#4047 = CARTESIAN_POINT('',(-4.47418261623,8.4,-7.899730599902));
#4048 = CARTESIAN_POINT('',(-4.960652857889,8.4,-8.774391979346));
#4049 = CARTESIAN_POINT('',(-4.960652850943,7.4,-8.774391965554));
#4050 = CARTESIAN_POINT('',(-4.338693941102,8.4,-7.967965655876));
#4051 = CARTESIAN_POINT('',(-4.751822930796,8.4,-8.879563278634));
#4052 = CARTESIAN_POINT('',(-4.751822937742,7.4,-8.879563292426));
#4053 = CARTESIAN_POINT('',(-4.267908565023,8.4,-7.998299000095));
#4054 = CARTESIAN_POINT('',(-4.639340720433,8.4,-8.928049594024));
#4055 = CARTESIAN_POINT('',(-4.639340716057,7.4,-8.928049581295));
#4056 = CARTESIAN_POINT('',(-4.052089912329,8.4,-8.072497749661));
#4057 = CARTESIAN_POINT('',(-4.284595391987,8.4,-9.050011502161));
#4058 = CARTESIAN_POINT('',(-4.28459540074,7.4,-9.050011527619));
#4059 = CARTESIAN_POINT('',(-3.903794999117,8.4,-8.099999981334));
#4060 = CARTESIAN_POINT('',(-4.024372749379,8.400000000001,
    -9.099999966546));
#4061 = CARTESIAN_POINT('',(-4.02437274283,7.4,-9.1));
#4062 = CARTESIAN_POINT('',(-3.75,8.4,-8.1));
#4063 = CARTESIAN_POINT('',(-3.75,8.4,-9.1));
#4064 = CARTESIAN_POINT('',(-3.75,7.4,-9.1));
#4065 = ADVANCED_FACE('',(#4066),#4080,.T.);
#4066 = FACE_BOUND('',#4067,.T.);
#4067 = EDGE_LOOP('',(#4068,#4069,#4070,#4079));
#4068 = ORIENTED_EDGE('',*,*,#3995,.T.);
#4069 = ORIENTED_EDGE('',*,*,#3599,.F.);
#4070 = ORIENTED_EDGE('',*,*,#4071,.F.);
#4071 = EDGE_CURVE('',#3537,#3577,#4072,.T.);
#4072 = B_SPLINE_CURVE_WITH_KNOTS('',3,(#4073,#4074,#4075,#4076,#4077,
    #4078),.UNSPECIFIED.,.F.,.F.,(4,2,4),(0.,0.5,1.),.UNSPECIFIED.);
#4073 = CARTESIAN_POINT('',(3.75,7.4,-9.1));
#4074 = CARTESIAN_POINT('',(3.75,7.661799387799,-9.1));
#4075 = CARTESIAN_POINT('',(3.75,7.921986658763,-8.99222690361));
#4076 = CARTESIAN_POINT('',(3.75,8.29222690361,-8.621986658763));
#4077 = CARTESIAN_POINT('',(3.75,8.4,-8.361799387799));
#4078 = CARTESIAN_POINT('',(3.75,8.4,-8.1));
#4079 = ORIENTED_EDGE('',*,*,#3536,.F.);
#4080 = CYLINDRICAL_SURFACE('',#4081,1.);
#4081 = AXIS2_PLACEMENT_3D('',#4082,#4083,#4084);
#4082 = CARTESIAN_POINT('',(-1.813065826505E-15,7.4,-8.1));
#4083 = DIRECTION('',(-1.,0.,2.238352872228E-16));
#4084 = DIRECTION('',(2.238352872228E-16,0.,1.));
#4085 = ADVANCED_FACE('',(#4086),#4100,.T.);
#4086 = FACE_BOUND('',#4087,.T.);
#4087 = EDGE_LOOP('',(#4088,#4089,#4090,#4099));
#4088 = ORIENTED_EDGE('',*,*,#4071,.T.);
#4089 = ORIENTED_EDGE('',*,*,#3576,.F.);
#4090 = ORIENTED_EDGE('',*,*,#4091,.F.);
#4091 = EDGE_CURVE('',#3496,#3569,#4092,.T.);
#4092 = B_SPLINE_CURVE_WITH_KNOTS('',3,(#4093,#4094,#4095,#4096,#4097,
    #4098),.UNSPECIFIED.,.F.,.F.,(4,2,4),(0.,0.5,1.),.UNSPECIFIED.);
#4093 = CARTESIAN_POINT('',(7.75,7.4,-2.1));
#4094 = CARTESIAN_POINT('',(7.75,7.661799387799,-2.1));
#4095 = CARTESIAN_POINT('',(7.64222690361,7.921986658763,-2.1));
#4096 = CARTESIAN_POINT('',(7.271986658763,8.29222690361,-2.1));
#4097 = CARTESIAN_POINT('',(7.011799387799,8.4,-2.1));
#4098 = CARTESIAN_POINT('',(6.75,8.4,-2.1));
#4099 = ORIENTED_EDGE('',*,*,#3758,.F.);
#4100 = ( BOUNDED_SURFACE() B_SPLINE_SURFACE(3,2,(
    (#4101,#4102,#4103)
    ,(#4104,#4105,#4106)
    ,(#4107,#4108,#4109)
    ,(#4110,#4111,#4112)
    ,(#4113,#4114,#4115)
    ,(#4116,#4117,#4118)
    ,(#4119,#4120,#4121)
    ,(#4122,#4123,#4124)
    ,(#4125,#4126,#4127)
    ,(#4128,#4129,#4130)
    ,(#4131,#4132,#4133)
    ,(#4134,#4135,#4136)
    ,(#4137,#4138,#4139)
    ,(#4140,#4141,#4142)
    ,(#4143,#4144,#4145)
    ,(#4146,#4147,#4148)
    ,(#4149,#4150,#4151)
    ,(#4152,#4153,#4154)
    ,(#4155,#4156,#4157)
    ,(#4158,#4159,#4160
)),.UNSPECIFIED.,.F.,.F.,.F.) B_SPLINE_SURFACE_WITH_KNOTS((4,2,2,2,2,2,2
    ,2,2,4),(3,3),(0.,4.534109796344E-04,9.068219592688E-04,
    1.360232938903E-03,1.813643918538E-03,2.720465877806E-03,
    3.627287837075E-03,4.534109796344E-03,5.440931755613E-03,
    7.25457567415E-03),(0.,1.),.UNSPECIFIED.) 
GEOMETRIC_REPRESENTATION_ITEM() RATIONAL_B_SPLINE_SURFACE((
    (1.,0.707106781187,1.)
    ,(1.,0.707106781187,1.)
    ,(1.,0.707106781187,1.)
    ,(1.,0.707106781187,1.)
    ,(1.,0.707106781187,1.)
    ,(1.,0.707106781187,1.)
    ,(1.,0.707106781187,1.)
    ,(1.,0.707106781187,1.)
    ,(1.,0.707106781187,1.)
    ,(1.,0.707106781187,1.)
    ,(1.,0.707106781187,1.)
    ,(1.,0.707106781187,1.)
    ,(1.,0.707106781187,1.)
    ,(1.,0.707106781187,1.)
    ,(1.,0.707106781187,1.)
    ,(1.,0.707106781187,1.)
    ,(1.,0.707106781187,1.)
    ,(1.,0.707106781187,1.)
    ,(1.,0.707106781187,1.)
,(1.,0.707106781187,1.))) REPRESENTATION_ITEM('') SURFACE() );
#4101 = CARTESIAN_POINT('',(3.75,8.4,-8.1));
#4102 = CARTESIAN_POINT('',(3.75,8.4,-9.1));
#4103 = CARTESIAN_POINT('',(3.75,7.4,-9.1));
#4104 = CARTESIAN_POINT('',(3.903722731299,8.4,-8.099999982701));
#4105 = CARTESIAN_POINT('',(4.024239371243,8.400000000001,
    -9.099999968986));
#4106 = CARTESIAN_POINT('',(4.024239364846,7.400000000001,-9.1));
#4107 = CARTESIAN_POINT('',(4.052344423681,8.4,-8.072503240903));
#4108 = CARTESIAN_POINT('',(4.285072601652,8.4,-9.050000252461));
#4109 = CARTESIAN_POINT('',(4.285072610205,7.4,-9.050000277292));
#4110 = CARTESIAN_POINT('',(4.341289894185,8.4,-7.972976858004));
#4111 = CARTESIAN_POINT('',(4.759899831351,8.4,-8.886447498144));
#4112 = CARTESIAN_POINT('',(4.759899822799,7.4,-8.886447473314));
#4113 = CARTESIAN_POINT('',(4.476525156418,8.4,-7.90285025458));
#4114 = CARTESIAN_POINT('',(4.966547832185,8.4,-8.77725541205));
#4115 = CARTESIAN_POINT('',(4.966547842832,7.4,-8.777255428325));
#4116 = CARTESIAN_POINT('',(4.729753401837,8.4,-7.737197961025));
#4117 = CARTESIAN_POINT('',(5.334599819491,8.4,-8.536489809668));
#4118 = CARTESIAN_POINT('',(5.334599808845,7.4,-8.536489793393));
#4119 = CARTESIAN_POINT('',(4.849189210214,8.4,-7.640363652146));
#4120 = CARTESIAN_POINT('',(5.498385670341,8.4,-8.402603909669));
#4121 = CARTESIAN_POINT('',(5.49838567823,7.4,-8.402603918051));
#4122 = CARTESIAN_POINT('',(5.069321293038,8.4,-7.43318310695));
#4123 = CARTESIAN_POINT('',(5.790845196851,8.4,-8.127351337414));
#4124 = CARTESIAN_POINT('',(5.790845188962,7.4,-8.127351329032));
#4125 = CARTESIAN_POINT('',(5.171088689965,8.4,-7.322163633097));
#4126 = CARTESIAN_POINT('',(5.920983187766,8.4,-7.984814902214));
#4127 = CARTESIAN_POINT('',(5.920983192087,7.4,-7.984814905749));
#4128 = CARTESIAN_POINT('',(5.457439326936,8.4,-6.972139198884));
#4129 = CARTESIAN_POINT('',(6.279629524929,8.4,-7.546418884328));
#4130 = CARTESIAN_POINT('',(6.279629516287,7.4,-7.546418877258));
#4131 = CARTESIAN_POINT('',(5.623575295355,8.4,-6.715125069379));
#4132 = CARTESIAN_POINT('',(6.477249534661,8.4,-7.238451725299));
#4133 = CARTESIAN_POINT('',(6.477249538983,7.4,-7.238451727653));
#4134 = CARTESIAN_POINT('',(5.91109886005,8.4,-6.187187613603));
#4135 = CARTESIAN_POINT('',(6.813834031502,8.4,-6.620430861975));
#4136 = CARTESIAN_POINT('',(6.81383402718,7.4,-6.620430859621));
#4137 = CARTESIAN_POINT('',(6.034148839916,8.4,-5.913770439915));
#4138 = CARTESIAN_POINT('',(6.954285935118,8.4,-6.307338918171));
#4139 = CARTESIAN_POINT('',(6.954285937011,7.4,-6.307338918894));
#4140 = CARTESIAN_POINT('',(6.248537338142,8.4,-5.352469750199));
#4141 = CARTESIAN_POINT('',(7.196755268716,8.4,-5.672518464602));
#4142 = CARTESIAN_POINT('',(7.196755266823,7.4,-5.672518463879));
#4143 = CARTESIAN_POINT('',(6.340050487544,8.4,-5.063072848362));
#4144 = CARTESIAN_POINT('',(7.298809336157,8.400000000001,
    -5.349192589411));
#4145 = CARTESIAN_POINT('',(7.298809337531,7.4,-5.349192589772));
#4146 = CARTESIAN_POINT('',(6.493240317155,8.4,-4.480458887834));
#4147 = CARTESIAN_POINT('',(7.468736425254,8.399999999999,
    -4.702923222862));
#4148 = CARTESIAN_POINT('',(7.46873642388,7.4,-4.702923222501));
#4149 = CARTESIAN_POINT('',(6.555134457123,8.4,-4.18708706412));
#4150 = CARTESIAN_POINT('',(7.536820861707,8.4,-4.379794909295));
#4151 = CARTESIAN_POINT('',(7.536820862369,7.4,-4.379794909405));
#4152 = CARTESIAN_POINT('',(6.702389707029,8.4,-3.301574184251));
#4153 = CARTESIAN_POINT('',(7.698377440824,8.4,-3.408281625589));
#4154 = CARTESIAN_POINT('',(7.6983774395,7.4,-3.408281625369));
#4155 = CARTESIAN_POINT('',(6.749999999331,8.4,-2.704074131465));
#4156 = CARTESIAN_POINT('',(7.749999999271,8.400000000004,
    -2.757820249233));
#4157 = CARTESIAN_POINT('',(7.75,7.400000000002,-2.757820249398));
#4158 = CARTESIAN_POINT('',(6.75,8.4,-2.1));
#4159 = CARTESIAN_POINT('',(7.75,8.4,-2.1));
#4160 = CARTESIAN_POINT('',(7.75,7.4,-2.1));
#4161 = ADVANCED_FACE('',(#4162),#4168,.T.);
#4162 = FACE_BOUND('',#4163,.T.);
#4163 = EDGE_LOOP('',(#4164,#4165,#4166,#4167));
#4164 = ORIENTED_EDGE('',*,*,#3363,.F.);
#4165 = ORIENTED_EDGE('',*,*,#3504,.F.);
#4166 = ORIENTED_EDGE('',*,*,#4091,.T.);
#4167 = ORIENTED_EDGE('',*,*,#3568,.F.);
#4168 = CYLINDRICAL_SURFACE('',#4169,1.);
#4169 = AXIS2_PLACEMENT_3D('',#4170,#4171,#4172);
#4170 = CARTESIAN_POINT('',(6.75,7.4,-6.433727177387E-16));
#4171 = DIRECTION('',(-9.531447670202E-17,0.,-1.));
#4172 = DIRECTION('',(-1.,0.,9.531447670202E-17));
#4173 = ADVANCED_FACE('',(#4174),#4186,.T.);
#4174 = FACE_BOUND('',#4175,.T.);
#4175 = EDGE_LOOP('',(#4176,#4177,#4184,#4185));
#4176 = ORIENTED_EDGE('',*,*,#2477,.F.);
#4177 = ORIENTED_EDGE('',*,*,#4178,.T.);
#4178 = EDGE_CURVE('',#2359,#2357,#4179,.T.);
#4179 = CIRCLE('',#4180,1.3);
#4180 = AXIS2_PLACEMENT_3D('',#4181,#4182,#4183);
#4181 = CARTESIAN_POINT('',(-3.6,-1.8,-7.6));
#4182 = DIRECTION('',(-0.,1.,0.));
#4183 = DIRECTION('',(0.,0.,-1.));
#4184 = ORIENTED_EDGE('',*,*,#2494,.T.);
#4185 = ORIENTED_EDGE('',*,*,#3654,.T.);
#4186 = CYLINDRICAL_SURFACE('',#4187,1.3);
#4187 = AXIS2_PLACEMENT_3D('',#4188,#4189,#4190);
#4188 = CARTESIAN_POINT('',(-3.6,-2.,-7.6));
#4189 = DIRECTION('',(-0.,1.,0.));
#4190 = DIRECTION('',(0.,0.,1.));
#4191 = ADVANCED_FACE('',(#4192),#4202,.T.);
#4192 = FACE_BOUND('',#4193,.T.);
#4193 = EDGE_LOOP('',(#4194,#4195));
#4194 = ORIENTED_EDGE('',*,*,#2376,.T.);
#4195 = ORIENTED_EDGE('',*,*,#4196,.T.);
#4196 = EDGE_CURVE('',#2368,#2377,#4197,.T.);
#4197 = CIRCLE('',#4198,1.1);
#4198 = AXIS2_PLACEMENT_3D('',#4199,#4200,#4201);
#4199 = CARTESIAN_POINT('',(-3.6,-2.,-7.6));
#4200 = DIRECTION('',(0.,-1.,0.));
#4201 = DIRECTION('',(0.,0.,-1.));
#4202 = PLANE('',#4203);
#4203 = AXIS2_PLACEMENT_3D('',#4204,#4205,#4206);
#4204 = CARTESIAN_POINT('',(-3.6,-2.,-7.6));
#4205 = DIRECTION('',(0.,-1.,0.));
#4206 = DIRECTION('',(0.,-0.,-1.));
#4207 = ADVANCED_FACE('',(#4208),#4220,.T.);
#4208 = FACE_BOUND('',#4209,.T.);
#4209 = EDGE_LOOP('',(#4210,#4211,#4218,#4219));
#4210 = ORIENTED_EDGE('',*,*,#2445,.F.);
#4211 = ORIENTED_EDGE('',*,*,#4212,.T.);
#4212 = EDGE_CURVE('',#2403,#2401,#4213,.T.);
#4213 = CIRCLE('',#4214,1.3);
#4214 = AXIS2_PLACEMENT_3D('',#4215,#4216,#4217);
#4215 = CARTESIAN_POINT('',(3.6,-1.8,-7.6));
#4216 = DIRECTION('',(-0.,1.,0.));
#4217 = DIRECTION('',(0.,0.,-1.));
#4218 = ORIENTED_EDGE('',*,*,#2462,.T.);
#4219 = ORIENTED_EDGE('',*,*,#3644,.T.);
#4220 = CYLINDRICAL_SURFACE('',#4221,1.3);
#4221 = AXIS2_PLACEMENT_3D('',#4222,#4223,#4224);
#4222 = CARTESIAN_POINT('',(3.6,-2.,-7.6));
#4223 = DIRECTION('',(-0.,1.,0.));
#4224 = DIRECTION('',(0.,0.,1.));
#4225 = ADVANCED_FACE('',(#4226),#4236,.T.);
#4226 = FACE_BOUND('',#4227,.T.);
#4227 = EDGE_LOOP('',(#4228,#4229));
#4228 = ORIENTED_EDGE('',*,*,#2420,.T.);
#4229 = ORIENTED_EDGE('',*,*,#4230,.T.);
#4230 = EDGE_CURVE('',#2412,#2421,#4231,.T.);
#4231 = CIRCLE('',#4232,1.1);
#4232 = AXIS2_PLACEMENT_3D('',#4233,#4234,#4235);
#4233 = CARTESIAN_POINT('',(3.6,-2.,-7.6));
#4234 = DIRECTION('',(0.,-1.,0.));
#4235 = DIRECTION('',(0.,0.,-1.));
#4236 = PLANE('',#4237);
#4237 = AXIS2_PLACEMENT_3D('',#4238,#4239,#4240);
#4238 = CARTESIAN_POINT('',(3.6,-2.,-7.6));
#4239 = DIRECTION('',(0.,-1.,0.));
#4240 = DIRECTION('',(0.,-0.,-1.));
#4241 = ADVANCED_FACE('',(#4242),#4248,.T.);
#4242 = FACE_BOUND('',#4243,.T.);
#4243 = EDGE_LOOP('',(#4244,#4245,#4246,#4247));
#4244 = ORIENTED_EDGE('',*,*,#2411,.F.);
#4245 = ORIENTED_EDGE('',*,*,#4212,.F.);
#4246 = ORIENTED_EDGE('',*,*,#2429,.T.);
#4247 = ORIENTED_EDGE('',*,*,#4230,.F.);
#4248 = TOROIDAL_SURFACE('',#4249,1.1,0.2);
#4249 = AXIS2_PLACEMENT_3D('',#4250,#4251,#4252);
#4250 = CARTESIAN_POINT('',(3.6,-1.8,-7.6));
#4251 = DIRECTION('',(0.,-1.,0.));
#4252 = DIRECTION('',(0.,0.,-1.));
#4253 = ADVANCED_FACE('',(#4254),#4260,.T.);
#4254 = FACE_BOUND('',#4255,.T.);
#4255 = EDGE_LOOP('',(#4256,#4257,#4258,#4259));
#4256 = ORIENTED_EDGE('',*,*,#2367,.F.);
#4257 = ORIENTED_EDGE('',*,*,#4178,.F.);
#4258 = ORIENTED_EDGE('',*,*,#2385,.T.);
#4259 = ORIENTED_EDGE('',*,*,#4196,.F.);
#4260 = TOROIDAL_SURFACE('',#4261,1.1,0.2);
#4261 = AXIS2_PLACEMENT_3D('',#4262,#4263,#4264);
#4262 = CARTESIAN_POINT('',(-3.6,-1.8,-7.6));
#4263 = DIRECTION('',(0.,-1.,0.));
#4264 = DIRECTION('',(0.,0.,-1.));
#4265 = ADVANCED_FACE('',(#4266),#4284,.T.);
#4266 = FACE_BOUND('',#4267,.T.);
#4267 = EDGE_LOOP('',(#4268,#4276,#4282,#4283));
#4268 = ORIENTED_EDGE('',*,*,#4269,.F.);
#4269 = EDGE_CURVE('',#4270,#3328,#4272,.T.);
#4270 = VERTEX_POINT('',#4271);
#4271 = CARTESIAN_POINT('',(-3.385870152134,4.424566396376,8.1));
#4272 = LINE('',#4273,#4274);
#4273 = CARTESIAN_POINT('',(-5.425870020722,2.067468102619,8.1));
#4274 = VECTOR('',#4275,1.);
#4275 = DIRECTION('',(0.654414028229,0.756136416037,0.));
#4276 = ORIENTED_EDGE('',*,*,#4277,.T.);
#4277 = EDGE_CURVE('',#4270,#2529,#4278,.T.);
#4278 = LINE('',#4279,#4280);
#4279 = CARTESIAN_POINT('',(-5.42933381047,6.626848473753,8.1));
#4280 = VECTOR('',#4281,1.);
#4281 = DIRECTION('',(0.680180699455,-0.733044484386,0.));
#4282 = ORIENTED_EDGE('',*,*,#2528,.T.);
#4283 = ORIENTED_EDGE('',*,*,#3338,.T.);
#4284 = PLANE('',#4285);
#4285 = AXIS2_PLACEMENT_3D('',#4286,#4287,#4288);
#4286 = CARTESIAN_POINT('',(-3.587262886231,4.421081782542,8.1));
#4287 = DIRECTION('',(0.,0.,1.));
#4288 = DIRECTION('',(1.,0.,-0.));
#4289 = ADVANCED_FACE('',(#4290),#4307,.T.);
#4290 = FACE_BOUND('',#4291,.T.);
#4291 = EDGE_LOOP('',(#4292,#4300,#4301));
#4292 = ORIENTED_EDGE('',*,*,#4293,.F.);
#4293 = EDGE_CURVE('',#3047,#4294,#4296,.T.);
#4294 = VERTEX_POINT('',#4295);
#4295 = CARTESIAN_POINT('',(3.418302800529,4.421081782542,8.1));
#4296 = LINE('',#4297,#4298);
#4297 = CARTESIAN_POINT('',(1.837036617908,6.338354096265,8.1));
#4298 = VECTOR('',#4299,1.);
#4299 = DIRECTION('',(0.636267192878,-0.771468767525,0.));
#4300 = ORIENTED_EDGE('',*,*,#3070,.T.);
#4301 = ORIENTED_EDGE('',*,*,#4302,.T.);
#4302 = EDGE_CURVE('',#3060,#4294,#4303,.T.);
#4303 = LINE('',#4304,#4305);
#4304 = CARTESIAN_POINT('',(1.837036617908,2.503809468819,8.1));
#4305 = VECTOR('',#4306,1.);
#4306 = DIRECTION('',(0.636267192878,0.771468767525,0.));
#4307 = PLANE('',#4308);
#4308 = AXIS2_PLACEMENT_3D('',#4309,#4310,#4311);
#4309 = CARTESIAN_POINT('',(3.612737113769,4.421081782542,8.1));
#4310 = DIRECTION('',(0.,0.,1.));
#4311 = DIRECTION('',(1.,0.,-0.));
#4312 = ADVANCED_FACE('',(#4313),#4335,.T.);
#4313 = FACE_BOUND('',#4314,.T.);
#4314 = EDGE_LOOP('',(#4315,#4324,#4325,#4334));
#4315 = ORIENTED_EDGE('',*,*,#4316,.F.);
#4316 = EDGE_CURVE('',#2968,#2836,#4317,.T.);
#4317 = B_SPLINE_CURVE_WITH_KNOTS('',3,(#4318,#4319,#4320,#4321,#4322,
    #4323),.UNSPECIFIED.,.F.,.F.,(4,2,4),(9.595698472847E-04,
    1.432651445917E-03,1.905733044549E-03),.UNSPECIFIED.);
#4318 = CARTESIAN_POINT('',(4.061647920105,3.641031086783,8.1));
#4319 = CARTESIAN_POINT('',(4.162712516451,3.518491090291,8.1));
#4320 = CARTESIAN_POINT('',(4.262008039762,3.398096080385,8.036267932874
    ));
#4321 = CARTESIAN_POINT('',(4.404659122829,3.225132808867,7.814894995536
    ));
#4322 = CARTESIAN_POINT('',(4.446633593977,3.174239105897,7.65921052169)
  );
#4323 = CARTESIAN_POINT('',(4.446633593975,3.174239105899,7.5));
#4324 = ORIENTED_EDGE('',*,*,#2983,.F.);
#4325 = ORIENTED_EDGE('',*,*,#4326,.F.);
#4326 = EDGE_CURVE('',#2844,#2976,#4327,.T.);
#4327 = B_SPLINE_CURVE_WITH_KNOTS('',3,(#4328,#4329,#4330,#4331,#4332,
    #4333),.UNSPECIFIED.,.F.,.F.,(4,2,4),(1.971631111346E-07,
    4.713913519341E-04,9.425855407571E-04),.UNSPECIFIED.);
#4328 = CARTESIAN_POINT('',(2.778840633562,3.174239105899,7.5));
#4329 = CARTESIAN_POINT('',(2.778840633562,3.174239105899,7.659320122457
    ));
#4330 = CARTESIAN_POINT('',(2.820919502105,3.225259389856,7.815042888868
    ));
#4331 = CARTESIAN_POINT('',(2.963327055226,3.397927383308,8.036066132387
    ));
#4332 = CARTESIAN_POINT('',(3.063695977706,3.519623880927,8.100000000004
    ));
#4333 = CARTESIAN_POINT('',(3.163826307442,3.641031086796,8.1));
#4334 = ORIENTED_EDGE('',*,*,#2843,.F.);
#4335 = TOROIDAL_SURFACE('',#4336,0.9,0.6);
#4336 = AXIS2_PLACEMENT_3D('',#4337,#4338,#4339);
#4337 = CARTESIAN_POINT('',(3.612737113769,4.421081782542,7.5));
#4338 = DIRECTION('',(0.,0.,1.));
#4339 = DIRECTION('',(1.,0.,-0.));
#4340 = ADVANCED_FACE('',(#4341),#4363,.T.);
#4341 = FACE_BOUND('',#4342,.T.);
#4342 = EDGE_LOOP('',(#4343,#4352,#4353,#4362));
#4343 = ORIENTED_EDGE('',*,*,#4344,.F.);
#4344 = EDGE_CURVE('',#3113,#3236,#4345,.T.);
#4345 = B_SPLINE_CURVE_WITH_KNOTS('',3,(#4346,#4347,#4348,#4349,#4350,
    #4351),.UNSPECIFIED.,.F.,.F.,(4,2,4),(1.971631111346E-07,
    4.713913519261E-04,9.425855407412E-04),.UNSPECIFIED.);
#4346 = CARTESIAN_POINT('',(-4.450543028957,3.194400326265,7.5));
#4347 = CARTESIAN_POINT('',(-4.450543028957,3.194400326265,
    7.659320122454));
#4348 = CARTESIAN_POINT('',(-4.407264038349,3.244406621113,
    7.815042888863));
#4349 = CARTESIAN_POINT('',(-4.260794911024,3.413642970301,
    8.036066132381));
#4350 = CARTESIAN_POINT('',(-4.157563388792,3.53292084314,8.1));
#4351 = CARTESIAN_POINT('',(-4.054577264153,3.651915173681,8.1));
#4352 = ORIENTED_EDGE('',*,*,#3112,.F.);
#4353 = ORIENTED_EDGE('',*,*,#4354,.F.);
#4354 = EDGE_CURVE('',#3246,#3105,#4355,.T.);
#4355 = B_SPLINE_CURVE_WITH_KNOTS('',3,(#4356,#4357,#4358,#4359,#4360,
    #4361),.UNSPECIFIED.,.F.,.F.,(4,2,4),(9.59569847284E-04,
    1.432651445916E-03,1.905733044549E-03),.UNSPECIFIED.);
#4356 = CARTESIAN_POINT('',(-3.093619066155,3.668542229496,8.1));
#4357 = CARTESIAN_POINT('',(-2.985579254261,3.55210554103,8.1));
#4358 = CARTESIAN_POINT('',(-2.879430612222,3.437707004532,
    8.036267932874));
#4359 = CARTESIAN_POINT('',(-2.726934122469,3.27335845599,7.814894995536
    ));
#4360 = CARTESIAN_POINT('',(-2.682062682507,3.224999598415,7.65921052169
    ));
#4361 = CARTESIAN_POINT('',(-2.682062682509,3.224999598417,7.5));
#4362 = ORIENTED_EDGE('',*,*,#3245,.F.);
#4363 = TOROIDAL_SURFACE('',#4364,0.9,0.6);
#4364 = AXIS2_PLACEMENT_3D('',#4365,#4366,#4367);
#4365 = CARTESIAN_POINT('',(-3.587262886231,4.421081782542,7.5));
#4366 = DIRECTION('',(0.,0.,1.));
#4367 = DIRECTION('',(1.,0.,-0.));
#4368 = ADVANCED_FACE('',(#4369),#4431,.F.);
#4369 = FACE_BOUND('',#4370,.T.);
#4370 = EDGE_LOOP('',(#4371,#4379,#4385,#4386,#4394,#4400,#4401,#4409,
    #4415,#4416,#4424,#4430));
#4371 = ORIENTED_EDGE('',*,*,#4372,.T.);
#4372 = EDGE_CURVE('',#2598,#4373,#4375,.T.);
#4373 = VERTEX_POINT('',#4374);
#4374 = CARTESIAN_POINT('',(-3.788655620328,4.417597168709,-3.9));
#4375 = LINE('',#4376,#4377);
#4376 = CARTESIAN_POINT('',(-5.649247155786,6.422794263917,-3.9));
#4377 = VECTOR('',#4378,1.);
#4378 = DIRECTION('',(0.680180699455,-0.733044484386,0.));
#4379 = ORIENTED_EDGE('',*,*,#4380,.F.);
#4380 = EDGE_CURVE('',#3130,#4373,#4381,.T.);
#4381 = LINE('',#4382,#4383);
#4382 = CARTESIAN_POINT('',(-5.652710945533,2.263792311088,-3.9));
#4383 = VECTOR('',#4384,1.);
#4384 = DIRECTION('',(0.654414028229,0.756136416037,0.));
#4385 = ORIENTED_EDGE('',*,*,#3129,.F.);
#4386 = ORIENTED_EDGE('',*,*,#4387,.T.);
#4387 = EDGE_CURVE('',#3122,#4388,#4390,.T.);
#4388 = VERTEX_POINT('',#4389);
#4389 = CARTESIAN_POINT('',(-3.583374649406,4.196361718181,-3.9));
#4390 = LINE('',#4391,#4392);
#4391 = CARTESIAN_POINT('',(-5.425870020722,2.067468102619,-3.9));
#4392 = VECTOR('',#4393,1.);
#4393 = DIRECTION('',(0.654414028229,0.756136416037,0.));
#4394 = ORIENTED_EDGE('',*,*,#4395,.T.);
#4395 = EDGE_CURVE('',#4388,#3096,#4396,.T.);
#4396 = LINE('',#4397,#4398);
#4397 = CARTESIAN_POINT('',(-5.649247155786,6.422794263917,-3.9));
#4398 = VECTOR('',#4399,1.);
#4399 = DIRECTION('',(0.680180699455,-0.733044484386,0.));
#4400 = ORIENTED_EDGE('',*,*,#3095,.F.);
#4401 = ORIENTED_EDGE('',*,*,#4402,.F.);
#4402 = EDGE_CURVE('',#4403,#3088,#4405,.T.);
#4403 = VERTEX_POINT('',#4404);
#4404 = CARTESIAN_POINT('',(-3.385870152134,4.424566396376,-3.9));
#4405 = LINE('',#4406,#4407);
#4406 = CARTESIAN_POINT('',(-5.42933381047,6.626848473753,-3.9));
#4407 = VECTOR('',#4408,1.);
#4408 = DIRECTION('',(0.680180699455,-0.733044484386,0.));
#4409 = ORIENTED_EDGE('',*,*,#4410,.T.);
#4410 = EDGE_CURVE('',#4403,#2640,#4411,.T.);
#4411 = LINE('',#4412,#4413);
#4412 = CARTESIAN_POINT('',(-5.425870020722,2.067468102619,-3.9));
#4413 = VECTOR('',#4414,1.);
#4414 = DIRECTION('',(0.654414028229,0.756136416037,0.));
#4415 = ORIENTED_EDGE('',*,*,#2639,.F.);
#4416 = ORIENTED_EDGE('',*,*,#4417,.F.);
#4417 = EDGE_CURVE('',#4418,#2632,#4420,.T.);
#4418 = VERTEX_POINT('',#4419);
#4419 = CARTESIAN_POINT('',(-3.591151123056,4.645801846903,-3.9));
#4420 = LINE('',#4421,#4422);
#4421 = CARTESIAN_POINT('',(-5.652710945533,2.263792311088,-3.9));
#4422 = VECTOR('',#4423,1.);
#4423 = DIRECTION('',(0.654414028229,0.756136416037,0.));
#4424 = ORIENTED_EDGE('',*,*,#4425,.F.);
#4425 = EDGE_CURVE('',#2606,#4418,#4426,.T.);
#4426 = LINE('',#4427,#4428);
#4427 = CARTESIAN_POINT('',(-5.42933381047,6.626848473753,-3.9));
#4428 = VECTOR('',#4429,1.);
#4429 = DIRECTION('',(0.680180699455,-0.733044484386,0.));
#4430 = ORIENTED_EDGE('',*,*,#2605,.F.);
#4431 = PLANE('',#4432);
#4432 = AXIS2_PLACEMENT_3D('',#4433,#4434,#4435);
#4433 = CARTESIAN_POINT('',(0.,0.,-3.9));
#4434 = DIRECTION('',(0.,0.,-1.));
#4435 = DIRECTION('',(-1.,0.,-0.));
#4436 = ADVANCED_FACE('',(#4437),#4449,.F.);
#4437 = FACE_BOUND('',#4438,.T.);
#4438 = EDGE_LOOP('',(#4439,#4440,#4446,#4447,#4448));
#4439 = ORIENTED_EDGE('',*,*,#4410,.F.);
#4440 = ORIENTED_EDGE('',*,*,#4441,.F.);
#4441 = EDGE_CURVE('',#4270,#4403,#4442,.T.);
#4442 = LINE('',#4443,#4444);
#4443 = CARTESIAN_POINT('',(-3.385870152134,4.424566396376,-3.9));
#4444 = VECTOR('',#4445,1.);
#4445 = DIRECTION('',(0.,0.,-1.));
#4446 = ORIENTED_EDGE('',*,*,#4269,.T.);
#4447 = ORIENTED_EDGE('',*,*,#3327,.T.);
#4448 = ORIENTED_EDGE('',*,*,#2648,.F.);
#4449 = PLANE('',#4450);
#4450 = AXIS2_PLACEMENT_3D('',#4451,#4452,#4453);
#4451 = CARTESIAN_POINT('',(-5.425870020722,2.067468102619,-3.9));
#4452 = DIRECTION('',(0.756136416037,-0.654414028229,0.));
#4453 = DIRECTION('',(0.654414028229,0.756136416037,0.));
#4454 = ADVANCED_FACE('',(#4455),#4467,.T.);
#4455 = FACE_BOUND('',#4456,.T.);
#4456 = EDGE_LOOP('',(#4457,#4458,#4459,#4460,#4466));
#4457 = ORIENTED_EDGE('',*,*,#2631,.T.);
#4458 = ORIENTED_EDGE('',*,*,#3269,.F.);
#4459 = ORIENTED_EDGE('',*,*,#3179,.F.);
#4460 = ORIENTED_EDGE('',*,*,#4461,.T.);
#4461 = EDGE_CURVE('',#3172,#4418,#4462,.T.);
#4462 = LINE('',#4463,#4464);
#4463 = CARTESIAN_POINT('',(-3.591151123056,4.645801846903,-3.9));
#4464 = VECTOR('',#4465,1.);
#4465 = DIRECTION('',(0.,0.,-1.));
#4466 = ORIENTED_EDGE('',*,*,#4417,.T.);
#4467 = PLANE('',#4468);
#4468 = AXIS2_PLACEMENT_3D('',#4469,#4470,#4471);
#4469 = CARTESIAN_POINT('',(-5.652710945533,2.263792311088,-3.9));
#4470 = DIRECTION('',(0.756136416037,-0.654414028229,0.));
#4471 = DIRECTION('',(0.654414028229,0.756136416037,0.));
#4472 = ADVANCED_FACE('',(#4473),#4485,.F.);
#4473 = FACE_BOUND('',#4474,.T.);
#4474 = EDGE_LOOP('',(#4475,#4476,#4477,#4483,#4484));
#4475 = ORIENTED_EDGE('',*,*,#4344,.T.);
#4476 = ORIENTED_EDGE('',*,*,#3235,.T.);
#4477 = ORIENTED_EDGE('',*,*,#4478,.T.);
#4478 = EDGE_CURVE('',#3238,#4388,#4479,.T.);
#4479 = LINE('',#4480,#4481);
#4480 = CARTESIAN_POINT('',(-3.583374649406,4.196361718181,-3.9));
#4481 = VECTOR('',#4482,1.);
#4482 = DIRECTION('',(0.,0.,-1.));
#4483 = ORIENTED_EDGE('',*,*,#4387,.F.);
#4484 = ORIENTED_EDGE('',*,*,#3121,.F.);
#4485 = PLANE('',#4486);
#4486 = AXIS2_PLACEMENT_3D('',#4487,#4488,#4489);
#4487 = CARTESIAN_POINT('',(-5.425870020722,2.067468102619,-3.9));
#4488 = DIRECTION('',(0.756136416037,-0.654414028229,0.));
#4489 = DIRECTION('',(0.654414028229,0.756136416037,0.));
#4490 = ADVANCED_FACE('',(#4491),#4503,.T.);
#4491 = FACE_BOUND('',#4492,.T.);
#4492 = EDGE_LOOP('',(#4493,#4494,#4495,#4501,#4502));
#4493 = ORIENTED_EDGE('',*,*,#3138,.T.);
#4494 = ORIENTED_EDGE('',*,*,#4380,.T.);
#4495 = ORIENTED_EDGE('',*,*,#4496,.F.);
#4496 = EDGE_CURVE('',#3214,#4373,#4497,.T.);
#4497 = LINE('',#4498,#4499);
#4498 = CARTESIAN_POINT('',(-3.788655620328,4.417597168709,-3.9));
#4499 = VECTOR('',#4500,1.);
#4500 = DIRECTION('',(0.,0.,-1.));
#4501 = ORIENTED_EDGE('',*,*,#3213,.F.);
#4502 = ORIENTED_EDGE('',*,*,#3297,.F.);
#4503 = PLANE('',#4504);
#4504 = AXIS2_PLACEMENT_3D('',#4505,#4506,#4507);
#4505 = CARTESIAN_POINT('',(-5.652710945533,2.263792311088,-3.9));
#4506 = DIRECTION('',(0.756136416037,-0.654414028229,0.));
#4507 = DIRECTION('',(0.654414028229,0.756136416037,0.));
#4508 = ADVANCED_FACE('',(#4509),#4516,.T.);
#4509 = FACE_BOUND('',#4510,.T.);
#4510 = EDGE_LOOP('',(#4511,#4512,#4513,#4514,#4515));
#4511 = ORIENTED_EDGE('',*,*,#2614,.T.);
#4512 = ORIENTED_EDGE('',*,*,#4425,.T.);
#4513 = ORIENTED_EDGE('',*,*,#4461,.F.);
#4514 = ORIENTED_EDGE('',*,*,#3169,.F.);
#4515 = ORIENTED_EDGE('',*,*,#3279,.F.);
#4516 = PLANE('',#4517);
#4517 = AXIS2_PLACEMENT_3D('',#4518,#4519,#4520);
#4518 = CARTESIAN_POINT('',(-5.42933381047,6.626848473753,-3.9));
#4519 = DIRECTION('',(-0.733044484386,-0.680180699455,0.));
#4520 = DIRECTION('',(0.680180699455,-0.733044484386,0.));
#4521 = ADVANCED_FACE('',(#4522),#4529,.F.);
#4522 = FACE_BOUND('',#4523,.T.);
#4523 = EDGE_LOOP('',(#4524,#4525,#4526,#4527,#4528));
#4524 = ORIENTED_EDGE('',*,*,#3307,.T.);
#4525 = ORIENTED_EDGE('',*,*,#3221,.T.);
#4526 = ORIENTED_EDGE('',*,*,#4496,.T.);
#4527 = ORIENTED_EDGE('',*,*,#4372,.F.);
#4528 = ORIENTED_EDGE('',*,*,#2597,.F.);
#4529 = PLANE('',#4530);
#4530 = AXIS2_PLACEMENT_3D('',#4531,#4532,#4533);
#4531 = CARTESIAN_POINT('',(-5.649247155786,6.422794263917,-3.9));
#4532 = DIRECTION('',(-0.733044484386,-0.680180699455,0.));
#4533 = DIRECTION('',(0.680180699455,-0.733044484386,0.));
#4534 = ADVANCED_FACE('',(#4535),#4542,.F.);
#4535 = FACE_BOUND('',#4536,.T.);
#4536 = EDGE_LOOP('',(#4537,#4538,#4539,#4540,#4541));
#4537 = ORIENTED_EDGE('',*,*,#4395,.F.);
#4538 = ORIENTED_EDGE('',*,*,#4478,.F.);
#4539 = ORIENTED_EDGE('',*,*,#3254,.T.);
#4540 = ORIENTED_EDGE('',*,*,#4354,.T.);
#4541 = ORIENTED_EDGE('',*,*,#3104,.F.);
#4542 = PLANE('',#4543);
#4543 = AXIS2_PLACEMENT_3D('',#4544,#4545,#4546);
#4544 = CARTESIAN_POINT('',(-5.649247155786,6.422794263917,-3.9));
#4545 = DIRECTION('',(-0.733044484386,-0.680180699455,0.));
#4546 = DIRECTION('',(0.680180699455,-0.733044484386,0.));
#4547 = ADVANCED_FACE('',(#4548),#4555,.T.);
#4548 = FACE_BOUND('',#4549,.T.);
#4549 = EDGE_LOOP('',(#4550,#4551,#4552,#4553,#4554));
#4550 = ORIENTED_EDGE('',*,*,#3087,.T.);
#4551 = ORIENTED_EDGE('',*,*,#2537,.F.);
#4552 = ORIENTED_EDGE('',*,*,#4277,.F.);
#4553 = ORIENTED_EDGE('',*,*,#4441,.T.);
#4554 = ORIENTED_EDGE('',*,*,#4402,.T.);
#4555 = PLANE('',#4556);
#4556 = AXIS2_PLACEMENT_3D('',#4557,#4558,#4559);
#4557 = CARTESIAN_POINT('',(-5.42933381047,6.626848473753,-3.9));
#4558 = DIRECTION('',(-0.733044484386,-0.680180699455,0.));
#4559 = DIRECTION('',(0.680180699455,-0.733044484386,0.));
#4560 = ADVANCED_FACE('',(#4561),#4623,.F.);
#4561 = FACE_BOUND('',#4562,.T.);
#4562 = EDGE_LOOP('',(#4563,#4571,#4577,#4578,#4586,#4592,#4593,#4601,
    #4607,#4608,#4616,#4622));
#4563 = ORIENTED_EDGE('',*,*,#4564,.T.);
#4564 = EDGE_CURVE('',#2752,#4565,#4567,.T.);
#4565 = VERTEX_POINT('',#4566);
#4566 = CARTESIAN_POINT('',(3.418302800529,4.421081782542,-3.9));
#4567 = LINE('',#4568,#4569);
#4568 = CARTESIAN_POINT('',(1.837036617908,6.338354096265,-3.9));
#4569 = VECTOR('',#4570,1.);
#4570 = DIRECTION('',(0.636267192878,-0.771468767525,0.));
#4571 = ORIENTED_EDGE('',*,*,#4572,.F.);
#4572 = EDGE_CURVE('',#2861,#4565,#4573,.T.);
#4573 = LINE('',#4574,#4575);
#4574 = CARTESIAN_POINT('',(1.837036617908,2.503809468819,-3.9));
#4575 = VECTOR('',#4576,1.);
#4576 = DIRECTION('',(0.636267192878,0.771468767525,0.));
#4577 = ORIENTED_EDGE('',*,*,#2860,.F.);
#4578 = ORIENTED_EDGE('',*,*,#4579,.T.);
#4579 = EDGE_CURVE('',#2853,#4580,#4582,.T.);
#4580 = VERTEX_POINT('',#4581);
#4581 = CARTESIAN_POINT('',(3.612737113769,4.185331767959,-3.9));
#4582 = LINE('',#4583,#4584);
#4583 = CARTESIAN_POINT('',(2.068477248165,2.312929310956,-3.9));
#4584 = VECTOR('',#4585,1.);
#4585 = DIRECTION('',(0.636267192878,0.771468767525,0.));
#4586 = ORIENTED_EDGE('',*,*,#4587,.T.);
#4587 = EDGE_CURVE('',#4580,#2827,#4588,.T.);
#4588 = LINE('',#4589,#4590);
#4589 = CARTESIAN_POINT('',(1.837036617908,6.338354096265,-3.9));
#4590 = VECTOR('',#4591,1.);
#4591 = DIRECTION('',(0.636267192878,-0.771468767525,0.));
#4592 = ORIENTED_EDGE('',*,*,#2826,.F.);
#4593 = ORIENTED_EDGE('',*,*,#4594,.F.);
#4594 = EDGE_CURVE('',#4595,#2819,#4597,.T.);
#4595 = VERTEX_POINT('',#4596);
#4596 = CARTESIAN_POINT('',(3.807171427009,4.421081782542,-3.9));
#4597 = LINE('',#4598,#4599);
#4598 = CARTESIAN_POINT('',(2.068477248165,6.529234254129,-3.9));
#4599 = VECTOR('',#4600,1.);
#4600 = DIRECTION('',(0.636267192878,-0.771468767525,0.));
#4601 = ORIENTED_EDGE('',*,*,#4602,.T.);
#4602 = EDGE_CURVE('',#4595,#2794,#4603,.T.);
#4603 = LINE('',#4604,#4605);
#4604 = CARTESIAN_POINT('',(2.068477248165,2.312929310956,-3.9));
#4605 = VECTOR('',#4606,1.);
#4606 = DIRECTION('',(0.636267192878,0.771468767525,0.));
#4607 = ORIENTED_EDGE('',*,*,#2793,.F.);
#4608 = ORIENTED_EDGE('',*,*,#4609,.F.);
#4609 = EDGE_CURVE('',#4610,#2786,#4612,.T.);
#4610 = VERTEX_POINT('',#4611);
#4611 = CARTESIAN_POINT('',(3.612737113769,4.656831797126,-3.9));
#4612 = LINE('',#4613,#4614);
#4613 = CARTESIAN_POINT('',(1.837036617908,2.503809468819,-3.9));
#4614 = VECTOR('',#4615,1.);
#4615 = DIRECTION('',(0.636267192878,0.771468767525,0.));
#4616 = ORIENTED_EDGE('',*,*,#4617,.F.);
#4617 = EDGE_CURVE('',#2760,#4610,#4618,.T.);
#4618 = LINE('',#4619,#4620);
#4619 = CARTESIAN_POINT('',(2.068477248165,6.529234254129,-3.9));
#4620 = VECTOR('',#4621,1.);
#4621 = DIRECTION('',(0.636267192878,-0.771468767525,0.));
#4622 = ORIENTED_EDGE('',*,*,#2759,.F.);
#4623 = PLANE('',#4624);
#4624 = AXIS2_PLACEMENT_3D('',#4625,#4626,#4627);
#4625 = CARTESIAN_POINT('',(0.,0.,-3.9));
#4626 = DIRECTION('',(0.,0.,-1.));
#4627 = DIRECTION('',(-1.,0.,-0.));
#4628 = ADVANCED_FACE('',(#4629),#4641,.F.);
#4629 = FACE_BOUND('',#4630,.T.);
#4630 = EDGE_LOOP('',(#4631,#4632,#4633,#4639,#4640));
#4631 = ORIENTED_EDGE('',*,*,#3046,.T.);
#4632 = ORIENTED_EDGE('',*,*,#4293,.T.);
#4633 = ORIENTED_EDGE('',*,*,#4634,.F.);
#4634 = EDGE_CURVE('',#4565,#4294,#4635,.T.);
#4635 = LINE('',#4636,#4637);
#4636 = CARTESIAN_POINT('',(3.418302800529,4.421081782542,-3.9));
#4637 = VECTOR('',#4638,1.);
#4638 = DIRECTION('',(0.,0.,1.));
#4639 = ORIENTED_EDGE('',*,*,#4564,.F.);
#4640 = ORIENTED_EDGE('',*,*,#2751,.F.);
#4641 = PLANE('',#4642);
#4642 = AXIS2_PLACEMENT_3D('',#4643,#4644,#4645);
#4643 = CARTESIAN_POINT('',(1.837036617908,6.338354096265,-3.9));
#4644 = DIRECTION('',(-0.771468767525,-0.636267192878,0.));
#4645 = DIRECTION('',(0.636267192878,-0.771468767525,0.));
#4646 = ADVANCED_FACE('',(#4647),#4659,.T.);
#4647 = FACE_BOUND('',#4648,.T.);
#4648 = EDGE_LOOP('',(#4649,#4650,#4651,#4657,#4658));
#4649 = ORIENTED_EDGE('',*,*,#2768,.T.);
#4650 = ORIENTED_EDGE('',*,*,#4617,.T.);
#4651 = ORIENTED_EDGE('',*,*,#4652,.T.);
#4652 = EDGE_CURVE('',#4610,#2912,#4653,.T.);
#4653 = LINE('',#4654,#4655);
#4654 = CARTESIAN_POINT('',(3.612737113769,4.656831797126,-3.9));
#4655 = VECTOR('',#4656,1.);
#4656 = DIRECTION('',(0.,0.,1.));
#4657 = ORIENTED_EDGE('',*,*,#2911,.F.);
#4658 = ORIENTED_EDGE('',*,*,#2999,.F.);
#4659 = PLANE('',#4660);
#4660 = AXIS2_PLACEMENT_3D('',#4661,#4662,#4663);
#4661 = CARTESIAN_POINT('',(2.068477248165,6.529234254129,-3.9));
#4662 = DIRECTION('',(-0.771468767525,-0.636267192878,0.));
#4663 = DIRECTION('',(0.636267192878,-0.771468767525,0.));
#4664 = ADVANCED_FACE('',(#4665),#4677,.F.);
#4665 = FACE_BOUND('',#4666,.T.);
#4666 = EDGE_LOOP('',(#4667,#4668,#4674,#4675,#4676));
#4667 = ORIENTED_EDGE('',*,*,#4587,.F.);
#4668 = ORIENTED_EDGE('',*,*,#4669,.T.);
#4669 = EDGE_CURVE('',#4580,#2966,#4670,.T.);
#4670 = LINE('',#4671,#4672);
#4671 = CARTESIAN_POINT('',(3.612737113769,4.185331767959,-3.9));
#4672 = VECTOR('',#4673,1.);
#4673 = DIRECTION('',(0.,0.,1.));
#4674 = ORIENTED_EDGE('',*,*,#2965,.T.);
#4675 = ORIENTED_EDGE('',*,*,#4316,.T.);
#4676 = ORIENTED_EDGE('',*,*,#2835,.F.);
#4677 = PLANE('',#4678);
#4678 = AXIS2_PLACEMENT_3D('',#4679,#4680,#4681);
#4679 = CARTESIAN_POINT('',(1.837036617908,6.338354096265,-3.9));
#4680 = DIRECTION('',(-0.771468767525,-0.636267192878,0.));
#4681 = DIRECTION('',(0.636267192878,-0.771468767525,0.));
#4682 = ADVANCED_FACE('',(#4683),#4695,.T.);
#4683 = FACE_BOUND('',#4684,.T.);
#4684 = EDGE_LOOP('',(#4685,#4686,#4687,#4688,#4694));
#4685 = ORIENTED_EDGE('',*,*,#2818,.T.);
#4686 = ORIENTED_EDGE('',*,*,#2691,.F.);
#4687 = ORIENTED_EDGE('',*,*,#2943,.F.);
#4688 = ORIENTED_EDGE('',*,*,#4689,.F.);
#4689 = EDGE_CURVE('',#4595,#2934,#4690,.T.);
#4690 = LINE('',#4691,#4692);
#4691 = CARTESIAN_POINT('',(3.807171427009,4.421081782542,-3.9));
#4692 = VECTOR('',#4693,1.);
#4693 = DIRECTION('',(0.,0.,1.));
#4694 = ORIENTED_EDGE('',*,*,#4594,.T.);
#4695 = PLANE('',#4696);
#4696 = AXIS2_PLACEMENT_3D('',#4697,#4698,#4699);
#4697 = CARTESIAN_POINT('',(2.068477248165,6.529234254129,-3.9));
#4698 = DIRECTION('',(-0.771468767525,-0.636267192878,0.));
#4699 = DIRECTION('',(0.636267192878,-0.771468767525,0.));
#4700 = ADVANCED_FACE('',(#4701),#4708,.T.);
#4701 = FACE_BOUND('',#4702,.T.);
#4702 = EDGE_LOOP('',(#4703,#4704,#4705,#4706,#4707));
#4703 = ORIENTED_EDGE('',*,*,#2785,.T.);
#4704 = ORIENTED_EDGE('',*,*,#3009,.F.);
#4705 = ORIENTED_EDGE('',*,*,#2919,.F.);
#4706 = ORIENTED_EDGE('',*,*,#4652,.F.);
#4707 = ORIENTED_EDGE('',*,*,#4609,.T.);
#4708 = PLANE('',#4709);
#4709 = AXIS2_PLACEMENT_3D('',#4710,#4711,#4712);
#4710 = CARTESIAN_POINT('',(1.837036617908,2.503809468819,-3.9));
#4711 = DIRECTION('',(0.771468767525,-0.636267192878,0.));
#4712 = DIRECTION('',(0.636267192878,0.771468767525,0.));
#4713 = ADVANCED_FACE('',(#4714),#4721,.F.);
#4714 = FACE_BOUND('',#4715,.T.);
#4715 = EDGE_LOOP('',(#4716,#4717,#4718,#4719,#4720));
#4716 = ORIENTED_EDGE('',*,*,#4602,.F.);
#4717 = ORIENTED_EDGE('',*,*,#4689,.T.);
#4718 = ORIENTED_EDGE('',*,*,#2933,.T.);
#4719 = ORIENTED_EDGE('',*,*,#3028,.T.);
#4720 = ORIENTED_EDGE('',*,*,#2802,.F.);
#4721 = PLANE('',#4722);
#4722 = AXIS2_PLACEMENT_3D('',#4723,#4724,#4725);
#4723 = CARTESIAN_POINT('',(2.068477248165,2.312929310956,-3.9));
#4724 = DIRECTION('',(0.771468767525,-0.636267192878,0.));
#4725 = DIRECTION('',(0.636267192878,0.771468767525,0.));
#4726 = ADVANCED_FACE('',(#4727),#4734,.F.);
#4727 = FACE_BOUND('',#4728,.T.);
#4728 = EDGE_LOOP('',(#4729,#4730,#4731,#4732,#4733));
#4729 = ORIENTED_EDGE('',*,*,#4326,.T.);
#4730 = ORIENTED_EDGE('',*,*,#2975,.T.);
#4731 = ORIENTED_EDGE('',*,*,#4669,.F.);
#4732 = ORIENTED_EDGE('',*,*,#4579,.F.);
#4733 = ORIENTED_EDGE('',*,*,#2852,.F.);
#4734 = PLANE('',#4735);
#4735 = AXIS2_PLACEMENT_3D('',#4736,#4737,#4738);
#4736 = CARTESIAN_POINT('',(2.068477248165,2.312929310956,-3.9));
#4737 = DIRECTION('',(0.771468767525,-0.636267192878,0.));
#4738 = DIRECTION('',(0.636267192878,0.771468767525,0.));
#4739 = ADVANCED_FACE('',(#4740),#4747,.T.);
#4740 = FACE_BOUND('',#4741,.T.);
#4741 = EDGE_LOOP('',(#4742,#4743,#4744,#4745,#4746));
#4742 = ORIENTED_EDGE('',*,*,#2869,.T.);
#4743 = ORIENTED_EDGE('',*,*,#4572,.T.);
#4744 = ORIENTED_EDGE('',*,*,#4634,.T.);
#4745 = ORIENTED_EDGE('',*,*,#4302,.F.);
#4746 = ORIENTED_EDGE('',*,*,#3059,.F.);
#4747 = PLANE('',#4748);
#4748 = AXIS2_PLACEMENT_3D('',#4749,#4750,#4751);
#4749 = CARTESIAN_POINT('',(1.837036617908,2.503809468819,-3.9));
#4750 = DIRECTION('',(0.771468767525,-0.636267192878,0.));
#4751 = DIRECTION('',(0.636267192878,0.771468767525,0.));
#4752 = ( GEOMETRIC_REPRESENTATION_CONTEXT(3) 
GLOBAL_UNCERTAINTY_ASSIGNED_CONTEXT((#4756)) 
GLOBAL_UNIT_ASSIGNED_CONTEXT((#4753,#4754,#4755)) REPRESENTATION_CONTEXT
('Context #1','3D Context with UNIT and UNCERTAINTY') );
#4753 = ( LENGTH_UNIT() NAMED_UNIT(*) SI_UNIT(.MILLI.,.METRE.) );
#4754 = ( NAMED_UNIT(*) PLANE_ANGLE_UNIT() SI_UNIT($,.RADIAN.) );
#4755 = ( NAMED_UNIT(*) SI_UNIT($,.STERADIAN.) SOLID_ANGLE_UNIT() );
#4756 = UNCERTAINTY_MEASURE_WITH_UNIT(LENGTH_MEASURE(2.E-04),#4753,
  'distance_accuracy_value','confusion accuracy');
#4757 = CONTEXT_DEPENDENT_SHAPE_REPRESENTATION(#4758,#4760);
#4758 = ( REPRESENTATION_RELATIONSHIP('','',#2349,#10) 
REPRESENTATION_RELATIONSHIP_WITH_TRANSFORMATION(#4759) 
SHAPE_REPRESENTATION_RELATIONSHIP() );
#4759 = ITEM_DEFINED_TRANSFORMATION('','',#11,#23);
#4760 = PRODUCT_DEFINITION_SHAPE('Placement','Placement of an item',
  #4761);
#4761 = NEXT_ASSEMBLY_USAGE_OCCURRENCE('9','Designator1','',#5,#2344,$);
#4762 = PRODUCT_RELATED_PRODUCT_CATEGORY('part',$,(#2346));
#4763 = CONTEXT_DEPENDENT_SHAPE_REPRESENTATION(#4764,#4766);
#4764 = ( REPRESENTATION_RELATIONSHIP('','',#1182,#10) 
REPRESENTATION_RELATIONSHIP_WITH_TRANSFORMATION(#4765) 
SHAPE_REPRESENTATION_RELATIONSHIP() );
#4765 = ITEM_DEFINED_TRANSFORMATION('','',#11,#27);
#4766 = PRODUCT_DEFINITION_SHAPE('Placement','Placement of an item',
  #4767);
#4767 = NEXT_ASSEMBLY_USAGE_OCCURRENCE('10','C19','',#5,#1177,$);
#4768 = SHAPE_DEFINITION_REPRESENTATION(#4769,#4775);
#4769 = PRODUCT_DEFINITION_SHAPE('','',#4770);
#4770 = PRODUCT_DEFINITION('design','',#4771,#4774);
#4771 = PRODUCT_DEFINITION_FORMATION('','',#4772);
#4772 = PRODUCT('zjunlict-booster-board-mechanical_PCB',
  'zjunlict-booster-board-mechanical_PCB','',(#4773));
#4773 = PRODUCT_CONTEXT('',#2,'mechanical');
#4774 = PRODUCT_DEFINITION_CONTEXT('part definition',#2,'design');
#4775 = ADVANCED_BREP_SHAPE_REPRESENTATION('',(#11,#4776),#7901);
#4776 = MANIFOLD_SOLID_BREP('',#4777);
#4777 = CLOSED_SHELL('',(#4778,#4820,#4851,#4882,#5697,#6512,#6529,#6546
    ,#6563,#6580,#6597,#6614,#6631,#6648,#6665,#6682,#6699,#6716,#6733,
    #6750,#6767,#6784,#6801,#6818,#6835,#6852,#6869,#6886,#6903,#6920,
    #6937,#6954,#6971,#6988,#7005,#7022,#7039,#7056,#7073,#7090,#7102,
    #7119,#7136,#7153,#7170,#7187,#7204,#7221,#7238,#7255,#7272,#7289,
    #7306,#7323,#7340,#7357,#7374,#7391,#7408,#7425,#7442,#7459,#7476,
    #7493,#7510,#7527,#7544,#7561,#7578,#7595,#7612,#7629,#7646,#7663,
    #7680,#7697,#7714,#7731,#7748,#7765,#7782,#7799,#7816,#7833,#7850,
    #7867,#7884));
#4778 = ADVANCED_FACE('',(#4779),#4815,.T.);
#4779 = FACE_BOUND('',#4780,.T.);
#4780 = EDGE_LOOP('',(#4781,#4791,#4800,#4808));
#4781 = ORIENTED_EDGE('',*,*,#4782,.T.);
#4782 = EDGE_CURVE('',#4783,#4785,#4787,.T.);
#4783 = VERTEX_POINT('',#4784);
#4784 = CARTESIAN_POINT('',(213.3981,-40.4096,0.));
#4785 = VERTEX_POINT('',#4786);
#4786 = CARTESIAN_POINT('',(213.3981,-40.4096,0.32116));
#4787 = LINE('',#4788,#4789);
#4788 = CARTESIAN_POINT('',(213.3981,-40.4096,0.));
#4789 = VECTOR('',#4790,1.);
#4790 = DIRECTION('',(0.,0.,1.));
#4791 = ORIENTED_EDGE('',*,*,#4792,.T.);
#4792 = EDGE_CURVE('',#4785,#4793,#4795,.T.);
#4793 = VERTEX_POINT('',#4794);
#4794 = CARTESIAN_POINT('',(216.4461,-43.4576,0.32116));
#4795 = CIRCLE('',#4796,3.048001601461);
#4796 = AXIS2_PLACEMENT_3D('',#4797,#4798,#4799);
#4797 = CARTESIAN_POINT('',(213.39809839854,-43.45760160146,0.32116));
#4798 = DIRECTION('',(0.,0.,-1.));
#4799 = DIRECTION('',(5.254132540638E-07,1.,0.));
#4800 = ORIENTED_EDGE('',*,*,#4801,.F.);
#4801 = EDGE_CURVE('',#4802,#4793,#4804,.T.);
#4802 = VERTEX_POINT('',#4803);
#4803 = CARTESIAN_POINT('',(216.4461,-43.4576,0.));
#4804 = LINE('',#4805,#4806);
#4805 = CARTESIAN_POINT('',(216.4461,-43.4576,0.));
#4806 = VECTOR('',#4807,1.);
#4807 = DIRECTION('',(0.,0.,1.));
#4808 = ORIENTED_EDGE('',*,*,#4809,.F.);
#4809 = EDGE_CURVE('',#4783,#4802,#4810,.T.);
#4810 = CIRCLE('',#4811,3.048001601461);
#4811 = AXIS2_PLACEMENT_3D('',#4812,#4813,#4814);
#4812 = CARTESIAN_POINT('',(213.39809839854,-43.45760160146,0.));
#4813 = DIRECTION('',(0.,0.,-1.));
#4814 = DIRECTION('',(5.254132540638E-07,1.,0.));
#4815 = CYLINDRICAL_SURFACE('',#4816,3.048001601461);
#4816 = AXIS2_PLACEMENT_3D('',#4817,#4818,#4819);
#4817 = CARTESIAN_POINT('',(213.39809839854,-43.45760160146,0.));
#4818 = DIRECTION('',(0.,0.,-1.));
#4819 = DIRECTION('',(5.254132540638E-07,1.,0.));
#4820 = ADVANCED_FACE('',(#4821),#4846,.T.);
#4821 = FACE_BOUND('',#4822,.T.);
#4822 = EDGE_LOOP('',(#4823,#4833,#4839,#4840));
#4823 = ORIENTED_EDGE('',*,*,#4824,.T.);
#4824 = EDGE_CURVE('',#4825,#4827,#4829,.T.);
#4825 = VERTEX_POINT('',#4826);
#4826 = CARTESIAN_POINT('',(74.917303,-40.42444,0.));
#4827 = VERTEX_POINT('',#4828);
#4828 = CARTESIAN_POINT('',(74.917303,-40.42444,0.32116));
#4829 = LINE('',#4830,#4831);
#4830 = CARTESIAN_POINT('',(74.917303,-40.42444,0.));
#4831 = VECTOR('',#4832,1.);
#4832 = DIRECTION('',(0.,0.,1.));
#4833 = ORIENTED_EDGE('',*,*,#4834,.T.);
#4834 = EDGE_CURVE('',#4827,#4785,#4835,.T.);
#4835 = LINE('',#4836,#4837);
#4836 = CARTESIAN_POINT('',(74.917303,-40.42444,0.32116));
#4837 = VECTOR('',#4838,1.);
#4838 = DIRECTION('',(0.999999994258,1.07162871938E-04,0.));
#4839 = ORIENTED_EDGE('',*,*,#4782,.F.);
#4840 = ORIENTED_EDGE('',*,*,#4841,.F.);
#4841 = EDGE_CURVE('',#4825,#4783,#4842,.T.);
#4842 = LINE('',#4843,#4844);
#4843 = CARTESIAN_POINT('',(74.917303,-40.42444,0.));
#4844 = VECTOR('',#4845,1.);
#4845 = DIRECTION('',(0.999999994258,1.07162871938E-04,0.));
#4846 = PLANE('',#4847);
#4847 = AXIS2_PLACEMENT_3D('',#4848,#4849,#4850);
#4848 = CARTESIAN_POINT('',(74.917303,-40.42444,0.));
#4849 = DIRECTION('',(-1.07162871938E-04,0.999999994258,0.));
#4850 = DIRECTION('',(0.999999994258,1.07162871938E-04,0.));
#4851 = ADVANCED_FACE('',(#4852),#4877,.T.);
#4852 = FACE_BOUND('',#4853,.T.);
#4853 = EDGE_LOOP('',(#4854,#4855,#4863,#4871));
#4854 = ORIENTED_EDGE('',*,*,#4801,.T.);
#4855 = ORIENTED_EDGE('',*,*,#4856,.T.);
#4856 = EDGE_CURVE('',#4793,#4857,#4859,.T.);
#4857 = VERTEX_POINT('',#4858);
#4858 = CARTESIAN_POINT('',(216.48133,-70.32282,0.32116));
#4859 = LINE('',#4860,#4861);
#4860 = CARTESIAN_POINT('',(216.4461,-43.4576,0.32116));
#4861 = VECTOR('',#4862,1.);
#4862 = DIRECTION('',(1.311359806773E-03,-0.999999140167,0.));
#4863 = ORIENTED_EDGE('',*,*,#4864,.F.);
#4864 = EDGE_CURVE('',#4865,#4857,#4867,.T.);
#4865 = VERTEX_POINT('',#4866);
#4866 = CARTESIAN_POINT('',(216.48133,-70.32282,0.));
#4867 = LINE('',#4868,#4869);
#4868 = CARTESIAN_POINT('',(216.48133,-70.32282,0.));
#4869 = VECTOR('',#4870,1.);
#4870 = DIRECTION('',(0.,0.,1.));
#4871 = ORIENTED_EDGE('',*,*,#4872,.F.);
#4872 = EDGE_CURVE('',#4802,#4865,#4873,.T.);
#4873 = LINE('',#4874,#4875);
#4874 = CARTESIAN_POINT('',(216.4461,-43.4576,0.));
#4875 = VECTOR('',#4876,1.);
#4876 = DIRECTION('',(1.311359806773E-03,-0.999999140167,0.));
#4877 = PLANE('',#4878);
#4878 = AXIS2_PLACEMENT_3D('',#4879,#4880,#4881);
#4879 = CARTESIAN_POINT('',(216.4461,-43.4576,0.));
#4880 = DIRECTION('',(0.999999140167,1.311359806773E-03,-0.));
#4881 = DIRECTION('',(1.311359806773E-03,-0.999999140167,0.));
#4882 = ADVANCED_FACE('',(#4883,#5175,#5186,#5197,#5208,#5219,#5230,
    #5241,#5252,#5263,#5274,#5285,#5296,#5307,#5318,#5329,#5340,#5351,
    #5362,#5373,#5384,#5395,#5406,#5417,#5428,#5439,#5450,#5461,#5472,
    #5483,#5494,#5505,#5516,#5527,#5538,#5549,#5560,#5571,#5582,#5593,
    #5604,#5615,#5626,#5637,#5648,#5659,#5670,#5681),#5692,.F.);
#4883 = FACE_BOUND('',#4884,.F.);
#4884 = EDGE_LOOP('',(#4885,#4886,#4887,#4896,#4904,#4912,#4921,#4929,
    #4938,#4946,#4954,#4962,#4970,#4978,#4986,#4994,#5003,#5011,#5019,
    #5027,#5036,#5044,#5053,#5061,#5070,#5078,#5087,#5095,#5103,#5111,
    #5119,#5127,#5135,#5143,#5152,#5160,#5168,#5174));
#4885 = ORIENTED_EDGE('',*,*,#4809,.F.);
#4886 = ORIENTED_EDGE('',*,*,#4841,.F.);
#4887 = ORIENTED_EDGE('',*,*,#4888,.F.);
#4888 = EDGE_CURVE('',#4889,#4825,#4891,.T.);
#4889 = VERTEX_POINT('',#4890);
#4890 = CARTESIAN_POINT('',(71.85874,-43.483,0.));
#4891 = CIRCLE('',#4892,3.058560056902);
#4892 = AXIS2_PLACEMENT_3D('',#4893,#4894,#4895);
#4893 = CARTESIAN_POINT('',(74.917300056902,-43.4830000569,0.));
#4894 = DIRECTION('',(0.,0.,-1.));
#4895 = DIRECTION('',(-1.,1.860360892566E-08,0.));
#4896 = ORIENTED_EDGE('',*,*,#4897,.F.);
#4897 = EDGE_CURVE('',#4898,#4889,#4900,.T.);
#4898 = VERTEX_POINT('',#4899);
#4899 = CARTESIAN_POINT('',(71.9201,-70.4596,0.));
#4900 = LINE('',#4901,#4902);
#4901 = CARTESIAN_POINT('',(71.9201,-70.4596,0.));
#4902 = VECTOR('',#4903,1.);
#4903 = DIRECTION('',(-2.274557997425E-03,0.99999741319,0.));
#4904 = ORIENTED_EDGE('',*,*,#4905,.F.);
#4905 = EDGE_CURVE('',#4906,#4898,#4908,.T.);
#4906 = VERTEX_POINT('',#4907);
#4907 = CARTESIAN_POINT('',(70.276839,-72.10285,0.));
#4908 = LINE('',#4909,#4910);
#4909 = CARTESIAN_POINT('',(70.276839,-72.10285,0.));
#4910 = VECTOR('',#4911,1.);
#4911 = DIRECTION('',(0.707109147879,0.707104414486,0.));
#4912 = ORIENTED_EDGE('',*,*,#4913,.F.);
#4913 = EDGE_CURVE('',#4914,#4906,#4916,.T.);
#4914 = VERTEX_POINT('',#4915);
#4915 = CARTESIAN_POINT('',(69.844011,-73.507511,0.));
#4916 = CIRCLE('',#4917,2.087688515566);
#4917 = AXIS2_PLACEMENT_3D('',#4918,#4919,#4920);
#4918 = CARTESIAN_POINT('',(71.927838451003,-73.38059964324,0.));
#4919 = DIRECTION('',(0.,0.,-1.));
#4920 = DIRECTION('',(-0.998150555251,-6.079036973578E-02,-0.));
#4921 = ORIENTED_EDGE('',*,*,#4922,.F.);
#4922 = EDGE_CURVE('',#4923,#4914,#4925,.T.);
#4923 = VERTEX_POINT('',#4924);
#4924 = CARTESIAN_POINT('',(69.844022,-106.095799,0.));
#4925 = LINE('',#4926,#4927);
#4926 = CARTESIAN_POINT('',(69.844022,-106.095799,0.));
#4927 = VECTOR('',#4928,1.);
#4928 = DIRECTION('',(-3.375445804532E-07,1.,0.));
#4929 = ORIENTED_EDGE('',*,*,#4930,.F.);
#4930 = EDGE_CURVE('',#4931,#4923,#4933,.T.);
#4931 = VERTEX_POINT('',#4932);
#4932 = CARTESIAN_POINT('',(70.932093,-108.272396,0.));
#4933 = CIRCLE('',#4934,3.074981939787);
#4934 = AXIS2_PLACEMENT_3D('',#4935,#4936,#4937);
#4935 = CARTESIAN_POINT('',(72.914052356937,-105.9213640909,0.));
#4936 = DIRECTION('',(0.,0.,-1.));
#4937 = DIRECTION('',(-0.64454341383,-0.764567712952,-0.));
#4938 = ORIENTED_EDGE('',*,*,#4939,.F.);
#4939 = EDGE_CURVE('',#4940,#4931,#4942,.T.);
#4940 = VERTEX_POINT('',#4941);
#4941 = CARTESIAN_POINT('',(74.2061,-111.6076,0.));
#4942 = LINE('',#4943,#4944);
#4943 = CARTESIAN_POINT('',(74.2061,-111.6076,0.));
#4944 = VECTOR('',#4945,1.);
#4945 = DIRECTION('',(-0.700529402285,0.713623539784,0.));
#4946 = ORIENTED_EDGE('',*,*,#4947,.F.);
#4947 = EDGE_CURVE('',#4948,#4940,#4950,.T.);
#4948 = VERTEX_POINT('',#4949);
#4949 = CARTESIAN_POINT('',(74.2061,-112.3696,0.));
#4950 = LINE('',#4951,#4952);
#4951 = CARTESIAN_POINT('',(74.2061,-112.3696,0.));
#4952 = VECTOR('',#4953,1.);
#4953 = DIRECTION('',(0.,1.,0.));
#4954 = ORIENTED_EDGE('',*,*,#4955,.F.);
#4955 = EDGE_CURVE('',#4956,#4948,#4958,.T.);
#4956 = VERTEX_POINT('',#4957);
#4957 = CARTESIAN_POINT('',(74.2315,-117.3212,0.));
#4958 = LINE('',#4959,#4960);
#4959 = CARTESIAN_POINT('',(74.2315,-117.3212,0.));
#4960 = VECTOR('',#4961,1.);
#4961 = DIRECTION('',(-5.129587573088E-03,0.999986843579,0.));
#4962 = ORIENTED_EDGE('',*,*,#4963,.F.);
#4963 = EDGE_CURVE('',#4964,#4956,#4966,.T.);
#4964 = VERTEX_POINT('',#4965);
#4965 = CARTESIAN_POINT('',(88.0541,-117.3212,0.));
#4966 = LINE('',#4967,#4968);
#4967 = CARTESIAN_POINT('',(88.0541,-117.3212,0.));
#4968 = VECTOR('',#4969,1.);
#4969 = DIRECTION('',(-1.,0.,0.));
#4970 = ORIENTED_EDGE('',*,*,#4971,.F.);
#4971 = EDGE_CURVE('',#4972,#4964,#4974,.T.);
#4972 = VERTEX_POINT('',#4973);
#4973 = CARTESIAN_POINT('',(88.0541,-126.6712,0.));
#4974 = LINE('',#4975,#4976);
#4975 = CARTESIAN_POINT('',(88.0541,-126.6712,0.));
#4976 = VECTOR('',#4977,1.);
#4977 = DIRECTION('',(0.,1.,0.));
#4978 = ORIENTED_EDGE('',*,*,#4979,.F.);
#4979 = EDGE_CURVE('',#4980,#4972,#4982,.T.);
#4980 = VERTEX_POINT('',#4981);
#4981 = CARTESIAN_POINT('',(74.23386,-126.69895,0.));
#4982 = LINE('',#4983,#4984);
#4983 = CARTESIAN_POINT('',(74.23386,-126.69895,0.));
#4984 = VECTOR('',#4985,1.);
#4985 = DIRECTION('',(0.999997984125,2.0079205614E-03,0.));
#4986 = ORIENTED_EDGE('',*,*,#4987,.F.);
#4987 = EDGE_CURVE('',#4988,#4980,#4990,.T.);
#4988 = VERTEX_POINT('',#4989);
#4989 = CARTESIAN_POINT('',(74.233856,-131.92607,0.));
#4990 = LINE('',#4991,#4992);
#4991 = CARTESIAN_POINT('',(74.233856,-131.92607,0.));
#4992 = VECTOR('',#4993,1.);
#4993 = DIRECTION('',(7.652397504E-07,1.,0.));
#4994 = ORIENTED_EDGE('',*,*,#4995,.F.);
#4995 = EDGE_CURVE('',#4996,#4988,#4998,.T.);
#4996 = VERTEX_POINT('',#4997);
#4997 = CARTESIAN_POINT('',(75.1967,-133.299199,0.));
#4998 = CIRCLE('',#4999,1.58755009961);
#4999 = AXIS2_PLACEMENT_3D('',#5000,#5001,#5002);
#5000 = CARTESIAN_POINT('',(75.819000083749,-131.8386997961,0.));
#5001 = DIRECTION('',(0.,0.,-1.));
#5002 = DIRECTION('',(-0.391987682091,-0.919970465335,-0.));
#5003 = ORIENTED_EDGE('',*,*,#5004,.F.);
#5004 = EDGE_CURVE('',#5005,#4996,#5007,.T.);
#5005 = VERTEX_POINT('',#5006);
#5006 = CARTESIAN_POINT('',(112.12664,-154.48711,0.));
#5007 = LINE('',#5008,#5009);
#5008 = CARTESIAN_POINT('',(112.12664,-154.48711,0.));
#5009 = VECTOR('',#5010,1.);
#5010 = DIRECTION('',(-0.86738095035,0.497644739718,0.));
#5011 = ORIENTED_EDGE('',*,*,#5012,.F.);
#5012 = EDGE_CURVE('',#5013,#5005,#5015,.T.);
#5013 = VERTEX_POINT('',#5014);
#5014 = CARTESIAN_POINT('',(142.07504,-154.4401,0.));
#5015 = LINE('',#5016,#5017);
#5016 = CARTESIAN_POINT('',(142.07504,-154.4401,0.));
#5017 = VECTOR('',#5018,1.);
#5018 = DIRECTION('',(-0.999998768023,-1.569697949967E-03,0.));
#5019 = ORIENTED_EDGE('',*,*,#5020,.F.);
#5020 = EDGE_CURVE('',#5021,#5013,#5023,.T.);
#5021 = VERTEX_POINT('',#5022);
#5022 = CARTESIAN_POINT('',(155.4353,-154.457397,0.));
#5023 = LINE('',#5024,#5025);
#5024 = CARTESIAN_POINT('',(155.4353,-154.457397,0.));
#5025 = VECTOR('',#5026,1.);
#5026 = DIRECTION('',(-0.999999161928,1.294659348236E-03,0.));
#5027 = ORIENTED_EDGE('',*,*,#5028,.F.);
#5028 = EDGE_CURVE('',#5029,#5021,#5031,.T.);
#5029 = VERTEX_POINT('',#5030);
#5030 = CARTESIAN_POINT('',(156.197303,-155.2956,0.));
#5031 = CIRCLE('',#5032,0.801010464456);
#5032 = AXIS2_PLACEMENT_3D('',#5033,#5034,#5035);
#5033 = CARTESIAN_POINT('',(155.39719912239,-155.2575007978,0.));
#5034 = DIRECTION('',(0.,0.,1.));
#5035 = DIRECTION('',(0.998868195998,-4.756392564868E-02,0.));
#5036 = ORIENTED_EDGE('',*,*,#5037,.F.);
#5037 = EDGE_CURVE('',#5038,#5029,#5040,.T.);
#5038 = VERTEX_POINT('',#5039);
#5039 = CARTESIAN_POINT('',(156.197295,-168.787758,0.));
#5040 = LINE('',#5041,#5042);
#5041 = CARTESIAN_POINT('',(156.197295,-168.787758,0.));
#5042 = VECTOR('',#5043,1.);
#5043 = DIRECTION('',(5.929370237305E-07,1.,0.));
#5044 = ORIENTED_EDGE('',*,*,#5045,.F.);
#5045 = EDGE_CURVE('',#5046,#5038,#5048,.T.);
#5046 = VERTEX_POINT('',#5047);
#5047 = CARTESIAN_POINT('',(156.959298,-169.494205,0.));
#5048 = CIRCLE('',#5049,0.734751902884);
#5049 = AXIS2_PLACEMENT_3D('',#5050,#5051,#5052);
#5050 = CARTESIAN_POINT('',(156.93152156432,-168.7599783126,0.));
#5051 = DIRECTION('',(0.,0.,-1.));
#5052 = DIRECTION('',(3.780382951599E-02,-0.999285179753,0.));
#5053 = ORIENTED_EDGE('',*,*,#5054,.F.);
#5054 = EDGE_CURVE('',#5055,#5046,#5057,.T.);
#5055 = VERTEX_POINT('',#5056);
#5056 = CARTESIAN_POINT('',(174.028494,-169.479985,0.));
#5057 = LINE('',#5058,#5059);
#5058 = CARTESIAN_POINT('',(174.028494,-169.479985,0.));
#5059 = VECTOR('',#5060,1.);
#5060 = DIRECTION('',(-0.999999652989,-8.330793709032E-04,0.));
#5061 = ORIENTED_EDGE('',*,*,#5062,.F.);
#5062 = EDGE_CURVE('',#5063,#5055,#5065,.T.);
#5063 = VERTEX_POINT('',#5064);
#5064 = CARTESIAN_POINT('',(178.650901,-167.468143,0.));
#5065 = CIRCLE('',#5066,6.175521520598);
#5066 = AXIS2_PLACEMENT_3D('',#5067,#5068,#5069);
#5067 = CARTESIAN_POINT('',(174.0898292719,-163.3047680778,0.));
#5068 = DIRECTION('',(0.,0.,-1.));
#5069 = DIRECTION('',(0.738572720196,-0.674173818078,0.));
#5070 = ORIENTED_EDGE('',*,*,#5071,.F.);
#5071 = EDGE_CURVE('',#5072,#5063,#5074,.T.);
#5072 = VERTEX_POINT('',#5073);
#5073 = CARTESIAN_POINT('',(212.955778,-136.501631,0.));
#5074 = LINE('',#5075,#5076);
#5075 = CARTESIAN_POINT('',(212.955778,-136.501631,0.));
#5076 = VECTOR('',#5077,1.);
#5077 = DIRECTION('',(-0.742302143707,-0.670065315807,0.));
#5078 = ORIENTED_EDGE('',*,*,#5079,.F.);
#5079 = EDGE_CURVE('',#5080,#5072,#5082,.T.);
#5080 = VERTEX_POINT('',#5081);
#5081 = CARTESIAN_POINT('',(213.889596,-134.442198,0.));
#5082 = CIRCLE('',#5083,2.7476508872);
#5083 = AXIS2_PLACEMENT_3D('',#5084,#5085,#5086);
#5084 = CARTESIAN_POINT('',(211.14194871464,-134.4377490456,0.));
#5085 = DIRECTION('',(0.,0.,-1.));
#5086 = DIRECTION('',(0.99999868912,-1.619184727912E-03,0.));
#5087 = ORIENTED_EDGE('',*,*,#5088,.F.);
#5088 = EDGE_CURVE('',#5089,#5080,#5091,.T.);
#5089 = VERTEX_POINT('',#5090);
#5090 = CARTESIAN_POINT('',(213.8896,-127.68881,0.));
#5091 = LINE('',#5092,#5093);
#5092 = CARTESIAN_POINT('',(213.8896,-127.68881,0.));
#5093 = VECTOR('',#5094,1.);
#5094 = DIRECTION('',(-5.922953027281E-07,-1.,0.));
#5095 = ORIENTED_EDGE('',*,*,#5096,.F.);
#5096 = EDGE_CURVE('',#5097,#5089,#5099,.T.);
#5097 = VERTEX_POINT('',#5098);
#5098 = CARTESIAN_POINT('',(200.067,-127.68881,0.));
#5099 = LINE('',#5100,#5101);
#5100 = CARTESIAN_POINT('',(200.067,-127.68881,0.));
#5101 = VECTOR('',#5102,1.);
#5102 = DIRECTION('',(1.,0.,0.));
#5103 = ORIENTED_EDGE('',*,*,#5104,.F.);
#5104 = EDGE_CURVE('',#5105,#5097,#5107,.T.);
#5105 = VERTEX_POINT('',#5106);
#5106 = CARTESIAN_POINT('',(200.067,-118.33881,0.));
#5107 = LINE('',#5108,#5109);
#5108 = CARTESIAN_POINT('',(200.067,-118.33881,0.));
#5109 = VECTOR('',#5110,1.);
#5110 = DIRECTION('',(0.,-1.,0.));
#5111 = ORIENTED_EDGE('',*,*,#5112,.F.);
#5112 = EDGE_CURVE('',#5113,#5105,#5115,.T.);
#5113 = VERTEX_POINT('',#5114);
#5114 = CARTESIAN_POINT('',(213.91801,-118.3358,0.));
#5115 = LINE('',#5116,#5117);
#5116 = CARTESIAN_POINT('',(213.91801,-118.3358,0.));
#5117 = VECTOR('',#5118,1.);
#5118 = DIRECTION('',(-0.999999976388,-2.173126673734E-04,0.));
#5119 = ORIENTED_EDGE('',*,*,#5120,.F.);
#5120 = EDGE_CURVE('',#5121,#5113,#5123,.T.);
#5121 = VERTEX_POINT('',#5122);
#5122 = CARTESIAN_POINT('',(213.91801,-116.96976,0.));
#5123 = LINE('',#5124,#5125);
#5124 = CARTESIAN_POINT('',(213.91801,-116.96976,0.));
#5125 = VECTOR('',#5126,1.);
#5126 = DIRECTION('',(0.,-1.,0.));
#5127 = ORIENTED_EDGE('',*,*,#5128,.F.);
#5128 = EDGE_CURVE('',#5129,#5121,#5131,.T.);
#5129 = VERTEX_POINT('',#5130);
#5130 = CARTESIAN_POINT('',(213.89741,-110.60029,0.));
#5131 = LINE('',#5132,#5133);
#5132 = CARTESIAN_POINT('',(213.89741,-110.60029,0.));
#5133 = VECTOR('',#5134,1.);
#5134 = DIRECTION('',(3.234161125462E-03,-0.999994770087,0.));
#5135 = ORIENTED_EDGE('',*,*,#5136,.F.);
#5136 = EDGE_CURVE('',#5137,#5129,#5139,.T.);
#5137 = VERTEX_POINT('',#5138);
#5138 = CARTESIAN_POINT('',(214.952597,-109.589639,0.));
#5139 = LINE('',#5140,#5141);
#5140 = CARTESIAN_POINT('',(214.952597,-109.589639,0.));
#5141 = VECTOR('',#5142,1.);
#5142 = DIRECTION('',(-0.72218301475,-0.691702026314,0.));
#5143 = ORIENTED_EDGE('',*,*,#5144,.F.);
#5144 = EDGE_CURVE('',#5145,#5137,#5147,.T.);
#5145 = VERTEX_POINT('',#5146);
#5146 = CARTESIAN_POINT('',(217.081427,-107.629538,0.));
#5147 = CIRCLE('',#5148,3.75920122819);
#5148 = AXIS2_PLACEMENT_3D('',#5149,#5150,#5151);
#5149 = CARTESIAN_POINT('',(218.36715062425,-111.1620312605,0.));
#5150 = DIRECTION('',(0.,0.,1.));
#5151 = DIRECTION('',(-0.342020430992,0.939692516084,0.));
#5152 = ORIENTED_EDGE('',*,*,#5153,.F.);
#5153 = EDGE_CURVE('',#5154,#5145,#5156,.T.);
#5154 = VERTEX_POINT('',#5155);
#5155 = CARTESIAN_POINT('',(217.5481,-107.2516,0.));
#5156 = LINE('',#5157,#5158);
#5157 = CARTESIAN_POINT('',(217.5481,-107.2516,0.));
#5158 = VECTOR('',#5159,1.);
#5159 = DIRECTION('',(-0.777118550665,-0.629354239052,0.));
#5160 = ORIENTED_EDGE('',*,*,#5161,.F.);
#5161 = EDGE_CURVE('',#5162,#5154,#5164,.T.);
#5162 = VERTEX_POINT('',#5163);
#5163 = CARTESIAN_POINT('',(217.5481,-71.4756,0.));
#5164 = LINE('',#5165,#5166);
#5165 = CARTESIAN_POINT('',(217.5481,-71.4756,0.));
#5166 = VECTOR('',#5167,1.);
#5167 = DIRECTION('',(0.,-1.,0.));
#5168 = ORIENTED_EDGE('',*,*,#5169,.F.);
#5169 = EDGE_CURVE('',#4865,#5162,#5170,.T.);
#5170 = LINE('',#5171,#5172);
#5171 = CARTESIAN_POINT('',(216.48133,-70.32282,0.));
#5172 = VECTOR('',#5173,1.);
#5173 = DIRECTION('',(0.67919585176,-0.733957079775,0.));
#5174 = ORIENTED_EDGE('',*,*,#4872,.F.);
#5175 = FACE_BOUND('',#5176,.F.);
#5176 = EDGE_LOOP('',(#5177));
#5177 = ORIENTED_EDGE('',*,*,#5178,.T.);
#5178 = EDGE_CURVE('',#5179,#5179,#5181,.T.);
#5179 = VERTEX_POINT('',#5180);
#5180 = CARTESIAN_POINT('',(118.01995,-141.6868,0.));
#5181 = CIRCLE('',#5182,1.);
#5182 = AXIS2_PLACEMENT_3D('',#5183,#5184,#5185);
#5183 = CARTESIAN_POINT('',(118.01995,-140.6868,0.));
#5184 = DIRECTION('',(-0.,0.,-1.));
#5185 = DIRECTION('',(-0.,-1.,0.));
#5186 = FACE_BOUND('',#5187,.F.);
#5187 = EDGE_LOOP('',(#5188));
#5188 = ORIENTED_EDGE('',*,*,#5189,.T.);
#5189 = EDGE_CURVE('',#5190,#5190,#5192,.T.);
#5190 = VERTEX_POINT('',#5191);
#5191 = CARTESIAN_POINT('',(102.8065,-123.4196,0.));
#5192 = CIRCLE('',#5193,1.525);
#5193 = AXIS2_PLACEMENT_3D('',#5194,#5195,#5196);
#5194 = CARTESIAN_POINT('',(102.8065,-121.8946,0.));
#5195 = DIRECTION('',(-0.,0.,-1.));
#5196 = DIRECTION('',(-0.,-1.,0.));
#5197 = FACE_BOUND('',#5198,.F.);
#5198 = EDGE_LOOP('',(#5199));
#5199 = ORIENTED_EDGE('',*,*,#5200,.T.);
#5200 = EDGE_CURVE('',#5201,#5201,#5203,.T.);
#5201 = VERTEX_POINT('',#5202);
#5202 = CARTESIAN_POINT('',(77.8381,-115.1102,0.));
#5203 = CIRCLE('',#5204,1.75);
#5204 = AXIS2_PLACEMENT_3D('',#5205,#5206,#5207);
#5205 = CARTESIAN_POINT('',(77.8381,-113.3602,0.));
#5206 = DIRECTION('',(-0.,0.,-1.));
#5207 = DIRECTION('',(-0.,-1.,0.));
#5208 = FACE_BOUND('',#5209,.F.);
#5209 = EDGE_LOOP('',(#5210));
#5210 = ORIENTED_EDGE('',*,*,#5211,.T.);
#5211 = EDGE_CURVE('',#5212,#5212,#5214,.T.);
#5212 = VERTEX_POINT('',#5213);
#5213 = CARTESIAN_POINT('',(84.7725,-109.9762,0.));
#5214 = CIRCLE('',#5215,0.45);
#5215 = AXIS2_PLACEMENT_3D('',#5216,#5217,#5218);
#5216 = CARTESIAN_POINT('',(84.7725,-109.5262,0.));
#5217 = DIRECTION('',(-0.,0.,-1.));
#5218 = DIRECTION('',(-3.157967714489E-14,-1.,0.));
#5219 = FACE_BOUND('',#5220,.F.);
#5220 = EDGE_LOOP('',(#5221));
#5221 = ORIENTED_EDGE('',*,*,#5222,.T.);
#5222 = EDGE_CURVE('',#5223,#5223,#5225,.T.);
#5223 = VERTEX_POINT('',#5224);
#5224 = CARTESIAN_POINT('',(84.7725,-106.9762,0.));
#5225 = CIRCLE('',#5226,0.45);
#5226 = AXIS2_PLACEMENT_3D('',#5227,#5228,#5229);
#5227 = CARTESIAN_POINT('',(84.7725,-106.5262,0.));
#5228 = DIRECTION('',(-0.,0.,-1.));
#5229 = DIRECTION('',(-3.157967714489E-14,-1.,0.));
#5230 = FACE_BOUND('',#5231,.F.);
#5231 = EDGE_LOOP('',(#5232));
#5232 = ORIENTED_EDGE('',*,*,#5233,.T.);
#5233 = EDGE_CURVE('',#5234,#5234,#5236,.T.);
#5234 = VERTEX_POINT('',#5235);
#5235 = CARTESIAN_POINT('',(94.5261,-109.9856,0.));
#5236 = CIRCLE('',#5237,0.45);
#5237 = AXIS2_PLACEMENT_3D('',#5238,#5239,#5240);
#5238 = CARTESIAN_POINT('',(94.5261,-109.5356,0.));
#5239 = DIRECTION('',(-0.,0.,-1.));
#5240 = DIRECTION('',(-0.,-1.,0.));
#5241 = FACE_BOUND('',#5242,.F.);
#5242 = EDGE_LOOP('',(#5243));
#5243 = ORIENTED_EDGE('',*,*,#5244,.T.);
#5244 = EDGE_CURVE('',#5245,#5245,#5247,.T.);
#5245 = VERTEX_POINT('',#5246);
#5246 = CARTESIAN_POINT('',(109.3597,-136.6868,0.));
#5247 = CIRCLE('',#5248,1.);
#5248 = AXIS2_PLACEMENT_3D('',#5249,#5250,#5251);
#5249 = CARTESIAN_POINT('',(109.3597,-135.6868,0.));
#5250 = DIRECTION('',(-0.,0.,-1.));
#5251 = DIRECTION('',(-0.,-1.,0.));
#5252 = FACE_BOUND('',#5253,.F.);
#5253 = EDGE_LOOP('',(#5254));
#5254 = ORIENTED_EDGE('',*,*,#5255,.T.);
#5255 = EDGE_CURVE('',#5256,#5256,#5258,.T.);
#5256 = VERTEX_POINT('',#5257);
#5257 = CARTESIAN_POINT('',(122.01995,-134.7586,0.));
#5258 = CIRCLE('',#5259,1.);
#5259 = AXIS2_PLACEMENT_3D('',#5260,#5261,#5262);
#5260 = CARTESIAN_POINT('',(122.01995,-133.7586,0.));
#5261 = DIRECTION('',(-0.,0.,-1.));
#5262 = DIRECTION('',(-0.,-1.,0.));
#5263 = FACE_BOUND('',#5264,.F.);
#5264 = EDGE_LOOP('',(#5265));
#5265 = ORIENTED_EDGE('',*,*,#5266,.T.);
#5266 = EDGE_CURVE('',#5267,#5267,#5269,.T.);
#5267 = VERTEX_POINT('',#5268);
#5268 = CARTESIAN_POINT('',(113.3597,-129.7586,0.));
#5269 = CIRCLE('',#5270,1.);
#5270 = AXIS2_PLACEMENT_3D('',#5271,#5272,#5273);
#5271 = CARTESIAN_POINT('',(113.3597,-128.7586,0.));
#5272 = DIRECTION('',(-0.,0.,-1.));
#5273 = DIRECTION('',(-0.,-1.,0.));
#5274 = FACE_BOUND('',#5275,.F.);
#5275 = EDGE_LOOP('',(#5276));
#5276 = ORIENTED_EDGE('',*,*,#5277,.T.);
#5277 = EDGE_CURVE('',#5278,#5278,#5280,.T.);
#5278 = VERTEX_POINT('',#5279);
#5279 = CARTESIAN_POINT('',(110.1065,-122.8196,0.));
#5280 = CIRCLE('',#5281,0.925);
#5281 = AXIS2_PLACEMENT_3D('',#5282,#5283,#5284);
#5282 = CARTESIAN_POINT('',(110.1065,-121.8946,0.));
#5283 = DIRECTION('',(-0.,0.,-1.));
#5284 = DIRECTION('',(-0.,-1.,0.));
#5285 = FACE_BOUND('',#5286,.F.);
#5286 = EDGE_LOOP('',(#5287));
#5287 = ORIENTED_EDGE('',*,*,#5288,.T.);
#5288 = EDGE_CURVE('',#5289,#5289,#5291,.T.);
#5289 = VERTEX_POINT('',#5290);
#5290 = CARTESIAN_POINT('',(115.6065,-122.8196,0.));
#5291 = CIRCLE('',#5292,0.925);
#5292 = AXIS2_PLACEMENT_3D('',#5293,#5294,#5295);
#5293 = CARTESIAN_POINT('',(115.6065,-121.8946,0.));
#5294 = DIRECTION('',(-0.,0.,-1.));
#5295 = DIRECTION('',(-0.,-1.,0.));
#5296 = FACE_BOUND('',#5297,.F.);
#5297 = EDGE_LOOP('',(#5298));
#5298 = ORIENTED_EDGE('',*,*,#5299,.T.);
#5299 = EDGE_CURVE('',#5300,#5300,#5302,.T.);
#5300 = VERTEX_POINT('',#5301);
#5301 = CARTESIAN_POINT('',(166.9161,-168.6804,0.));
#5302 = CIRCLE('',#5303,0.85);
#5303 = AXIS2_PLACEMENT_3D('',#5304,#5305,#5306);
#5304 = CARTESIAN_POINT('',(166.9161,-167.8304,0.));
#5305 = DIRECTION('',(-0.,0.,-1.));
#5306 = DIRECTION('',(-0.,-1.,0.));
#5307 = FACE_BOUND('',#5308,.F.);
#5308 = EDGE_LOOP('',(#5309));
#5309 = ORIENTED_EDGE('',*,*,#5310,.T.);
#5310 = EDGE_CURVE('',#5311,#5311,#5313,.T.);
#5311 = VERTEX_POINT('',#5312);
#5312 = CARTESIAN_POINT('',(172.9161,-166.1804,0.));
#5313 = CIRCLE('',#5314,1.5);
#5314 = AXIS2_PLACEMENT_3D('',#5315,#5316,#5317);
#5315 = CARTESIAN_POINT('',(172.9161,-164.6804,0.));
#5316 = DIRECTION('',(-0.,0.,-1.));
#5317 = DIRECTION('',(-0.,-1.,0.));
#5318 = FACE_BOUND('',#5319,.F.);
#5319 = EDGE_LOOP('',(#5320));
#5320 = ORIENTED_EDGE('',*,*,#5321,.T.);
#5321 = EDGE_CURVE('',#5322,#5322,#5324,.T.);
#5322 = VERTEX_POINT('',#5323);
#5323 = CARTESIAN_POINT('',(166.9161,-155.1804,0.));
#5324 = CIRCLE('',#5325,0.85);
#5325 = AXIS2_PLACEMENT_3D('',#5326,#5327,#5328);
#5326 = CARTESIAN_POINT('',(166.9161,-154.3304,0.));
#5327 = DIRECTION('',(-0.,0.,-1.));
#5328 = DIRECTION('',(-0.,-1.,0.));
#5329 = FACE_BOUND('',#5330,.F.);
#5330 = EDGE_LOOP('',(#5331));
#5331 = ORIENTED_EDGE('',*,*,#5332,.T.);
#5332 = EDGE_CURVE('',#5333,#5333,#5335,.T.);
#5333 = VERTEX_POINT('',#5334);
#5334 = CARTESIAN_POINT('',(172.9161,-158.9804,0.));
#5335 = CIRCLE('',#5336,1.5);
#5336 = AXIS2_PLACEMENT_3D('',#5337,#5338,#5339);
#5337 = CARTESIAN_POINT('',(172.9161,-157.4804,0.));
#5338 = DIRECTION('',(-0.,0.,-1.));
#5339 = DIRECTION('',(-0.,-1.,0.));
#5340 = FACE_BOUND('',#5341,.F.);
#5341 = EDGE_LOOP('',(#5342));
#5342 = ORIENTED_EDGE('',*,*,#5343,.T.);
#5343 = EDGE_CURVE('',#5344,#5344,#5346,.T.);
#5344 = VERTEX_POINT('',#5345);
#5345 = CARTESIAN_POINT('',(186.26214,-157.7464,0.));
#5346 = CIRCLE('',#5347,0.75);
#5347 = AXIS2_PLACEMENT_3D('',#5348,#5349,#5350);
#5348 = CARTESIAN_POINT('',(186.26214,-156.9964,0.));
#5349 = DIRECTION('',(-0.,0.,-1.));
#5350 = DIRECTION('',(-0.,-1.,0.));
#5351 = FACE_BOUND('',#5352,.F.);
#5352 = EDGE_LOOP('',(#5353));
#5353 = ORIENTED_EDGE('',*,*,#5354,.T.);
#5354 = EDGE_CURVE('',#5355,#5355,#5357,.T.);
#5355 = VERTEX_POINT('',#5356);
#5356 = CARTESIAN_POINT('',(187.93421,-155.99086,0.));
#5357 = CIRCLE('',#5358,0.5);
#5358 = AXIS2_PLACEMENT_3D('',#5359,#5360,#5361);
#5359 = CARTESIAN_POINT('',(187.93421,-155.49086,0.));
#5360 = DIRECTION('',(-0.,0.,-1.));
#5361 = DIRECTION('',(-0.,-1.,0.));
#5362 = FACE_BOUND('',#5363,.F.);
#5363 = EDGE_LOOP('',(#5364));
#5364 = ORIENTED_EDGE('',*,*,#5365,.T.);
#5365 = EDGE_CURVE('',#5366,#5366,#5368,.T.);
#5366 = VERTEX_POINT('',#5367);
#5367 = CARTESIAN_POINT('',(189.4205,-154.6526,0.));
#5368 = CIRCLE('',#5369,0.5);
#5369 = AXIS2_PLACEMENT_3D('',#5370,#5371,#5372);
#5370 = CARTESIAN_POINT('',(189.4205,-154.1526,0.));
#5371 = DIRECTION('',(-0.,0.,-1.));
#5372 = DIRECTION('',(-0.,-1.,0.));
#5373 = FACE_BOUND('',#5374,.F.);
#5374 = EDGE_LOOP('',(#5375));
#5375 = ORIENTED_EDGE('',*,*,#5376,.T.);
#5376 = EDGE_CURVE('',#5377,#5377,#5379,.T.);
#5377 = VERTEX_POINT('',#5378);
#5378 = CARTESIAN_POINT('',(190.90679,-153.31434,0.));
#5379 = CIRCLE('',#5380,0.5);
#5380 = AXIS2_PLACEMENT_3D('',#5381,#5382,#5383);
#5381 = CARTESIAN_POINT('',(190.90679,-152.81434,0.));
#5382 = DIRECTION('',(-0.,0.,-1.));
#5383 = DIRECTION('',(-0.,-1.,0.));
#5384 = FACE_BOUND('',#5385,.F.);
#5385 = EDGE_LOOP('',(#5386));
#5386 = ORIENTED_EDGE('',*,*,#5387,.T.);
#5387 = EDGE_CURVE('',#5388,#5388,#5390,.T.);
#5388 = VERTEX_POINT('',#5389);
#5389 = CARTESIAN_POINT('',(192.57887,-152.05879,0.));
#5390 = CIRCLE('',#5391,0.75);
#5391 = AXIS2_PLACEMENT_3D('',#5392,#5393,#5394);
#5392 = CARTESIAN_POINT('',(192.57887,-151.30879,0.));
#5393 = DIRECTION('',(-0.,0.,-1.));
#5394 = DIRECTION('',(-0.,-1.,0.));
#5395 = FACE_BOUND('',#5396,.F.);
#5396 = EDGE_LOOP('',(#5397));
#5397 = ORIENTED_EDGE('',*,*,#5398,.T.);
#5398 = EDGE_CURVE('',#5399,#5399,#5401,.T.);
#5399 = VERTEX_POINT('',#5400);
#5400 = CARTESIAN_POINT('',(172.4041,-123.8864,0.));
#5401 = CIRCLE('',#5402,0.925);
#5402 = AXIS2_PLACEMENT_3D('',#5403,#5404,#5405);
#5403 = CARTESIAN_POINT('',(172.4041,-122.9614,0.));
#5404 = DIRECTION('',(-0.,0.,-1.));
#5405 = DIRECTION('',(-0.,-1.,0.));
#5406 = FACE_BOUND('',#5407,.F.);
#5407 = EDGE_LOOP('',(#5408));
#5408 = ORIENTED_EDGE('',*,*,#5409,.T.);
#5409 = EDGE_CURVE('',#5410,#5410,#5412,.T.);
#5410 = VERTEX_POINT('',#5411);
#5411 = CARTESIAN_POINT('',(177.9041,-123.8864,0.));
#5412 = CIRCLE('',#5413,0.925);
#5413 = AXIS2_PLACEMENT_3D('',#5414,#5415,#5416);
#5414 = CARTESIAN_POINT('',(177.9041,-122.9614,0.));
#5415 = DIRECTION('',(-0.,0.,-1.));
#5416 = DIRECTION('',(-0.,-1.,0.));
#5417 = FACE_BOUND('',#5418,.F.);
#5418 = EDGE_LOOP('',(#5419));
#5419 = ORIENTED_EDGE('',*,*,#5420,.T.);
#5420 = EDGE_CURVE('',#5421,#5421,#5423,.T.);
#5421 = VERTEX_POINT('',#5422);
#5422 = CARTESIAN_POINT('',(185.2041,-124.4864,0.));
#5423 = CIRCLE('',#5424,1.525);
#5424 = AXIS2_PLACEMENT_3D('',#5425,#5426,#5427);
#5425 = CARTESIAN_POINT('',(185.2041,-122.9614,0.));
#5426 = DIRECTION('',(-0.,0.,-1.));
#5427 = DIRECTION('',(1.863718651174E-14,-1.,-0.));
#5428 = FACE_BOUND('',#5429,.F.);
#5429 = EDGE_LOOP('',(#5430));
#5430 = ORIENTED_EDGE('',*,*,#5431,.T.);
#5431 = EDGE_CURVE('',#5432,#5432,#5434,.T.);
#5432 = VERTEX_POINT('',#5433);
#5433 = CARTESIAN_POINT('',(209.5371,-114.9832,0.));
#5434 = CIRCLE('',#5435,1.75);
#5435 = AXIS2_PLACEMENT_3D('',#5436,#5437,#5438);
#5436 = CARTESIAN_POINT('',(209.5371,-113.2332,0.));
#5437 = DIRECTION('',(-0.,0.,-1.));
#5438 = DIRECTION('',(-0.,-1.,0.));
#5439 = FACE_BOUND('',#5440,.F.);
#5440 = EDGE_LOOP('',(#5441));
#5441 = ORIENTED_EDGE('',*,*,#5442,.T.);
#5442 = EDGE_CURVE('',#5443,#5443,#5445,.T.);
#5443 = VERTEX_POINT('',#5444);
#5444 = CARTESIAN_POINT('',(94.5261,-104.9856,0.));
#5445 = CIRCLE('',#5446,0.45);
#5446 = AXIS2_PLACEMENT_3D('',#5447,#5448,#5449);
#5447 = CARTESIAN_POINT('',(94.5261,-104.5356,0.));
#5448 = DIRECTION('',(-0.,0.,-1.));
#5449 = DIRECTION('',(-0.,-1.,0.));
#5450 = FACE_BOUND('',#5451,.F.);
#5451 = EDGE_LOOP('',(#5452));
#5452 = ORIENTED_EDGE('',*,*,#5453,.T.);
#5453 = EDGE_CURVE('',#5454,#5454,#5456,.T.);
#5454 = VERTEX_POINT('',#5455);
#5455 = CARTESIAN_POINT('',(74.2821,-77.0102,0.));
#5456 = CIRCLE('',#5457,1.75);
#5457 = AXIS2_PLACEMENT_3D('',#5458,#5459,#5460);
#5458 = CARTESIAN_POINT('',(74.2821,-75.2602,0.));
#5459 = DIRECTION('',(-0.,0.,-1.));
#5460 = DIRECTION('',(-0.,-1.,0.));
#5461 = FACE_BOUND('',#5462,.F.);
#5462 = EDGE_LOOP('',(#5463));
#5463 = ORIENTED_EDGE('',*,*,#5464,.T.);
#5464 = EDGE_CURVE('',#5465,#5465,#5467,.T.);
#5465 = VERTEX_POINT('',#5466);
#5466 = CARTESIAN_POINT('',(85.2803,-69.4872,0.));
#5467 = CIRCLE('',#5468,0.45);
#5468 = AXIS2_PLACEMENT_3D('',#5469,#5470,#5471);
#5469 = CARTESIAN_POINT('',(85.2803,-69.0372,0.));
#5470 = DIRECTION('',(-0.,0.,-1.));
#5471 = DIRECTION('',(-0.,-1.,0.));
#5472 = FACE_BOUND('',#5473,.F.);
#5473 = EDGE_LOOP('',(#5474));
#5474 = ORIENTED_EDGE('',*,*,#5475,.T.);
#5475 = EDGE_CURVE('',#5476,#5476,#5478,.T.);
#5476 = VERTEX_POINT('',#5477);
#5477 = CARTESIAN_POINT('',(85.2803,-66.9472,0.));
#5478 = CIRCLE('',#5479,0.45);
#5479 = AXIS2_PLACEMENT_3D('',#5480,#5481,#5482);
#5480 = CARTESIAN_POINT('',(85.2803,-66.4972,0.));
#5481 = DIRECTION('',(-0.,0.,-1.));
#5482 = DIRECTION('',(-0.,-1.,0.));
#5483 = FACE_BOUND('',#5484,.F.);
#5484 = EDGE_LOOP('',(#5485));
#5485 = ORIENTED_EDGE('',*,*,#5486,.T.);
#5486 = EDGE_CURVE('',#5487,#5487,#5489,.T.);
#5487 = VERTEX_POINT('',#5488);
#5488 = CARTESIAN_POINT('',(87.8203,-69.4872,0.));
#5489 = CIRCLE('',#5490,0.45);
#5490 = AXIS2_PLACEMENT_3D('',#5491,#5492,#5493);
#5491 = CARTESIAN_POINT('',(87.8203,-69.0372,0.));
#5492 = DIRECTION('',(-0.,0.,-1.));
#5493 = DIRECTION('',(-0.,-1.,0.));
#5494 = FACE_BOUND('',#5495,.F.);
#5495 = EDGE_LOOP('',(#5496));
#5496 = ORIENTED_EDGE('',*,*,#5497,.T.);
#5497 = EDGE_CURVE('',#5498,#5498,#5500,.T.);
#5498 = VERTEX_POINT('',#5499);
#5499 = CARTESIAN_POINT('',(87.8203,-66.9472,0.));
#5500 = CIRCLE('',#5501,0.45);
#5501 = AXIS2_PLACEMENT_3D('',#5502,#5503,#5504);
#5502 = CARTESIAN_POINT('',(87.8203,-66.4972,0.));
#5503 = DIRECTION('',(-0.,0.,-1.));
#5504 = DIRECTION('',(-0.,-1.,0.));
#5505 = FACE_BOUND('',#5506,.F.);
#5506 = EDGE_LOOP('',(#5507));
#5507 = ORIENTED_EDGE('',*,*,#5508,.T.);
#5508 = EDGE_CURVE('',#5509,#5509,#5511,.T.);
#5509 = VERTEX_POINT('',#5510);
#5510 = CARTESIAN_POINT('',(85.2803,-64.4072,0.));
#5511 = CIRCLE('',#5512,0.45);
#5512 = AXIS2_PLACEMENT_3D('',#5513,#5514,#5515);
#5513 = CARTESIAN_POINT('',(85.2803,-63.9572,0.));
#5514 = DIRECTION('',(-0.,0.,-1.));
#5515 = DIRECTION('',(-0.,-1.,0.));
#5516 = FACE_BOUND('',#5517,.F.);
#5517 = EDGE_LOOP('',(#5518));
#5518 = ORIENTED_EDGE('',*,*,#5519,.T.);
#5519 = EDGE_CURVE('',#5520,#5520,#5522,.T.);
#5520 = VERTEX_POINT('',#5521);
#5521 = CARTESIAN_POINT('',(87.8203,-64.4072,0.));
#5522 = CIRCLE('',#5523,0.45);
#5523 = AXIS2_PLACEMENT_3D('',#5524,#5525,#5526);
#5524 = CARTESIAN_POINT('',(87.8203,-63.9572,0.));
#5525 = DIRECTION('',(-0.,0.,-1.));
#5526 = DIRECTION('',(-0.,-1.,0.));
#5527 = FACE_BOUND('',#5528,.F.);
#5528 = EDGE_LOOP('',(#5529));
#5529 = ORIENTED_EDGE('',*,*,#5530,.T.);
#5530 = EDGE_CURVE('',#5531,#5531,#5533,.T.);
#5531 = VERTEX_POINT('',#5532);
#5532 = CARTESIAN_POINT('',(85.2803,-61.8672,0.));
#5533 = CIRCLE('',#5534,0.45);
#5534 = AXIS2_PLACEMENT_3D('',#5535,#5536,#5537);
#5535 = CARTESIAN_POINT('',(85.2803,-61.4172,0.));
#5536 = DIRECTION('',(-0.,0.,-1.));
#5537 = DIRECTION('',(-0.,-1.,0.));
#5538 = FACE_BOUND('',#5539,.F.);
#5539 = EDGE_LOOP('',(#5540));
#5540 = ORIENTED_EDGE('',*,*,#5541,.T.);
#5541 = EDGE_CURVE('',#5542,#5542,#5544,.T.);
#5542 = VERTEX_POINT('',#5543);
#5543 = CARTESIAN_POINT('',(85.2803,-59.3272,0.));
#5544 = CIRCLE('',#5545,0.45);
#5545 = AXIS2_PLACEMENT_3D('',#5546,#5547,#5548);
#5546 = CARTESIAN_POINT('',(85.2803,-58.8772,0.));
#5547 = DIRECTION('',(-0.,0.,-1.));
#5548 = DIRECTION('',(-0.,-1.,0.));
#5549 = FACE_BOUND('',#5550,.F.);
#5550 = EDGE_LOOP('',(#5551));
#5551 = ORIENTED_EDGE('',*,*,#5552,.T.);
#5552 = EDGE_CURVE('',#5553,#5553,#5555,.T.);
#5553 = VERTEX_POINT('',#5554);
#5554 = CARTESIAN_POINT('',(87.8203,-61.8672,0.));
#5555 = CIRCLE('',#5556,0.45);
#5556 = AXIS2_PLACEMENT_3D('',#5557,#5558,#5559);
#5557 = CARTESIAN_POINT('',(87.8203,-61.4172,0.));
#5558 = DIRECTION('',(-0.,0.,-1.));
#5559 = DIRECTION('',(-0.,-1.,0.));
#5560 = FACE_BOUND('',#5561,.F.);
#5561 = EDGE_LOOP('',(#5562));
#5562 = ORIENTED_EDGE('',*,*,#5563,.T.);
#5563 = EDGE_CURVE('',#5564,#5564,#5566,.T.);
#5564 = VERTEX_POINT('',#5565);
#5565 = CARTESIAN_POINT('',(87.8203,-59.3272,0.));
#5566 = CIRCLE('',#5567,0.45);
#5567 = AXIS2_PLACEMENT_3D('',#5568,#5569,#5570);
#5568 = CARTESIAN_POINT('',(87.8203,-58.8772,0.));
#5569 = DIRECTION('',(-0.,0.,-1.));
#5570 = DIRECTION('',(-0.,-1.,0.));
#5571 = FACE_BOUND('',#5572,.F.);
#5572 = EDGE_LOOP('',(#5573));
#5573 = ORIENTED_EDGE('',*,*,#5574,.T.);
#5574 = EDGE_CURVE('',#5575,#5575,#5577,.T.);
#5575 = VERTEX_POINT('',#5576);
#5576 = CARTESIAN_POINT('',(85.2803,-56.7872,0.));
#5577 = CIRCLE('',#5578,0.45);
#5578 = AXIS2_PLACEMENT_3D('',#5579,#5580,#5581);
#5579 = CARTESIAN_POINT('',(85.2803,-56.3372,0.));
#5580 = DIRECTION('',(-0.,0.,-1.));
#5581 = DIRECTION('',(-0.,-1.,0.));
#5582 = FACE_BOUND('',#5583,.F.);
#5583 = EDGE_LOOP('',(#5584));
#5584 = ORIENTED_EDGE('',*,*,#5585,.T.);
#5585 = EDGE_CURVE('',#5586,#5586,#5588,.T.);
#5586 = VERTEX_POINT('',#5587);
#5587 = CARTESIAN_POINT('',(87.8203,-56.7872,0.));
#5588 = CIRCLE('',#5589,0.45);
#5589 = AXIS2_PLACEMENT_3D('',#5590,#5591,#5592);
#5590 = CARTESIAN_POINT('',(87.8203,-56.3372,0.));
#5591 = DIRECTION('',(-0.,0.,-1.));
#5592 = DIRECTION('',(-0.,-1.,0.));
#5593 = FACE_BOUND('',#5594,.F.);
#5594 = EDGE_LOOP('',(#5595));
#5595 = ORIENTED_EDGE('',*,*,#5596,.F.);
#5596 = EDGE_CURVE('',#5597,#5597,#5599,.T.);
#5597 = VERTEX_POINT('',#5598);
#5598 = CARTESIAN_POINT('',(130.93311,-43.4232,0.));
#5599 = CIRCLE('',#5600,1.75001);
#5600 = AXIS2_PLACEMENT_3D('',#5601,#5602,#5603);
#5601 = CARTESIAN_POINT('',(129.1831,-43.4232,0.));
#5602 = DIRECTION('',(0.,0.,1.));
#5603 = DIRECTION('',(1.,0.,-0.));
#5604 = FACE_BOUND('',#5605,.F.);
#5605 = EDGE_LOOP('',(#5606));
#5606 = ORIENTED_EDGE('',*,*,#5607,.T.);
#5607 = EDGE_CURVE('',#5608,#5608,#5610,.T.);
#5608 = VERTEX_POINT('',#5609);
#5609 = CARTESIAN_POINT('',(182.3995,-102.8386,0.));
#5610 = CIRCLE('',#5611,0.53);
#5611 = AXIS2_PLACEMENT_3D('',#5612,#5613,#5614);
#5612 = CARTESIAN_POINT('',(182.3995,-102.3086,0.));
#5613 = DIRECTION('',(-0.,0.,-1.));
#5614 = DIRECTION('',(-0.,-1.,0.));
#5615 = FACE_BOUND('',#5616,.F.);
#5616 = EDGE_LOOP('',(#5617));
#5617 = ORIENTED_EDGE('',*,*,#5618,.T.);
#5618 = EDGE_CURVE('',#5619,#5619,#5621,.T.);
#5619 = VERTEX_POINT('',#5620);
#5620 = CARTESIAN_POINT('',(182.3995,-99.3386,0.));
#5621 = CIRCLE('',#5622,0.53);
#5622 = AXIS2_PLACEMENT_3D('',#5623,#5624,#5625);
#5623 = CARTESIAN_POINT('',(182.3995,-98.8086,0.));
#5624 = DIRECTION('',(-0.,0.,-1.));
#5625 = DIRECTION('',(-0.,-1.,0.));
#5626 = FACE_BOUND('',#5627,.F.);
#5627 = EDGE_LOOP('',(#5628));
#5628 = ORIENTED_EDGE('',*,*,#5629,.T.);
#5629 = EDGE_CURVE('',#5630,#5630,#5632,.T.);
#5630 = VERTEX_POINT('',#5631);
#5631 = CARTESIAN_POINT('',(190.3095,-102.1036,0.));
#5632 = CIRCLE('',#5633,1.545);
#5633 = AXIS2_PLACEMENT_3D('',#5634,#5635,#5636);
#5634 = CARTESIAN_POINT('',(190.3095,-100.5586,0.));
#5635 = DIRECTION('',(-0.,0.,-1.));
#5636 = DIRECTION('',(-0.,-1.,0.));
#5637 = FACE_BOUND('',#5638,.F.);
#5638 = EDGE_LOOP('',(#5639));
#5639 = ORIENTED_EDGE('',*,*,#5640,.T.);
#5640 = EDGE_CURVE('',#5641,#5641,#5643,.T.);
#5641 = VERTEX_POINT('',#5642);
#5642 = CARTESIAN_POINT('',(182.3995,-90.9514,0.));
#5643 = CIRCLE('',#5644,0.53);
#5644 = AXIS2_PLACEMENT_3D('',#5645,#5646,#5647);
#5645 = CARTESIAN_POINT('',(182.3995,-90.4214,0.));
#5646 = DIRECTION('',(-0.,0.,-1.));
#5647 = DIRECTION('',(-0.,-1.,0.));
#5648 = FACE_BOUND('',#5649,.F.);
#5649 = EDGE_LOOP('',(#5650));
#5650 = ORIENTED_EDGE('',*,*,#5651,.T.);
#5651 = EDGE_CURVE('',#5652,#5652,#5654,.T.);
#5652 = VERTEX_POINT('',#5653);
#5653 = CARTESIAN_POINT('',(182.3995,-87.4514,0.));
#5654 = CIRCLE('',#5655,0.53);
#5655 = AXIS2_PLACEMENT_3D('',#5656,#5657,#5658);
#5656 = CARTESIAN_POINT('',(182.3995,-86.9214,0.));
#5657 = DIRECTION('',(-0.,0.,-1.));
#5658 = DIRECTION('',(-0.,-1.,0.));
#5659 = FACE_BOUND('',#5660,.F.);
#5660 = EDGE_LOOP('',(#5661));
#5661 = ORIENTED_EDGE('',*,*,#5662,.T.);
#5662 = EDGE_CURVE('',#5663,#5663,#5665,.T.);
#5663 = VERTEX_POINT('',#5664);
#5664 = CARTESIAN_POINT('',(190.3095,-90.2164,0.));
#5665 = CIRCLE('',#5666,1.545);
#5666 = AXIS2_PLACEMENT_3D('',#5667,#5668,#5669);
#5667 = CARTESIAN_POINT('',(190.3095,-88.6714,0.));
#5668 = DIRECTION('',(-0.,0.,-1.));
#5669 = DIRECTION('',(-0.,-1.,0.));
#5670 = FACE_BOUND('',#5671,.F.);
#5671 = EDGE_LOOP('',(#5672));
#5672 = ORIENTED_EDGE('',*,*,#5673,.T.);
#5673 = EDGE_CURVE('',#5674,#5674,#5676,.T.);
#5674 = VERTEX_POINT('',#5675);
#5675 = CARTESIAN_POINT('',(213.0931,-77.1118,0.));
#5676 = CIRCLE('',#5677,1.75);
#5677 = AXIS2_PLACEMENT_3D('',#5678,#5679,#5680);
#5678 = CARTESIAN_POINT('',(213.0931,-75.3618,0.));
#5679 = DIRECTION('',(-0.,0.,-1.));
#5680 = DIRECTION('',(-0.,-1.,0.));
#5681 = FACE_BOUND('',#5682,.F.);
#5682 = EDGE_LOOP('',(#5683));
#5683 = ORIENTED_EDGE('',*,*,#5684,.F.);
#5684 = EDGE_CURVE('',#5685,#5685,#5687,.T.);
#5685 = VERTEX_POINT('',#5686);
#5686 = CARTESIAN_POINT('',(160.93311,-43.4232,0.));
#5687 = CIRCLE('',#5688,1.75001);
#5688 = AXIS2_PLACEMENT_3D('',#5689,#5690,#5691);
#5689 = CARTESIAN_POINT('',(159.1831,-43.4232,0.));
#5690 = DIRECTION('',(0.,0.,1.));
#5691 = DIRECTION('',(1.,0.,-0.));
#5692 = PLANE('',#5693);
#5693 = AXIS2_PLACEMENT_3D('',#5694,#5695,#5696);
#5694 = CARTESIAN_POINT('',(0.,0.,0.));
#5695 = DIRECTION('',(0.,0.,1.));
#5696 = DIRECTION('',(1.,0.,-0.));
#5697 = ADVANCED_FACE('',(#5698,#5990,#6001,#6012,#6023,#6034,#6045,
    #6056,#6067,#6078,#6089,#6100,#6111,#6122,#6133,#6144,#6155,#6166,
    #6177,#6188,#6199,#6210,#6221,#6232,#6243,#6254,#6265,#6276,#6287,
    #6298,#6309,#6320,#6331,#6342,#6353,#6364,#6375,#6386,#6397,#6408,
    #6419,#6430,#6441,#6452,#6463,#6474,#6485,#6496),#6507,.T.);
#5698 = FACE_BOUND('',#5699,.T.);
#5699 = EDGE_LOOP('',(#5700,#5701,#5702,#5711,#5719,#5727,#5736,#5744,
    #5753,#5761,#5769,#5777,#5785,#5793,#5801,#5809,#5818,#5826,#5834,
    #5842,#5851,#5859,#5868,#5876,#5885,#5893,#5902,#5910,#5918,#5926,
    #5934,#5942,#5950,#5958,#5967,#5975,#5983,#5989));
#5700 = ORIENTED_EDGE('',*,*,#4792,.F.);
#5701 = ORIENTED_EDGE('',*,*,#4834,.F.);
#5702 = ORIENTED_EDGE('',*,*,#5703,.F.);
#5703 = EDGE_CURVE('',#5704,#4827,#5706,.T.);
#5704 = VERTEX_POINT('',#5705);
#5705 = CARTESIAN_POINT('',(71.85874,-43.483,0.32116));
#5706 = CIRCLE('',#5707,3.058560056902);
#5707 = AXIS2_PLACEMENT_3D('',#5708,#5709,#5710);
#5708 = CARTESIAN_POINT('',(74.917300056902,-43.4830000569,0.32116));
#5709 = DIRECTION('',(0.,0.,-1.));
#5710 = DIRECTION('',(-1.,1.860360892566E-08,0.));
#5711 = ORIENTED_EDGE('',*,*,#5712,.F.);
#5712 = EDGE_CURVE('',#5713,#5704,#5715,.T.);
#5713 = VERTEX_POINT('',#5714);
#5714 = CARTESIAN_POINT('',(71.9201,-70.4596,0.32116));
#5715 = LINE('',#5716,#5717);
#5716 = CARTESIAN_POINT('',(71.9201,-70.4596,0.32116));
#5717 = VECTOR('',#5718,1.);
#5718 = DIRECTION('',(-2.274557997425E-03,0.99999741319,0.));
#5719 = ORIENTED_EDGE('',*,*,#5720,.F.);
#5720 = EDGE_CURVE('',#5721,#5713,#5723,.T.);
#5721 = VERTEX_POINT('',#5722);
#5722 = CARTESIAN_POINT('',(70.276839,-72.10285,0.32116));
#5723 = LINE('',#5724,#5725);
#5724 = CARTESIAN_POINT('',(70.276839,-72.10285,0.32116));
#5725 = VECTOR('',#5726,1.);
#5726 = DIRECTION('',(0.707109147879,0.707104414486,0.));
#5727 = ORIENTED_EDGE('',*,*,#5728,.F.);
#5728 = EDGE_CURVE('',#5729,#5721,#5731,.T.);
#5729 = VERTEX_POINT('',#5730);
#5730 = CARTESIAN_POINT('',(69.844011,-73.507511,0.32116));
#5731 = CIRCLE('',#5732,2.087688515566);
#5732 = AXIS2_PLACEMENT_3D('',#5733,#5734,#5735);
#5733 = CARTESIAN_POINT('',(71.927838451003,-73.38059964324,0.32116));
#5734 = DIRECTION('',(0.,0.,-1.));
#5735 = DIRECTION('',(-0.998150555251,-6.079036973578E-02,-0.));
#5736 = ORIENTED_EDGE('',*,*,#5737,.F.);
#5737 = EDGE_CURVE('',#5738,#5729,#5740,.T.);
#5738 = VERTEX_POINT('',#5739);
#5739 = CARTESIAN_POINT('',(69.844022,-106.095799,0.32116));
#5740 = LINE('',#5741,#5742);
#5741 = CARTESIAN_POINT('',(69.844022,-106.095799,0.32116));
#5742 = VECTOR('',#5743,1.);
#5743 = DIRECTION('',(-3.375445804532E-07,1.,0.));
#5744 = ORIENTED_EDGE('',*,*,#5745,.F.);
#5745 = EDGE_CURVE('',#5746,#5738,#5748,.T.);
#5746 = VERTEX_POINT('',#5747);
#5747 = CARTESIAN_POINT('',(70.932093,-108.272396,0.32116));
#5748 = CIRCLE('',#5749,3.074981939787);
#5749 = AXIS2_PLACEMENT_3D('',#5750,#5751,#5752);
#5750 = CARTESIAN_POINT('',(72.914052356937,-105.9213640909,0.32116));
#5751 = DIRECTION('',(0.,0.,-1.));
#5752 = DIRECTION('',(-0.64454341383,-0.764567712952,-0.));
#5753 = ORIENTED_EDGE('',*,*,#5754,.F.);
#5754 = EDGE_CURVE('',#5755,#5746,#5757,.T.);
#5755 = VERTEX_POINT('',#5756);
#5756 = CARTESIAN_POINT('',(74.2061,-111.6076,0.32116));
#5757 = LINE('',#5758,#5759);
#5758 = CARTESIAN_POINT('',(74.2061,-111.6076,0.32116));
#5759 = VECTOR('',#5760,1.);
#5760 = DIRECTION('',(-0.700529402285,0.713623539784,0.));
#5761 = ORIENTED_EDGE('',*,*,#5762,.F.);
#5762 = EDGE_CURVE('',#5763,#5755,#5765,.T.);
#5763 = VERTEX_POINT('',#5764);
#5764 = CARTESIAN_POINT('',(74.2061,-112.3696,0.32116));
#5765 = LINE('',#5766,#5767);
#5766 = CARTESIAN_POINT('',(74.2061,-112.3696,0.32116));
#5767 = VECTOR('',#5768,1.);
#5768 = DIRECTION('',(0.,1.,0.));
#5769 = ORIENTED_EDGE('',*,*,#5770,.F.);
#5770 = EDGE_CURVE('',#5771,#5763,#5773,.T.);
#5771 = VERTEX_POINT('',#5772);
#5772 = CARTESIAN_POINT('',(74.2315,-117.3212,0.32116));
#5773 = LINE('',#5774,#5775);
#5774 = CARTESIAN_POINT('',(74.2315,-117.3212,0.32116));
#5775 = VECTOR('',#5776,1.);
#5776 = DIRECTION('',(-5.129587573088E-03,0.999986843579,0.));
#5777 = ORIENTED_EDGE('',*,*,#5778,.F.);
#5778 = EDGE_CURVE('',#5779,#5771,#5781,.T.);
#5779 = VERTEX_POINT('',#5780);
#5780 = CARTESIAN_POINT('',(88.0541,-117.3212,0.32116));
#5781 = LINE('',#5782,#5783);
#5782 = CARTESIAN_POINT('',(88.0541,-117.3212,0.32116));
#5783 = VECTOR('',#5784,1.);
#5784 = DIRECTION('',(-1.,0.,0.));
#5785 = ORIENTED_EDGE('',*,*,#5786,.F.);
#5786 = EDGE_CURVE('',#5787,#5779,#5789,.T.);
#5787 = VERTEX_POINT('',#5788);
#5788 = CARTESIAN_POINT('',(88.0541,-126.6712,0.32116));
#5789 = LINE('',#5790,#5791);
#5790 = CARTESIAN_POINT('',(88.0541,-126.6712,0.32116));
#5791 = VECTOR('',#5792,1.);
#5792 = DIRECTION('',(0.,1.,0.));
#5793 = ORIENTED_EDGE('',*,*,#5794,.F.);
#5794 = EDGE_CURVE('',#5795,#5787,#5797,.T.);
#5795 = VERTEX_POINT('',#5796);
#5796 = CARTESIAN_POINT('',(74.23386,-126.69895,0.32116));
#5797 = LINE('',#5798,#5799);
#5798 = CARTESIAN_POINT('',(74.23386,-126.69895,0.32116));
#5799 = VECTOR('',#5800,1.);
#5800 = DIRECTION('',(0.999997984125,2.0079205614E-03,0.));
#5801 = ORIENTED_EDGE('',*,*,#5802,.F.);
#5802 = EDGE_CURVE('',#5803,#5795,#5805,.T.);
#5803 = VERTEX_POINT('',#5804);
#5804 = CARTESIAN_POINT('',(74.233856,-131.92607,0.32116));
#5805 = LINE('',#5806,#5807);
#5806 = CARTESIAN_POINT('',(74.233856,-131.92607,0.32116));
#5807 = VECTOR('',#5808,1.);
#5808 = DIRECTION('',(7.652397504E-07,1.,0.));
#5809 = ORIENTED_EDGE('',*,*,#5810,.F.);
#5810 = EDGE_CURVE('',#5811,#5803,#5813,.T.);
#5811 = VERTEX_POINT('',#5812);
#5812 = CARTESIAN_POINT('',(75.1967,-133.299199,0.32116));
#5813 = CIRCLE('',#5814,1.58755009961);
#5814 = AXIS2_PLACEMENT_3D('',#5815,#5816,#5817);
#5815 = CARTESIAN_POINT('',(75.819000083749,-131.8386997961,0.32116));
#5816 = DIRECTION('',(0.,0.,-1.));
#5817 = DIRECTION('',(-0.391987682091,-0.919970465335,-0.));
#5818 = ORIENTED_EDGE('',*,*,#5819,.F.);
#5819 = EDGE_CURVE('',#5820,#5811,#5822,.T.);
#5820 = VERTEX_POINT('',#5821);
#5821 = CARTESIAN_POINT('',(112.12664,-154.48711,0.32116));
#5822 = LINE('',#5823,#5824);
#5823 = CARTESIAN_POINT('',(112.12664,-154.48711,0.32116));
#5824 = VECTOR('',#5825,1.);
#5825 = DIRECTION('',(-0.86738095035,0.497644739718,0.));
#5826 = ORIENTED_EDGE('',*,*,#5827,.F.);
#5827 = EDGE_CURVE('',#5828,#5820,#5830,.T.);
#5828 = VERTEX_POINT('',#5829);
#5829 = CARTESIAN_POINT('',(142.07504,-154.4401,0.32116));
#5830 = LINE('',#5831,#5832);
#5831 = CARTESIAN_POINT('',(142.07504,-154.4401,0.32116));
#5832 = VECTOR('',#5833,1.);
#5833 = DIRECTION('',(-0.999998768023,-1.569697949967E-03,0.));
#5834 = ORIENTED_EDGE('',*,*,#5835,.F.);
#5835 = EDGE_CURVE('',#5836,#5828,#5838,.T.);
#5836 = VERTEX_POINT('',#5837);
#5837 = CARTESIAN_POINT('',(155.4353,-154.457397,0.32116));
#5838 = LINE('',#5839,#5840);
#5839 = CARTESIAN_POINT('',(155.4353,-154.457397,0.32116));
#5840 = VECTOR('',#5841,1.);
#5841 = DIRECTION('',(-0.999999161928,1.294659348236E-03,0.));
#5842 = ORIENTED_EDGE('',*,*,#5843,.F.);
#5843 = EDGE_CURVE('',#5844,#5836,#5846,.T.);
#5844 = VERTEX_POINT('',#5845);
#5845 = CARTESIAN_POINT('',(156.197303,-155.2956,0.32116));
#5846 = CIRCLE('',#5847,0.801010464456);
#5847 = AXIS2_PLACEMENT_3D('',#5848,#5849,#5850);
#5848 = CARTESIAN_POINT('',(155.39719912239,-155.2575007978,0.32116));
#5849 = DIRECTION('',(0.,0.,1.));
#5850 = DIRECTION('',(0.998868195998,-4.756392564868E-02,0.));
#5851 = ORIENTED_EDGE('',*,*,#5852,.F.);
#5852 = EDGE_CURVE('',#5853,#5844,#5855,.T.);
#5853 = VERTEX_POINT('',#5854);
#5854 = CARTESIAN_POINT('',(156.197295,-168.787758,0.32116));
#5855 = LINE('',#5856,#5857);
#5856 = CARTESIAN_POINT('',(156.197295,-168.787758,0.32116));
#5857 = VECTOR('',#5858,1.);
#5858 = DIRECTION('',(5.929370237305E-07,1.,0.));
#5859 = ORIENTED_EDGE('',*,*,#5860,.F.);
#5860 = EDGE_CURVE('',#5861,#5853,#5863,.T.);
#5861 = VERTEX_POINT('',#5862);
#5862 = CARTESIAN_POINT('',(156.959298,-169.494205,0.32116));
#5863 = CIRCLE('',#5864,0.734751902884);
#5864 = AXIS2_PLACEMENT_3D('',#5865,#5866,#5867);
#5865 = CARTESIAN_POINT('',(156.93152156432,-168.7599783126,0.32116));
#5866 = DIRECTION('',(0.,0.,-1.));
#5867 = DIRECTION('',(3.780382951599E-02,-0.999285179753,0.));
#5868 = ORIENTED_EDGE('',*,*,#5869,.F.);
#5869 = EDGE_CURVE('',#5870,#5861,#5872,.T.);
#5870 = VERTEX_POINT('',#5871);
#5871 = CARTESIAN_POINT('',(174.028494,-169.479985,0.32116));
#5872 = LINE('',#5873,#5874);
#5873 = CARTESIAN_POINT('',(174.028494,-169.479985,0.32116));
#5874 = VECTOR('',#5875,1.);
#5875 = DIRECTION('',(-0.999999652989,-8.330793709032E-04,0.));
#5876 = ORIENTED_EDGE('',*,*,#5877,.F.);
#5877 = EDGE_CURVE('',#5878,#5870,#5880,.T.);
#5878 = VERTEX_POINT('',#5879);
#5879 = CARTESIAN_POINT('',(178.650901,-167.468143,0.32116));
#5880 = CIRCLE('',#5881,6.175521520598);
#5881 = AXIS2_PLACEMENT_3D('',#5882,#5883,#5884);
#5882 = CARTESIAN_POINT('',(174.0898292719,-163.3047680778,0.32116));
#5883 = DIRECTION('',(0.,0.,-1.));
#5884 = DIRECTION('',(0.738572720196,-0.674173818078,0.));
#5885 = ORIENTED_EDGE('',*,*,#5886,.F.);
#5886 = EDGE_CURVE('',#5887,#5878,#5889,.T.);
#5887 = VERTEX_POINT('',#5888);
#5888 = CARTESIAN_POINT('',(212.955778,-136.501631,0.32116));
#5889 = LINE('',#5890,#5891);
#5890 = CARTESIAN_POINT('',(212.955778,-136.501631,0.32116));
#5891 = VECTOR('',#5892,1.);
#5892 = DIRECTION('',(-0.742302143707,-0.670065315807,0.));
#5893 = ORIENTED_EDGE('',*,*,#5894,.F.);
#5894 = EDGE_CURVE('',#5895,#5887,#5897,.T.);
#5895 = VERTEX_POINT('',#5896);
#5896 = CARTESIAN_POINT('',(213.889596,-134.442198,0.32116));
#5897 = CIRCLE('',#5898,2.7476508872);
#5898 = AXIS2_PLACEMENT_3D('',#5899,#5900,#5901);
#5899 = CARTESIAN_POINT('',(211.14194871464,-134.4377490456,0.32116));
#5900 = DIRECTION('',(0.,0.,-1.));
#5901 = DIRECTION('',(0.99999868912,-1.619184727912E-03,0.));
#5902 = ORIENTED_EDGE('',*,*,#5903,.F.);
#5903 = EDGE_CURVE('',#5904,#5895,#5906,.T.);
#5904 = VERTEX_POINT('',#5905);
#5905 = CARTESIAN_POINT('',(213.8896,-127.68881,0.32116));
#5906 = LINE('',#5907,#5908);
#5907 = CARTESIAN_POINT('',(213.8896,-127.68881,0.32116));
#5908 = VECTOR('',#5909,1.);
#5909 = DIRECTION('',(-5.922953027281E-07,-1.,0.));
#5910 = ORIENTED_EDGE('',*,*,#5911,.F.);
#5911 = EDGE_CURVE('',#5912,#5904,#5914,.T.);
#5912 = VERTEX_POINT('',#5913);
#5913 = CARTESIAN_POINT('',(200.067,-127.68881,0.32116));
#5914 = LINE('',#5915,#5916);
#5915 = CARTESIAN_POINT('',(200.067,-127.68881,0.32116));
#5916 = VECTOR('',#5917,1.);
#5917 = DIRECTION('',(1.,0.,0.));
#5918 = ORIENTED_EDGE('',*,*,#5919,.F.);
#5919 = EDGE_CURVE('',#5920,#5912,#5922,.T.);
#5920 = VERTEX_POINT('',#5921);
#5921 = CARTESIAN_POINT('',(200.067,-118.33881,0.32116));
#5922 = LINE('',#5923,#5924);
#5923 = CARTESIAN_POINT('',(200.067,-118.33881,0.32116));
#5924 = VECTOR('',#5925,1.);
#5925 = DIRECTION('',(0.,-1.,0.));
#5926 = ORIENTED_EDGE('',*,*,#5927,.F.);
#5927 = EDGE_CURVE('',#5928,#5920,#5930,.T.);
#5928 = VERTEX_POINT('',#5929);
#5929 = CARTESIAN_POINT('',(213.91801,-118.3358,0.32116));
#5930 = LINE('',#5931,#5932);
#5931 = CARTESIAN_POINT('',(213.91801,-118.3358,0.32116));
#5932 = VECTOR('',#5933,1.);
#5933 = DIRECTION('',(-0.999999976388,-2.173126673734E-04,0.));
#5934 = ORIENTED_EDGE('',*,*,#5935,.F.);
#5935 = EDGE_CURVE('',#5936,#5928,#5938,.T.);
#5936 = VERTEX_POINT('',#5937);
#5937 = CARTESIAN_POINT('',(213.91801,-116.96976,0.32116));
#5938 = LINE('',#5939,#5940);
#5939 = CARTESIAN_POINT('',(213.91801,-116.96976,0.32116));
#5940 = VECTOR('',#5941,1.);
#5941 = DIRECTION('',(0.,-1.,0.));
#5942 = ORIENTED_EDGE('',*,*,#5943,.F.);
#5943 = EDGE_CURVE('',#5944,#5936,#5946,.T.);
#5944 = VERTEX_POINT('',#5945);
#5945 = CARTESIAN_POINT('',(213.89741,-110.60029,0.32116));
#5946 = LINE('',#5947,#5948);
#5947 = CARTESIAN_POINT('',(213.89741,-110.60029,0.32116));
#5948 = VECTOR('',#5949,1.);
#5949 = DIRECTION('',(3.234161125462E-03,-0.999994770087,0.));
#5950 = ORIENTED_EDGE('',*,*,#5951,.F.);
#5951 = EDGE_CURVE('',#5952,#5944,#5954,.T.);
#5952 = VERTEX_POINT('',#5953);
#5953 = CARTESIAN_POINT('',(214.952597,-109.589639,0.32116));
#5954 = LINE('',#5955,#5956);
#5955 = CARTESIAN_POINT('',(214.952597,-109.589639,0.32116));
#5956 = VECTOR('',#5957,1.);
#5957 = DIRECTION('',(-0.72218301475,-0.691702026314,0.));
#5958 = ORIENTED_EDGE('',*,*,#5959,.F.);
#5959 = EDGE_CURVE('',#5960,#5952,#5962,.T.);
#5960 = VERTEX_POINT('',#5961);
#5961 = CARTESIAN_POINT('',(217.081427,-107.629538,0.32116));
#5962 = CIRCLE('',#5963,3.75920122819);
#5963 = AXIS2_PLACEMENT_3D('',#5964,#5965,#5966);
#5964 = CARTESIAN_POINT('',(218.36715062425,-111.1620312605,0.32116));
#5965 = DIRECTION('',(0.,0.,1.));
#5966 = DIRECTION('',(-0.342020430992,0.939692516084,0.));
#5967 = ORIENTED_EDGE('',*,*,#5968,.F.);
#5968 = EDGE_CURVE('',#5969,#5960,#5971,.T.);
#5969 = VERTEX_POINT('',#5970);
#5970 = CARTESIAN_POINT('',(217.5481,-107.2516,0.32116));
#5971 = LINE('',#5972,#5973);
#5972 = CARTESIAN_POINT('',(217.5481,-107.2516,0.32116));
#5973 = VECTOR('',#5974,1.);
#5974 = DIRECTION('',(-0.777118550665,-0.629354239052,0.));
#5975 = ORIENTED_EDGE('',*,*,#5976,.F.);
#5976 = EDGE_CURVE('',#5977,#5969,#5979,.T.);
#5977 = VERTEX_POINT('',#5978);
#5978 = CARTESIAN_POINT('',(217.5481,-71.4756,0.32116));
#5979 = LINE('',#5980,#5981);
#5980 = CARTESIAN_POINT('',(217.5481,-71.4756,0.32116));
#5981 = VECTOR('',#5982,1.);
#5982 = DIRECTION('',(0.,-1.,0.));
#5983 = ORIENTED_EDGE('',*,*,#5984,.F.);
#5984 = EDGE_CURVE('',#4857,#5977,#5985,.T.);
#5985 = LINE('',#5986,#5987);
#5986 = CARTESIAN_POINT('',(216.48133,-70.32282,0.32116));
#5987 = VECTOR('',#5988,1.);
#5988 = DIRECTION('',(0.67919585176,-0.733957079775,0.));
#5989 = ORIENTED_EDGE('',*,*,#4856,.F.);
#5990 = FACE_BOUND('',#5991,.T.);
#5991 = EDGE_LOOP('',(#5992));
#5992 = ORIENTED_EDGE('',*,*,#5993,.T.);
#5993 = EDGE_CURVE('',#5994,#5994,#5996,.T.);
#5994 = VERTEX_POINT('',#5995);
#5995 = CARTESIAN_POINT('',(118.01995,-141.6868,0.32116));
#5996 = CIRCLE('',#5997,1.);
#5997 = AXIS2_PLACEMENT_3D('',#5998,#5999,#6000);
#5998 = CARTESIAN_POINT('',(118.01995,-140.6868,0.32116));
#5999 = DIRECTION('',(-0.,0.,-1.));
#6000 = DIRECTION('',(-0.,-1.,0.));
#6001 = FACE_BOUND('',#6002,.T.);
#6002 = EDGE_LOOP('',(#6003));
#6003 = ORIENTED_EDGE('',*,*,#6004,.T.);
#6004 = EDGE_CURVE('',#6005,#6005,#6007,.T.);
#6005 = VERTEX_POINT('',#6006);
#6006 = CARTESIAN_POINT('',(102.8065,-123.4196,0.32116));
#6007 = CIRCLE('',#6008,1.525);
#6008 = AXIS2_PLACEMENT_3D('',#6009,#6010,#6011);
#6009 = CARTESIAN_POINT('',(102.8065,-121.8946,0.32116));
#6010 = DIRECTION('',(-0.,0.,-1.));
#6011 = DIRECTION('',(-0.,-1.,0.));
#6012 = FACE_BOUND('',#6013,.T.);
#6013 = EDGE_LOOP('',(#6014));
#6014 = ORIENTED_EDGE('',*,*,#6015,.T.);
#6015 = EDGE_CURVE('',#6016,#6016,#6018,.T.);
#6016 = VERTEX_POINT('',#6017);
#6017 = CARTESIAN_POINT('',(77.8381,-115.1102,0.32116));
#6018 = CIRCLE('',#6019,1.75);
#6019 = AXIS2_PLACEMENT_3D('',#6020,#6021,#6022);
#6020 = CARTESIAN_POINT('',(77.8381,-113.3602,0.32116));
#6021 = DIRECTION('',(-0.,0.,-1.));
#6022 = DIRECTION('',(-0.,-1.,0.));
#6023 = FACE_BOUND('',#6024,.T.);
#6024 = EDGE_LOOP('',(#6025));
#6025 = ORIENTED_EDGE('',*,*,#6026,.T.);
#6026 = EDGE_CURVE('',#6027,#6027,#6029,.T.);
#6027 = VERTEX_POINT('',#6028);
#6028 = CARTESIAN_POINT('',(84.7725,-109.9762,0.32116));
#6029 = CIRCLE('',#6030,0.45);
#6030 = AXIS2_PLACEMENT_3D('',#6031,#6032,#6033);
#6031 = CARTESIAN_POINT('',(84.7725,-109.5262,0.32116));
#6032 = DIRECTION('',(-0.,0.,-1.));
#6033 = DIRECTION('',(-3.157967714489E-14,-1.,0.));
#6034 = FACE_BOUND('',#6035,.T.);
#6035 = EDGE_LOOP('',(#6036));
#6036 = ORIENTED_EDGE('',*,*,#6037,.T.);
#6037 = EDGE_CURVE('',#6038,#6038,#6040,.T.);
#6038 = VERTEX_POINT('',#6039);
#6039 = CARTESIAN_POINT('',(84.7725,-106.9762,0.32116));
#6040 = CIRCLE('',#6041,0.45);
#6041 = AXIS2_PLACEMENT_3D('',#6042,#6043,#6044);
#6042 = CARTESIAN_POINT('',(84.7725,-106.5262,0.32116));
#6043 = DIRECTION('',(-0.,0.,-1.));
#6044 = DIRECTION('',(-3.157967714489E-14,-1.,0.));
#6045 = FACE_BOUND('',#6046,.T.);
#6046 = EDGE_LOOP('',(#6047));
#6047 = ORIENTED_EDGE('',*,*,#6048,.T.);
#6048 = EDGE_CURVE('',#6049,#6049,#6051,.T.);
#6049 = VERTEX_POINT('',#6050);
#6050 = CARTESIAN_POINT('',(94.5261,-109.9856,0.32116));
#6051 = CIRCLE('',#6052,0.45);
#6052 = AXIS2_PLACEMENT_3D('',#6053,#6054,#6055);
#6053 = CARTESIAN_POINT('',(94.5261,-109.5356,0.32116));
#6054 = DIRECTION('',(-0.,0.,-1.));
#6055 = DIRECTION('',(-0.,-1.,0.));
#6056 = FACE_BOUND('',#6057,.T.);
#6057 = EDGE_LOOP('',(#6058));
#6058 = ORIENTED_EDGE('',*,*,#6059,.T.);
#6059 = EDGE_CURVE('',#6060,#6060,#6062,.T.);
#6060 = VERTEX_POINT('',#6061);
#6061 = CARTESIAN_POINT('',(109.3597,-136.6868,0.32116));
#6062 = CIRCLE('',#6063,1.);
#6063 = AXIS2_PLACEMENT_3D('',#6064,#6065,#6066);
#6064 = CARTESIAN_POINT('',(109.3597,-135.6868,0.32116));
#6065 = DIRECTION('',(-0.,0.,-1.));
#6066 = DIRECTION('',(-0.,-1.,0.));
#6067 = FACE_BOUND('',#6068,.T.);
#6068 = EDGE_LOOP('',(#6069));
#6069 = ORIENTED_EDGE('',*,*,#6070,.T.);
#6070 = EDGE_CURVE('',#6071,#6071,#6073,.T.);
#6071 = VERTEX_POINT('',#6072);
#6072 = CARTESIAN_POINT('',(122.01995,-134.7586,0.32116));
#6073 = CIRCLE('',#6074,1.);
#6074 = AXIS2_PLACEMENT_3D('',#6075,#6076,#6077);
#6075 = CARTESIAN_POINT('',(122.01995,-133.7586,0.32116));
#6076 = DIRECTION('',(-0.,0.,-1.));
#6077 = DIRECTION('',(-0.,-1.,0.));
#6078 = FACE_BOUND('',#6079,.T.);
#6079 = EDGE_LOOP('',(#6080));
#6080 = ORIENTED_EDGE('',*,*,#6081,.T.);
#6081 = EDGE_CURVE('',#6082,#6082,#6084,.T.);
#6082 = VERTEX_POINT('',#6083);
#6083 = CARTESIAN_POINT('',(113.3597,-129.7586,0.32116));
#6084 = CIRCLE('',#6085,1.);
#6085 = AXIS2_PLACEMENT_3D('',#6086,#6087,#6088);
#6086 = CARTESIAN_POINT('',(113.3597,-128.7586,0.32116));
#6087 = DIRECTION('',(-0.,0.,-1.));
#6088 = DIRECTION('',(-0.,-1.,0.));
#6089 = FACE_BOUND('',#6090,.T.);
#6090 = EDGE_LOOP('',(#6091));
#6091 = ORIENTED_EDGE('',*,*,#6092,.T.);
#6092 = EDGE_CURVE('',#6093,#6093,#6095,.T.);
#6093 = VERTEX_POINT('',#6094);
#6094 = CARTESIAN_POINT('',(110.1065,-122.8196,0.32116));
#6095 = CIRCLE('',#6096,0.925);
#6096 = AXIS2_PLACEMENT_3D('',#6097,#6098,#6099);
#6097 = CARTESIAN_POINT('',(110.1065,-121.8946,0.32116));
#6098 = DIRECTION('',(-0.,0.,-1.));
#6099 = DIRECTION('',(-0.,-1.,0.));
#6100 = FACE_BOUND('',#6101,.T.);
#6101 = EDGE_LOOP('',(#6102));
#6102 = ORIENTED_EDGE('',*,*,#6103,.T.);
#6103 = EDGE_CURVE('',#6104,#6104,#6106,.T.);
#6104 = VERTEX_POINT('',#6105);
#6105 = CARTESIAN_POINT('',(115.6065,-122.8196,0.32116));
#6106 = CIRCLE('',#6107,0.925);
#6107 = AXIS2_PLACEMENT_3D('',#6108,#6109,#6110);
#6108 = CARTESIAN_POINT('',(115.6065,-121.8946,0.32116));
#6109 = DIRECTION('',(-0.,0.,-1.));
#6110 = DIRECTION('',(-0.,-1.,0.));
#6111 = FACE_BOUND('',#6112,.T.);
#6112 = EDGE_LOOP('',(#6113));
#6113 = ORIENTED_EDGE('',*,*,#6114,.T.);
#6114 = EDGE_CURVE('',#6115,#6115,#6117,.T.);
#6115 = VERTEX_POINT('',#6116);
#6116 = CARTESIAN_POINT('',(166.9161,-168.6804,0.32116));
#6117 = CIRCLE('',#6118,0.85);
#6118 = AXIS2_PLACEMENT_3D('',#6119,#6120,#6121);
#6119 = CARTESIAN_POINT('',(166.9161,-167.8304,0.32116));
#6120 = DIRECTION('',(-0.,0.,-1.));
#6121 = DIRECTION('',(-0.,-1.,0.));
#6122 = FACE_BOUND('',#6123,.T.);
#6123 = EDGE_LOOP('',(#6124));
#6124 = ORIENTED_EDGE('',*,*,#6125,.T.);
#6125 = EDGE_CURVE('',#6126,#6126,#6128,.T.);
#6126 = VERTEX_POINT('',#6127);
#6127 = CARTESIAN_POINT('',(172.9161,-166.1804,0.32116));
#6128 = CIRCLE('',#6129,1.5);
#6129 = AXIS2_PLACEMENT_3D('',#6130,#6131,#6132);
#6130 = CARTESIAN_POINT('',(172.9161,-164.6804,0.32116));
#6131 = DIRECTION('',(-0.,0.,-1.));
#6132 = DIRECTION('',(-0.,-1.,0.));
#6133 = FACE_BOUND('',#6134,.T.);
#6134 = EDGE_LOOP('',(#6135));
#6135 = ORIENTED_EDGE('',*,*,#6136,.T.);
#6136 = EDGE_CURVE('',#6137,#6137,#6139,.T.);
#6137 = VERTEX_POINT('',#6138);
#6138 = CARTESIAN_POINT('',(166.9161,-155.1804,0.32116));
#6139 = CIRCLE('',#6140,0.85);
#6140 = AXIS2_PLACEMENT_3D('',#6141,#6142,#6143);
#6141 = CARTESIAN_POINT('',(166.9161,-154.3304,0.32116));
#6142 = DIRECTION('',(-0.,0.,-1.));
#6143 = DIRECTION('',(-0.,-1.,0.));
#6144 = FACE_BOUND('',#6145,.T.);
#6145 = EDGE_LOOP('',(#6146));
#6146 = ORIENTED_EDGE('',*,*,#6147,.T.);
#6147 = EDGE_CURVE('',#6148,#6148,#6150,.T.);
#6148 = VERTEX_POINT('',#6149);
#6149 = CARTESIAN_POINT('',(172.9161,-158.9804,0.32116));
#6150 = CIRCLE('',#6151,1.5);
#6151 = AXIS2_PLACEMENT_3D('',#6152,#6153,#6154);
#6152 = CARTESIAN_POINT('',(172.9161,-157.4804,0.32116));
#6153 = DIRECTION('',(-0.,0.,-1.));
#6154 = DIRECTION('',(-0.,-1.,0.));
#6155 = FACE_BOUND('',#6156,.T.);
#6156 = EDGE_LOOP('',(#6157));
#6157 = ORIENTED_EDGE('',*,*,#6158,.T.);
#6158 = EDGE_CURVE('',#6159,#6159,#6161,.T.);
#6159 = VERTEX_POINT('',#6160);
#6160 = CARTESIAN_POINT('',(186.26214,-157.7464,0.32116));
#6161 = CIRCLE('',#6162,0.75);
#6162 = AXIS2_PLACEMENT_3D('',#6163,#6164,#6165);
#6163 = CARTESIAN_POINT('',(186.26214,-156.9964,0.32116));
#6164 = DIRECTION('',(-0.,0.,-1.));
#6165 = DIRECTION('',(-0.,-1.,0.));
#6166 = FACE_BOUND('',#6167,.T.);
#6167 = EDGE_LOOP('',(#6168));
#6168 = ORIENTED_EDGE('',*,*,#6169,.T.);
#6169 = EDGE_CURVE('',#6170,#6170,#6172,.T.);
#6170 = VERTEX_POINT('',#6171);
#6171 = CARTESIAN_POINT('',(187.93421,-155.99086,0.32116));
#6172 = CIRCLE('',#6173,0.5);
#6173 = AXIS2_PLACEMENT_3D('',#6174,#6175,#6176);
#6174 = CARTESIAN_POINT('',(187.93421,-155.49086,0.32116));
#6175 = DIRECTION('',(-0.,0.,-1.));
#6176 = DIRECTION('',(-0.,-1.,0.));
#6177 = FACE_BOUND('',#6178,.T.);
#6178 = EDGE_LOOP('',(#6179));
#6179 = ORIENTED_EDGE('',*,*,#6180,.T.);
#6180 = EDGE_CURVE('',#6181,#6181,#6183,.T.);
#6181 = VERTEX_POINT('',#6182);
#6182 = CARTESIAN_POINT('',(189.4205,-154.6526,0.32116));
#6183 = CIRCLE('',#6184,0.5);
#6184 = AXIS2_PLACEMENT_3D('',#6185,#6186,#6187);
#6185 = CARTESIAN_POINT('',(189.4205,-154.1526,0.32116));
#6186 = DIRECTION('',(-0.,0.,-1.));
#6187 = DIRECTION('',(-0.,-1.,0.));
#6188 = FACE_BOUND('',#6189,.T.);
#6189 = EDGE_LOOP('',(#6190));
#6190 = ORIENTED_EDGE('',*,*,#6191,.T.);
#6191 = EDGE_CURVE('',#6192,#6192,#6194,.T.);
#6192 = VERTEX_POINT('',#6193);
#6193 = CARTESIAN_POINT('',(190.90679,-153.31434,0.32116));
#6194 = CIRCLE('',#6195,0.5);
#6195 = AXIS2_PLACEMENT_3D('',#6196,#6197,#6198);
#6196 = CARTESIAN_POINT('',(190.90679,-152.81434,0.32116));
#6197 = DIRECTION('',(-0.,0.,-1.));
#6198 = DIRECTION('',(-0.,-1.,0.));
#6199 = FACE_BOUND('',#6200,.T.);
#6200 = EDGE_LOOP('',(#6201));
#6201 = ORIENTED_EDGE('',*,*,#6202,.T.);
#6202 = EDGE_CURVE('',#6203,#6203,#6205,.T.);
#6203 = VERTEX_POINT('',#6204);
#6204 = CARTESIAN_POINT('',(192.57887,-152.05879,0.32116));
#6205 = CIRCLE('',#6206,0.75);
#6206 = AXIS2_PLACEMENT_3D('',#6207,#6208,#6209);
#6207 = CARTESIAN_POINT('',(192.57887,-151.30879,0.32116));
#6208 = DIRECTION('',(-0.,0.,-1.));
#6209 = DIRECTION('',(-0.,-1.,0.));
#6210 = FACE_BOUND('',#6211,.T.);
#6211 = EDGE_LOOP('',(#6212));
#6212 = ORIENTED_EDGE('',*,*,#6213,.T.);
#6213 = EDGE_CURVE('',#6214,#6214,#6216,.T.);
#6214 = VERTEX_POINT('',#6215);
#6215 = CARTESIAN_POINT('',(172.4041,-123.8864,0.32116));
#6216 = CIRCLE('',#6217,0.925);
#6217 = AXIS2_PLACEMENT_3D('',#6218,#6219,#6220);
#6218 = CARTESIAN_POINT('',(172.4041,-122.9614,0.32116));
#6219 = DIRECTION('',(-0.,0.,-1.));
#6220 = DIRECTION('',(-0.,-1.,0.));
#6221 = FACE_BOUND('',#6222,.T.);
#6222 = EDGE_LOOP('',(#6223));
#6223 = ORIENTED_EDGE('',*,*,#6224,.T.);
#6224 = EDGE_CURVE('',#6225,#6225,#6227,.T.);
#6225 = VERTEX_POINT('',#6226);
#6226 = CARTESIAN_POINT('',(177.9041,-123.8864,0.32116));
#6227 = CIRCLE('',#6228,0.925);
#6228 = AXIS2_PLACEMENT_3D('',#6229,#6230,#6231);
#6229 = CARTESIAN_POINT('',(177.9041,-122.9614,0.32116));
#6230 = DIRECTION('',(-0.,0.,-1.));
#6231 = DIRECTION('',(-0.,-1.,0.));
#6232 = FACE_BOUND('',#6233,.T.);
#6233 = EDGE_LOOP('',(#6234));
#6234 = ORIENTED_EDGE('',*,*,#6235,.T.);
#6235 = EDGE_CURVE('',#6236,#6236,#6238,.T.);
#6236 = VERTEX_POINT('',#6237);
#6237 = CARTESIAN_POINT('',(185.2041,-124.4864,0.32116));
#6238 = CIRCLE('',#6239,1.525);
#6239 = AXIS2_PLACEMENT_3D('',#6240,#6241,#6242);
#6240 = CARTESIAN_POINT('',(185.2041,-122.9614,0.32116));
#6241 = DIRECTION('',(-0.,0.,-1.));
#6242 = DIRECTION('',(1.863718651174E-14,-1.,-0.));
#6243 = FACE_BOUND('',#6244,.T.);
#6244 = EDGE_LOOP('',(#6245));
#6245 = ORIENTED_EDGE('',*,*,#6246,.T.);
#6246 = EDGE_CURVE('',#6247,#6247,#6249,.T.);
#6247 = VERTEX_POINT('',#6248);
#6248 = CARTESIAN_POINT('',(209.5371,-114.9832,0.32116));
#6249 = CIRCLE('',#6250,1.75);
#6250 = AXIS2_PLACEMENT_3D('',#6251,#6252,#6253);
#6251 = CARTESIAN_POINT('',(209.5371,-113.2332,0.32116));
#6252 = DIRECTION('',(-0.,0.,-1.));
#6253 = DIRECTION('',(-0.,-1.,0.));
#6254 = FACE_BOUND('',#6255,.T.);
#6255 = EDGE_LOOP('',(#6256));
#6256 = ORIENTED_EDGE('',*,*,#6257,.T.);
#6257 = EDGE_CURVE('',#6258,#6258,#6260,.T.);
#6258 = VERTEX_POINT('',#6259);
#6259 = CARTESIAN_POINT('',(94.5261,-104.9856,0.32116));
#6260 = CIRCLE('',#6261,0.45);
#6261 = AXIS2_PLACEMENT_3D('',#6262,#6263,#6264);
#6262 = CARTESIAN_POINT('',(94.5261,-104.5356,0.32116));
#6263 = DIRECTION('',(-0.,0.,-1.));
#6264 = DIRECTION('',(-0.,-1.,0.));
#6265 = FACE_BOUND('',#6266,.T.);
#6266 = EDGE_LOOP('',(#6267));
#6267 = ORIENTED_EDGE('',*,*,#6268,.T.);
#6268 = EDGE_CURVE('',#6269,#6269,#6271,.T.);
#6269 = VERTEX_POINT('',#6270);
#6270 = CARTESIAN_POINT('',(74.2821,-77.0102,0.32116));
#6271 = CIRCLE('',#6272,1.75);
#6272 = AXIS2_PLACEMENT_3D('',#6273,#6274,#6275);
#6273 = CARTESIAN_POINT('',(74.2821,-75.2602,0.32116));
#6274 = DIRECTION('',(-0.,0.,-1.));
#6275 = DIRECTION('',(-0.,-1.,0.));
#6276 = FACE_BOUND('',#6277,.T.);
#6277 = EDGE_LOOP('',(#6278));
#6278 = ORIENTED_EDGE('',*,*,#6279,.T.);
#6279 = EDGE_CURVE('',#6280,#6280,#6282,.T.);
#6280 = VERTEX_POINT('',#6281);
#6281 = CARTESIAN_POINT('',(85.2803,-69.4872,0.32116));
#6282 = CIRCLE('',#6283,0.45);
#6283 = AXIS2_PLACEMENT_3D('',#6284,#6285,#6286);
#6284 = CARTESIAN_POINT('',(85.2803,-69.0372,0.32116));
#6285 = DIRECTION('',(-0.,0.,-1.));
#6286 = DIRECTION('',(-0.,-1.,0.));
#6287 = FACE_BOUND('',#6288,.T.);
#6288 = EDGE_LOOP('',(#6289));
#6289 = ORIENTED_EDGE('',*,*,#6290,.T.);
#6290 = EDGE_CURVE('',#6291,#6291,#6293,.T.);
#6291 = VERTEX_POINT('',#6292);
#6292 = CARTESIAN_POINT('',(85.2803,-66.9472,0.32116));
#6293 = CIRCLE('',#6294,0.45);
#6294 = AXIS2_PLACEMENT_3D('',#6295,#6296,#6297);
#6295 = CARTESIAN_POINT('',(85.2803,-66.4972,0.32116));
#6296 = DIRECTION('',(-0.,0.,-1.));
#6297 = DIRECTION('',(-0.,-1.,0.));
#6298 = FACE_BOUND('',#6299,.T.);
#6299 = EDGE_LOOP('',(#6300));
#6300 = ORIENTED_EDGE('',*,*,#6301,.T.);
#6301 = EDGE_CURVE('',#6302,#6302,#6304,.T.);
#6302 = VERTEX_POINT('',#6303);
#6303 = CARTESIAN_POINT('',(87.8203,-69.4872,0.32116));
#6304 = CIRCLE('',#6305,0.45);
#6305 = AXIS2_PLACEMENT_3D('',#6306,#6307,#6308);
#6306 = CARTESIAN_POINT('',(87.8203,-69.0372,0.32116));
#6307 = DIRECTION('',(-0.,0.,-1.));
#6308 = DIRECTION('',(-0.,-1.,0.));
#6309 = FACE_BOUND('',#6310,.T.);
#6310 = EDGE_LOOP('',(#6311));
#6311 = ORIENTED_EDGE('',*,*,#6312,.T.);
#6312 = EDGE_CURVE('',#6313,#6313,#6315,.T.);
#6313 = VERTEX_POINT('',#6314);
#6314 = CARTESIAN_POINT('',(87.8203,-66.9472,0.32116));
#6315 = CIRCLE('',#6316,0.45);
#6316 = AXIS2_PLACEMENT_3D('',#6317,#6318,#6319);
#6317 = CARTESIAN_POINT('',(87.8203,-66.4972,0.32116));
#6318 = DIRECTION('',(-0.,0.,-1.));
#6319 = DIRECTION('',(-0.,-1.,0.));
#6320 = FACE_BOUND('',#6321,.T.);
#6321 = EDGE_LOOP('',(#6322));
#6322 = ORIENTED_EDGE('',*,*,#6323,.T.);
#6323 = EDGE_CURVE('',#6324,#6324,#6326,.T.);
#6324 = VERTEX_POINT('',#6325);
#6325 = CARTESIAN_POINT('',(85.2803,-64.4072,0.32116));
#6326 = CIRCLE('',#6327,0.45);
#6327 = AXIS2_PLACEMENT_3D('',#6328,#6329,#6330);
#6328 = CARTESIAN_POINT('',(85.2803,-63.9572,0.32116));
#6329 = DIRECTION('',(-0.,0.,-1.));
#6330 = DIRECTION('',(-0.,-1.,0.));
#6331 = FACE_BOUND('',#6332,.T.);
#6332 = EDGE_LOOP('',(#6333));
#6333 = ORIENTED_EDGE('',*,*,#6334,.T.);
#6334 = EDGE_CURVE('',#6335,#6335,#6337,.T.);
#6335 = VERTEX_POINT('',#6336);
#6336 = CARTESIAN_POINT('',(87.8203,-64.4072,0.32116));
#6337 = CIRCLE('',#6338,0.45);
#6338 = AXIS2_PLACEMENT_3D('',#6339,#6340,#6341);
#6339 = CARTESIAN_POINT('',(87.8203,-63.9572,0.32116));
#6340 = DIRECTION('',(-0.,0.,-1.));
#6341 = DIRECTION('',(-0.,-1.,0.));
#6342 = FACE_BOUND('',#6343,.T.);
#6343 = EDGE_LOOP('',(#6344));
#6344 = ORIENTED_EDGE('',*,*,#6345,.T.);
#6345 = EDGE_CURVE('',#6346,#6346,#6348,.T.);
#6346 = VERTEX_POINT('',#6347);
#6347 = CARTESIAN_POINT('',(85.2803,-61.8672,0.32116));
#6348 = CIRCLE('',#6349,0.45);
#6349 = AXIS2_PLACEMENT_3D('',#6350,#6351,#6352);
#6350 = CARTESIAN_POINT('',(85.2803,-61.4172,0.32116));
#6351 = DIRECTION('',(-0.,0.,-1.));
#6352 = DIRECTION('',(-0.,-1.,0.));
#6353 = FACE_BOUND('',#6354,.T.);
#6354 = EDGE_LOOP('',(#6355));
#6355 = ORIENTED_EDGE('',*,*,#6356,.T.);
#6356 = EDGE_CURVE('',#6357,#6357,#6359,.T.);
#6357 = VERTEX_POINT('',#6358);
#6358 = CARTESIAN_POINT('',(85.2803,-59.3272,0.32116));
#6359 = CIRCLE('',#6360,0.45);
#6360 = AXIS2_PLACEMENT_3D('',#6361,#6362,#6363);
#6361 = CARTESIAN_POINT('',(85.2803,-58.8772,0.32116));
#6362 = DIRECTION('',(-0.,0.,-1.));
#6363 = DIRECTION('',(-0.,-1.,0.));
#6364 = FACE_BOUND('',#6365,.T.);
#6365 = EDGE_LOOP('',(#6366));
#6366 = ORIENTED_EDGE('',*,*,#6367,.T.);
#6367 = EDGE_CURVE('',#6368,#6368,#6370,.T.);
#6368 = VERTEX_POINT('',#6369);
#6369 = CARTESIAN_POINT('',(87.8203,-61.8672,0.32116));
#6370 = CIRCLE('',#6371,0.45);
#6371 = AXIS2_PLACEMENT_3D('',#6372,#6373,#6374);
#6372 = CARTESIAN_POINT('',(87.8203,-61.4172,0.32116));
#6373 = DIRECTION('',(-0.,0.,-1.));
#6374 = DIRECTION('',(-0.,-1.,0.));
#6375 = FACE_BOUND('',#6376,.T.);
#6376 = EDGE_LOOP('',(#6377));
#6377 = ORIENTED_EDGE('',*,*,#6378,.T.);
#6378 = EDGE_CURVE('',#6379,#6379,#6381,.T.);
#6379 = VERTEX_POINT('',#6380);
#6380 = CARTESIAN_POINT('',(87.8203,-59.3272,0.32116));
#6381 = CIRCLE('',#6382,0.45);
#6382 = AXIS2_PLACEMENT_3D('',#6383,#6384,#6385);
#6383 = CARTESIAN_POINT('',(87.8203,-58.8772,0.32116));
#6384 = DIRECTION('',(-0.,0.,-1.));
#6385 = DIRECTION('',(-0.,-1.,0.));
#6386 = FACE_BOUND('',#6387,.T.);
#6387 = EDGE_LOOP('',(#6388));
#6388 = ORIENTED_EDGE('',*,*,#6389,.T.);
#6389 = EDGE_CURVE('',#6390,#6390,#6392,.T.);
#6390 = VERTEX_POINT('',#6391);
#6391 = CARTESIAN_POINT('',(85.2803,-56.7872,0.32116));
#6392 = CIRCLE('',#6393,0.45);
#6393 = AXIS2_PLACEMENT_3D('',#6394,#6395,#6396);
#6394 = CARTESIAN_POINT('',(85.2803,-56.3372,0.32116));
#6395 = DIRECTION('',(-0.,0.,-1.));
#6396 = DIRECTION('',(-0.,-1.,0.));
#6397 = FACE_BOUND('',#6398,.T.);
#6398 = EDGE_LOOP('',(#6399));
#6399 = ORIENTED_EDGE('',*,*,#6400,.T.);
#6400 = EDGE_CURVE('',#6401,#6401,#6403,.T.);
#6401 = VERTEX_POINT('',#6402);
#6402 = CARTESIAN_POINT('',(87.8203,-56.7872,0.32116));
#6403 = CIRCLE('',#6404,0.45);
#6404 = AXIS2_PLACEMENT_3D('',#6405,#6406,#6407);
#6405 = CARTESIAN_POINT('',(87.8203,-56.3372,0.32116));
#6406 = DIRECTION('',(-0.,0.,-1.));
#6407 = DIRECTION('',(-0.,-1.,0.));
#6408 = FACE_BOUND('',#6409,.T.);
#6409 = EDGE_LOOP('',(#6410));
#6410 = ORIENTED_EDGE('',*,*,#6411,.F.);
#6411 = EDGE_CURVE('',#6412,#6412,#6414,.T.);
#6412 = VERTEX_POINT('',#6413);
#6413 = CARTESIAN_POINT('',(130.93311,-43.4232,0.32116));
#6414 = CIRCLE('',#6415,1.75001);
#6415 = AXIS2_PLACEMENT_3D('',#6416,#6417,#6418);
#6416 = CARTESIAN_POINT('',(129.1831,-43.4232,0.32116));
#6417 = DIRECTION('',(0.,0.,1.));
#6418 = DIRECTION('',(1.,0.,-0.));
#6419 = FACE_BOUND('',#6420,.T.);
#6420 = EDGE_LOOP('',(#6421));
#6421 = ORIENTED_EDGE('',*,*,#6422,.T.);
#6422 = EDGE_CURVE('',#6423,#6423,#6425,.T.);
#6423 = VERTEX_POINT('',#6424);
#6424 = CARTESIAN_POINT('',(182.3995,-102.8386,0.32116));
#6425 = CIRCLE('',#6426,0.53);
#6426 = AXIS2_PLACEMENT_3D('',#6427,#6428,#6429);
#6427 = CARTESIAN_POINT('',(182.3995,-102.3086,0.32116));
#6428 = DIRECTION('',(-0.,0.,-1.));
#6429 = DIRECTION('',(-0.,-1.,0.));
#6430 = FACE_BOUND('',#6431,.T.);
#6431 = EDGE_LOOP('',(#6432));
#6432 = ORIENTED_EDGE('',*,*,#6433,.T.);
#6433 = EDGE_CURVE('',#6434,#6434,#6436,.T.);
#6434 = VERTEX_POINT('',#6435);
#6435 = CARTESIAN_POINT('',(182.3995,-99.3386,0.32116));
#6436 = CIRCLE('',#6437,0.53);
#6437 = AXIS2_PLACEMENT_3D('',#6438,#6439,#6440);
#6438 = CARTESIAN_POINT('',(182.3995,-98.8086,0.32116));
#6439 = DIRECTION('',(-0.,0.,-1.));
#6440 = DIRECTION('',(-0.,-1.,0.));
#6441 = FACE_BOUND('',#6442,.T.);
#6442 = EDGE_LOOP('',(#6443));
#6443 = ORIENTED_EDGE('',*,*,#6444,.T.);
#6444 = EDGE_CURVE('',#6445,#6445,#6447,.T.);
#6445 = VERTEX_POINT('',#6446);
#6446 = CARTESIAN_POINT('',(190.3095,-102.1036,0.32116));
#6447 = CIRCLE('',#6448,1.545);
#6448 = AXIS2_PLACEMENT_3D('',#6449,#6450,#6451);
#6449 = CARTESIAN_POINT('',(190.3095,-100.5586,0.32116));
#6450 = DIRECTION('',(-0.,0.,-1.));
#6451 = DIRECTION('',(-0.,-1.,0.));
#6452 = FACE_BOUND('',#6453,.T.);
#6453 = EDGE_LOOP('',(#6454));
#6454 = ORIENTED_EDGE('',*,*,#6455,.T.);
#6455 = EDGE_CURVE('',#6456,#6456,#6458,.T.);
#6456 = VERTEX_POINT('',#6457);
#6457 = CARTESIAN_POINT('',(182.3995,-90.9514,0.32116));
#6458 = CIRCLE('',#6459,0.53);
#6459 = AXIS2_PLACEMENT_3D('',#6460,#6461,#6462);
#6460 = CARTESIAN_POINT('',(182.3995,-90.4214,0.32116));
#6461 = DIRECTION('',(-0.,0.,-1.));
#6462 = DIRECTION('',(-0.,-1.,0.));
#6463 = FACE_BOUND('',#6464,.T.);
#6464 = EDGE_LOOP('',(#6465));
#6465 = ORIENTED_EDGE('',*,*,#6466,.T.);
#6466 = EDGE_CURVE('',#6467,#6467,#6469,.T.);
#6467 = VERTEX_POINT('',#6468);
#6468 = CARTESIAN_POINT('',(182.3995,-87.4514,0.32116));
#6469 = CIRCLE('',#6470,0.53);
#6470 = AXIS2_PLACEMENT_3D('',#6471,#6472,#6473);
#6471 = CARTESIAN_POINT('',(182.3995,-86.9214,0.32116));
#6472 = DIRECTION('',(-0.,0.,-1.));
#6473 = DIRECTION('',(-0.,-1.,0.));
#6474 = FACE_BOUND('',#6475,.T.);
#6475 = EDGE_LOOP('',(#6476));
#6476 = ORIENTED_EDGE('',*,*,#6477,.T.);
#6477 = EDGE_CURVE('',#6478,#6478,#6480,.T.);
#6478 = VERTEX_POINT('',#6479);
#6479 = CARTESIAN_POINT('',(190.3095,-90.2164,0.32116));
#6480 = CIRCLE('',#6481,1.545);
#6481 = AXIS2_PLACEMENT_3D('',#6482,#6483,#6484);
#6482 = CARTESIAN_POINT('',(190.3095,-88.6714,0.32116));
#6483 = DIRECTION('',(-0.,0.,-1.));
#6484 = DIRECTION('',(-0.,-1.,0.));
#6485 = FACE_BOUND('',#6486,.T.);
#6486 = EDGE_LOOP('',(#6487));
#6487 = ORIENTED_EDGE('',*,*,#6488,.T.);
#6488 = EDGE_CURVE('',#6489,#6489,#6491,.T.);
#6489 = VERTEX_POINT('',#6490);
#6490 = CARTESIAN_POINT('',(213.0931,-77.1118,0.32116));
#6491 = CIRCLE('',#6492,1.75);
#6492 = AXIS2_PLACEMENT_3D('',#6493,#6494,#6495);
#6493 = CARTESIAN_POINT('',(213.0931,-75.3618,0.32116));
#6494 = DIRECTION('',(-0.,0.,-1.));
#6495 = DIRECTION('',(-0.,-1.,0.));
#6496 = FACE_BOUND('',#6497,.T.);
#6497 = EDGE_LOOP('',(#6498));
#6498 = ORIENTED_EDGE('',*,*,#6499,.F.);
#6499 = EDGE_CURVE('',#6500,#6500,#6502,.T.);
#6500 = VERTEX_POINT('',#6501);
#6501 = CARTESIAN_POINT('',(160.93311,-43.4232,0.32116));
#6502 = CIRCLE('',#6503,1.75001);
#6503 = AXIS2_PLACEMENT_3D('',#6504,#6505,#6506);
#6504 = CARTESIAN_POINT('',(159.1831,-43.4232,0.32116));
#6505 = DIRECTION('',(0.,0.,1.));
#6506 = DIRECTION('',(1.,0.,-0.));
#6507 = PLANE('',#6508);
#6508 = AXIS2_PLACEMENT_3D('',#6509,#6510,#6511);
#6509 = CARTESIAN_POINT('',(0.,0.,0.32116));
#6510 = DIRECTION('',(0.,0.,1.));
#6511 = DIRECTION('',(1.,0.,-0.));
#6512 = ADVANCED_FACE('',(#6513),#6524,.T.);
#6513 = FACE_BOUND('',#6514,.T.);
#6514 = EDGE_LOOP('',(#6515,#6521,#6522,#6523));
#6515 = ORIENTED_EDGE('',*,*,#6516,.T.);
#6516 = EDGE_CURVE('',#4889,#5704,#6517,.T.);
#6517 = LINE('',#6518,#6519);
#6518 = CARTESIAN_POINT('',(71.85874,-43.483,0.));
#6519 = VECTOR('',#6520,1.);
#6520 = DIRECTION('',(0.,0.,1.));
#6521 = ORIENTED_EDGE('',*,*,#5703,.T.);
#6522 = ORIENTED_EDGE('',*,*,#4824,.F.);
#6523 = ORIENTED_EDGE('',*,*,#4888,.F.);
#6524 = CYLINDRICAL_SURFACE('',#6525,3.058560056902);
#6525 = AXIS2_PLACEMENT_3D('',#6526,#6527,#6528);
#6526 = CARTESIAN_POINT('',(74.917300056902,-43.4830000569,0.));
#6527 = DIRECTION('',(0.,0.,-1.));
#6528 = DIRECTION('',(-1.,1.860360892566E-08,0.));
#6529 = ADVANCED_FACE('',(#6530),#6541,.T.);
#6530 = FACE_BOUND('',#6531,.T.);
#6531 = EDGE_LOOP('',(#6532,#6533,#6534,#6540));
#6532 = ORIENTED_EDGE('',*,*,#4864,.T.);
#6533 = ORIENTED_EDGE('',*,*,#5984,.T.);
#6534 = ORIENTED_EDGE('',*,*,#6535,.F.);
#6535 = EDGE_CURVE('',#5162,#5977,#6536,.T.);
#6536 = LINE('',#6537,#6538);
#6537 = CARTESIAN_POINT('',(217.5481,-71.4756,0.));
#6538 = VECTOR('',#6539,1.);
#6539 = DIRECTION('',(0.,0.,1.));
#6540 = ORIENTED_EDGE('',*,*,#5169,.F.);
#6541 = PLANE('',#6542);
#6542 = AXIS2_PLACEMENT_3D('',#6543,#6544,#6545);
#6543 = CARTESIAN_POINT('',(216.48133,-70.32282,0.));
#6544 = DIRECTION('',(0.733957079775,0.67919585176,-0.));
#6545 = DIRECTION('',(0.67919585176,-0.733957079775,0.));
#6546 = ADVANCED_FACE('',(#6547),#6558,.T.);
#6547 = FACE_BOUND('',#6548,.T.);
#6548 = EDGE_LOOP('',(#6549,#6555,#6556,#6557));
#6549 = ORIENTED_EDGE('',*,*,#6550,.T.);
#6550 = EDGE_CURVE('',#4898,#5713,#6551,.T.);
#6551 = LINE('',#6552,#6553);
#6552 = CARTESIAN_POINT('',(71.9201,-70.4596,0.));
#6553 = VECTOR('',#6554,1.);
#6554 = DIRECTION('',(0.,0.,1.));
#6555 = ORIENTED_EDGE('',*,*,#5712,.T.);
#6556 = ORIENTED_EDGE('',*,*,#6516,.F.);
#6557 = ORIENTED_EDGE('',*,*,#4897,.F.);
#6558 = PLANE('',#6559);
#6559 = AXIS2_PLACEMENT_3D('',#6560,#6561,#6562);
#6560 = CARTESIAN_POINT('',(71.9201,-70.4596,0.));
#6561 = DIRECTION('',(-0.99999741319,-2.274557997425E-03,0.));
#6562 = DIRECTION('',(-2.274557997425E-03,0.99999741319,0.));
#6563 = ADVANCED_FACE('',(#6564),#6575,.T.);
#6564 = FACE_BOUND('',#6565,.T.);
#6565 = EDGE_LOOP('',(#6566,#6567,#6568,#6574));
#6566 = ORIENTED_EDGE('',*,*,#6535,.T.);
#6567 = ORIENTED_EDGE('',*,*,#5976,.T.);
#6568 = ORIENTED_EDGE('',*,*,#6569,.F.);
#6569 = EDGE_CURVE('',#5154,#5969,#6570,.T.);
#6570 = LINE('',#6571,#6572);
#6571 = CARTESIAN_POINT('',(217.5481,-107.2516,0.));
#6572 = VECTOR('',#6573,1.);
#6573 = DIRECTION('',(0.,0.,1.));
#6574 = ORIENTED_EDGE('',*,*,#5161,.F.);
#6575 = PLANE('',#6576);
#6576 = AXIS2_PLACEMENT_3D('',#6577,#6578,#6579);
#6577 = CARTESIAN_POINT('',(217.5481,-71.4756,0.));
#6578 = DIRECTION('',(1.,0.,-0.));
#6579 = DIRECTION('',(0.,-1.,0.));
#6580 = ADVANCED_FACE('',(#6581),#6592,.T.);
#6581 = FACE_BOUND('',#6582,.T.);
#6582 = EDGE_LOOP('',(#6583,#6589,#6590,#6591));
#6583 = ORIENTED_EDGE('',*,*,#6584,.T.);
#6584 = EDGE_CURVE('',#4906,#5721,#6585,.T.);
#6585 = LINE('',#6586,#6587);
#6586 = CARTESIAN_POINT('',(70.276839,-72.10285,0.));
#6587 = VECTOR('',#6588,1.);
#6588 = DIRECTION('',(0.,0.,1.));
#6589 = ORIENTED_EDGE('',*,*,#5720,.T.);
#6590 = ORIENTED_EDGE('',*,*,#6550,.F.);
#6591 = ORIENTED_EDGE('',*,*,#4905,.F.);
#6592 = PLANE('',#6593);
#6593 = AXIS2_PLACEMENT_3D('',#6594,#6595,#6596);
#6594 = CARTESIAN_POINT('',(70.276839,-72.10285,0.));
#6595 = DIRECTION('',(-0.707104414486,0.707109147879,0.));
#6596 = DIRECTION('',(0.707109147879,0.707104414486,0.));
#6597 = ADVANCED_FACE('',(#6598),#6609,.T.);
#6598 = FACE_BOUND('',#6599,.T.);
#6599 = EDGE_LOOP('',(#6600,#6601,#6602,#6608));
#6600 = ORIENTED_EDGE('',*,*,#6569,.T.);
#6601 = ORIENTED_EDGE('',*,*,#5968,.T.);
#6602 = ORIENTED_EDGE('',*,*,#6603,.F.);
#6603 = EDGE_CURVE('',#5145,#5960,#6604,.T.);
#6604 = LINE('',#6605,#6606);
#6605 = CARTESIAN_POINT('',(217.081427,-107.629538,0.));
#6606 = VECTOR('',#6607,1.);
#6607 = DIRECTION('',(0.,0.,1.));
#6608 = ORIENTED_EDGE('',*,*,#5153,.F.);
#6609 = PLANE('',#6610);
#6610 = AXIS2_PLACEMENT_3D('',#6611,#6612,#6613);
#6611 = CARTESIAN_POINT('',(217.5481,-107.2516,0.));
#6612 = DIRECTION('',(0.629354239052,-0.777118550665,0.));
#6613 = DIRECTION('',(-0.777118550665,-0.629354239052,0.));
#6614 = ADVANCED_FACE('',(#6615),#6626,.T.);
#6615 = FACE_BOUND('',#6616,.T.);
#6616 = EDGE_LOOP('',(#6617,#6623,#6624,#6625));
#6617 = ORIENTED_EDGE('',*,*,#6618,.T.);
#6618 = EDGE_CURVE('',#4914,#5729,#6619,.T.);
#6619 = LINE('',#6620,#6621);
#6620 = CARTESIAN_POINT('',(69.844011,-73.507511,0.));
#6621 = VECTOR('',#6622,1.);
#6622 = DIRECTION('',(0.,0.,1.));
#6623 = ORIENTED_EDGE('',*,*,#5728,.T.);
#6624 = ORIENTED_EDGE('',*,*,#6584,.F.);
#6625 = ORIENTED_EDGE('',*,*,#4913,.F.);
#6626 = CYLINDRICAL_SURFACE('',#6627,2.087688515566);
#6627 = AXIS2_PLACEMENT_3D('',#6628,#6629,#6630);
#6628 = CARTESIAN_POINT('',(71.927838451003,-73.38059964324,0.));
#6629 = DIRECTION('',(0.,0.,-1.));
#6630 = DIRECTION('',(-0.998150555251,-6.079036973578E-02,-0.));
#6631 = ADVANCED_FACE('',(#6632),#6643,.F.);
#6632 = FACE_BOUND('',#6633,.T.);
#6633 = EDGE_LOOP('',(#6634,#6635,#6636,#6642));
#6634 = ORIENTED_EDGE('',*,*,#6603,.T.);
#6635 = ORIENTED_EDGE('',*,*,#5959,.T.);
#6636 = ORIENTED_EDGE('',*,*,#6637,.F.);
#6637 = EDGE_CURVE('',#5137,#5952,#6638,.T.);
#6638 = LINE('',#6639,#6640);
#6639 = CARTESIAN_POINT('',(214.952597,-109.589639,0.));
#6640 = VECTOR('',#6641,1.);
#6641 = DIRECTION('',(0.,0.,1.));
#6642 = ORIENTED_EDGE('',*,*,#5144,.F.);
#6643 = CYLINDRICAL_SURFACE('',#6644,3.75920122819);
#6644 = AXIS2_PLACEMENT_3D('',#6645,#6646,#6647);
#6645 = CARTESIAN_POINT('',(218.36715062425,-111.1620312605,0.));
#6646 = DIRECTION('',(-0.,-0.,-1.));
#6647 = DIRECTION('',(-0.342020430992,0.939692516084,0.));
#6648 = ADVANCED_FACE('',(#6649),#6660,.T.);
#6649 = FACE_BOUND('',#6650,.T.);
#6650 = EDGE_LOOP('',(#6651,#6657,#6658,#6659));
#6651 = ORIENTED_EDGE('',*,*,#6652,.T.);
#6652 = EDGE_CURVE('',#4923,#5738,#6653,.T.);
#6653 = LINE('',#6654,#6655);
#6654 = CARTESIAN_POINT('',(69.844022,-106.095799,0.));
#6655 = VECTOR('',#6656,1.);
#6656 = DIRECTION('',(0.,0.,1.));
#6657 = ORIENTED_EDGE('',*,*,#5737,.T.);
#6658 = ORIENTED_EDGE('',*,*,#6618,.F.);
#6659 = ORIENTED_EDGE('',*,*,#4922,.F.);
#6660 = PLANE('',#6661);
#6661 = AXIS2_PLACEMENT_3D('',#6662,#6663,#6664);
#6662 = CARTESIAN_POINT('',(69.844022,-106.095799,0.));
#6663 = DIRECTION('',(-1.,-3.375445804532E-07,0.));
#6664 = DIRECTION('',(-3.375445804532E-07,1.,0.));
#6665 = ADVANCED_FACE('',(#6666),#6677,.T.);
#6666 = FACE_BOUND('',#6667,.T.);
#6667 = EDGE_LOOP('',(#6668,#6669,#6670,#6676));
#6668 = ORIENTED_EDGE('',*,*,#6637,.T.);
#6669 = ORIENTED_EDGE('',*,*,#5951,.T.);
#6670 = ORIENTED_EDGE('',*,*,#6671,.F.);
#6671 = EDGE_CURVE('',#5129,#5944,#6672,.T.);
#6672 = LINE('',#6673,#6674);
#6673 = CARTESIAN_POINT('',(213.89741,-110.60029,0.));
#6674 = VECTOR('',#6675,1.);
#6675 = DIRECTION('',(0.,0.,1.));
#6676 = ORIENTED_EDGE('',*,*,#5136,.F.);
#6677 = PLANE('',#6678);
#6678 = AXIS2_PLACEMENT_3D('',#6679,#6680,#6681);
#6679 = CARTESIAN_POINT('',(214.952597,-109.589639,0.));
#6680 = DIRECTION('',(0.691702026314,-0.72218301475,0.));
#6681 = DIRECTION('',(-0.72218301475,-0.691702026314,0.));
#6682 = ADVANCED_FACE('',(#6683),#6694,.T.);
#6683 = FACE_BOUND('',#6684,.T.);
#6684 = EDGE_LOOP('',(#6685,#6691,#6692,#6693));
#6685 = ORIENTED_EDGE('',*,*,#6686,.T.);
#6686 = EDGE_CURVE('',#4931,#5746,#6687,.T.);
#6687 = LINE('',#6688,#6689);
#6688 = CARTESIAN_POINT('',(70.932093,-108.272396,0.));
#6689 = VECTOR('',#6690,1.);
#6690 = DIRECTION('',(0.,0.,1.));
#6691 = ORIENTED_EDGE('',*,*,#5745,.T.);
#6692 = ORIENTED_EDGE('',*,*,#6652,.F.);
#6693 = ORIENTED_EDGE('',*,*,#4930,.F.);
#6694 = CYLINDRICAL_SURFACE('',#6695,3.074981939787);
#6695 = AXIS2_PLACEMENT_3D('',#6696,#6697,#6698);
#6696 = CARTESIAN_POINT('',(72.914052356937,-105.9213640909,0.));
#6697 = DIRECTION('',(0.,0.,-1.));
#6698 = DIRECTION('',(-0.64454341383,-0.764567712952,-0.));
#6699 = ADVANCED_FACE('',(#6700),#6711,.T.);
#6700 = FACE_BOUND('',#6701,.T.);
#6701 = EDGE_LOOP('',(#6702,#6703,#6704,#6710));
#6702 = ORIENTED_EDGE('',*,*,#6671,.T.);
#6703 = ORIENTED_EDGE('',*,*,#5943,.T.);
#6704 = ORIENTED_EDGE('',*,*,#6705,.F.);
#6705 = EDGE_CURVE('',#5121,#5936,#6706,.T.);
#6706 = LINE('',#6707,#6708);
#6707 = CARTESIAN_POINT('',(213.91801,-116.96976,0.));
#6708 = VECTOR('',#6709,1.);
#6709 = DIRECTION('',(0.,0.,1.));
#6710 = ORIENTED_EDGE('',*,*,#5128,.F.);
#6711 = PLANE('',#6712);
#6712 = AXIS2_PLACEMENT_3D('',#6713,#6714,#6715);
#6713 = CARTESIAN_POINT('',(213.89741,-110.60029,0.));
#6714 = DIRECTION('',(0.999994770087,3.234161125462E-03,-0.));
#6715 = DIRECTION('',(3.234161125462E-03,-0.999994770087,0.));
#6716 = ADVANCED_FACE('',(#6717),#6728,.T.);
#6717 = FACE_BOUND('',#6718,.T.);
#6718 = EDGE_LOOP('',(#6719,#6725,#6726,#6727));
#6719 = ORIENTED_EDGE('',*,*,#6720,.T.);
#6720 = EDGE_CURVE('',#4940,#5755,#6721,.T.);
#6721 = LINE('',#6722,#6723);
#6722 = CARTESIAN_POINT('',(74.2061,-111.6076,0.));
#6723 = VECTOR('',#6724,1.);
#6724 = DIRECTION('',(0.,0.,1.));
#6725 = ORIENTED_EDGE('',*,*,#5754,.T.);
#6726 = ORIENTED_EDGE('',*,*,#6686,.F.);
#6727 = ORIENTED_EDGE('',*,*,#4939,.F.);
#6728 = PLANE('',#6729);
#6729 = AXIS2_PLACEMENT_3D('',#6730,#6731,#6732);
#6730 = CARTESIAN_POINT('',(74.2061,-111.6076,0.));
#6731 = DIRECTION('',(-0.713623539784,-0.700529402285,0.));
#6732 = DIRECTION('',(-0.700529402285,0.713623539784,0.));
#6733 = ADVANCED_FACE('',(#6734),#6745,.T.);
#6734 = FACE_BOUND('',#6735,.T.);
#6735 = EDGE_LOOP('',(#6736,#6737,#6738,#6744));
#6736 = ORIENTED_EDGE('',*,*,#6705,.T.);
#6737 = ORIENTED_EDGE('',*,*,#5935,.T.);
#6738 = ORIENTED_EDGE('',*,*,#6739,.F.);
#6739 = EDGE_CURVE('',#5113,#5928,#6740,.T.);
#6740 = LINE('',#6741,#6742);
#6741 = CARTESIAN_POINT('',(213.91801,-118.3358,0.));
#6742 = VECTOR('',#6743,1.);
#6743 = DIRECTION('',(0.,0.,1.));
#6744 = ORIENTED_EDGE('',*,*,#5120,.F.);
#6745 = PLANE('',#6746);
#6746 = AXIS2_PLACEMENT_3D('',#6747,#6748,#6749);
#6747 = CARTESIAN_POINT('',(213.91801,-116.96976,0.));
#6748 = DIRECTION('',(1.,0.,-0.));
#6749 = DIRECTION('',(0.,-1.,0.));
#6750 = ADVANCED_FACE('',(#6751),#6762,.T.);
#6751 = FACE_BOUND('',#6752,.T.);
#6752 = EDGE_LOOP('',(#6753,#6759,#6760,#6761));
#6753 = ORIENTED_EDGE('',*,*,#6754,.T.);
#6754 = EDGE_CURVE('',#4948,#5763,#6755,.T.);
#6755 = LINE('',#6756,#6757);
#6756 = CARTESIAN_POINT('',(74.2061,-112.3696,0.));
#6757 = VECTOR('',#6758,1.);
#6758 = DIRECTION('',(0.,0.,1.));
#6759 = ORIENTED_EDGE('',*,*,#5762,.T.);
#6760 = ORIENTED_EDGE('',*,*,#6720,.F.);
#6761 = ORIENTED_EDGE('',*,*,#4947,.F.);
#6762 = PLANE('',#6763);
#6763 = AXIS2_PLACEMENT_3D('',#6764,#6765,#6766);
#6764 = CARTESIAN_POINT('',(74.2061,-112.3696,0.));
#6765 = DIRECTION('',(-1.,0.,0.));
#6766 = DIRECTION('',(0.,1.,0.));
#6767 = ADVANCED_FACE('',(#6768),#6779,.T.);
#6768 = FACE_BOUND('',#6769,.T.);
#6769 = EDGE_LOOP('',(#6770,#6771,#6772,#6778));
#6770 = ORIENTED_EDGE('',*,*,#6739,.T.);
#6771 = ORIENTED_EDGE('',*,*,#5927,.T.);
#6772 = ORIENTED_EDGE('',*,*,#6773,.F.);
#6773 = EDGE_CURVE('',#5105,#5920,#6774,.T.);
#6774 = LINE('',#6775,#6776);
#6775 = CARTESIAN_POINT('',(200.067,-118.33881,0.));
#6776 = VECTOR('',#6777,1.);
#6777 = DIRECTION('',(0.,0.,1.));
#6778 = ORIENTED_EDGE('',*,*,#5112,.F.);
#6779 = PLANE('',#6780);
#6780 = AXIS2_PLACEMENT_3D('',#6781,#6782,#6783);
#6781 = CARTESIAN_POINT('',(213.91801,-118.3358,0.));
#6782 = DIRECTION('',(2.173126673734E-04,-0.999999976388,0.));
#6783 = DIRECTION('',(-0.999999976388,-2.173126673734E-04,0.));
#6784 = ADVANCED_FACE('',(#6785),#6796,.T.);
#6785 = FACE_BOUND('',#6786,.T.);
#6786 = EDGE_LOOP('',(#6787,#6793,#6794,#6795));
#6787 = ORIENTED_EDGE('',*,*,#6788,.T.);
#6788 = EDGE_CURVE('',#4956,#5771,#6789,.T.);
#6789 = LINE('',#6790,#6791);
#6790 = CARTESIAN_POINT('',(74.2315,-117.3212,0.));
#6791 = VECTOR('',#6792,1.);
#6792 = DIRECTION('',(0.,0.,1.));
#6793 = ORIENTED_EDGE('',*,*,#5770,.T.);
#6794 = ORIENTED_EDGE('',*,*,#6754,.F.);
#6795 = ORIENTED_EDGE('',*,*,#4955,.F.);
#6796 = PLANE('',#6797);
#6797 = AXIS2_PLACEMENT_3D('',#6798,#6799,#6800);
#6798 = CARTESIAN_POINT('',(74.2315,-117.3212,0.));
#6799 = DIRECTION('',(-0.999986843579,-5.129587573088E-03,0.));
#6800 = DIRECTION('',(-5.129587573088E-03,0.999986843579,0.));
#6801 = ADVANCED_FACE('',(#6802),#6813,.T.);
#6802 = FACE_BOUND('',#6803,.T.);
#6803 = EDGE_LOOP('',(#6804,#6805,#6806,#6812));
#6804 = ORIENTED_EDGE('',*,*,#6773,.T.);
#6805 = ORIENTED_EDGE('',*,*,#5919,.T.);
#6806 = ORIENTED_EDGE('',*,*,#6807,.F.);
#6807 = EDGE_CURVE('',#5097,#5912,#6808,.T.);
#6808 = LINE('',#6809,#6810);
#6809 = CARTESIAN_POINT('',(200.067,-127.68881,0.));
#6810 = VECTOR('',#6811,1.);
#6811 = DIRECTION('',(0.,0.,1.));
#6812 = ORIENTED_EDGE('',*,*,#5104,.F.);
#6813 = PLANE('',#6814);
#6814 = AXIS2_PLACEMENT_3D('',#6815,#6816,#6817);
#6815 = CARTESIAN_POINT('',(200.067,-118.33881,0.));
#6816 = DIRECTION('',(1.,0.,-0.));
#6817 = DIRECTION('',(0.,-1.,0.));
#6818 = ADVANCED_FACE('',(#6819),#6830,.T.);
#6819 = FACE_BOUND('',#6820,.T.);
#6820 = EDGE_LOOP('',(#6821,#6827,#6828,#6829));
#6821 = ORIENTED_EDGE('',*,*,#6822,.T.);
#6822 = EDGE_CURVE('',#4964,#5779,#6823,.T.);
#6823 = LINE('',#6824,#6825);
#6824 = CARTESIAN_POINT('',(88.0541,-117.3212,0.));
#6825 = VECTOR('',#6826,1.);
#6826 = DIRECTION('',(0.,0.,1.));
#6827 = ORIENTED_EDGE('',*,*,#5778,.T.);
#6828 = ORIENTED_EDGE('',*,*,#6788,.F.);
#6829 = ORIENTED_EDGE('',*,*,#4963,.F.);
#6830 = PLANE('',#6831);
#6831 = AXIS2_PLACEMENT_3D('',#6832,#6833,#6834);
#6832 = CARTESIAN_POINT('',(88.0541,-117.3212,0.));
#6833 = DIRECTION('',(0.,-1.,0.));
#6834 = DIRECTION('',(-1.,0.,0.));
#6835 = ADVANCED_FACE('',(#6836),#6847,.T.);
#6836 = FACE_BOUND('',#6837,.T.);
#6837 = EDGE_LOOP('',(#6838,#6839,#6840,#6846));
#6838 = ORIENTED_EDGE('',*,*,#6807,.T.);
#6839 = ORIENTED_EDGE('',*,*,#5911,.T.);
#6840 = ORIENTED_EDGE('',*,*,#6841,.F.);
#6841 = EDGE_CURVE('',#5089,#5904,#6842,.T.);
#6842 = LINE('',#6843,#6844);
#6843 = CARTESIAN_POINT('',(213.8896,-127.68881,0.));
#6844 = VECTOR('',#6845,1.);
#6845 = DIRECTION('',(0.,0.,1.));
#6846 = ORIENTED_EDGE('',*,*,#5096,.F.);
#6847 = PLANE('',#6848);
#6848 = AXIS2_PLACEMENT_3D('',#6849,#6850,#6851);
#6849 = CARTESIAN_POINT('',(200.067,-127.68881,0.));
#6850 = DIRECTION('',(0.,1.,0.));
#6851 = DIRECTION('',(1.,0.,0.));
#6852 = ADVANCED_FACE('',(#6853),#6864,.T.);
#6853 = FACE_BOUND('',#6854,.T.);
#6854 = EDGE_LOOP('',(#6855,#6861,#6862,#6863));
#6855 = ORIENTED_EDGE('',*,*,#6856,.T.);
#6856 = EDGE_CURVE('',#4972,#5787,#6857,.T.);
#6857 = LINE('',#6858,#6859);
#6858 = CARTESIAN_POINT('',(88.0541,-126.6712,0.));
#6859 = VECTOR('',#6860,1.);
#6860 = DIRECTION('',(0.,0.,1.));
#6861 = ORIENTED_EDGE('',*,*,#5786,.T.);
#6862 = ORIENTED_EDGE('',*,*,#6822,.F.);
#6863 = ORIENTED_EDGE('',*,*,#4971,.F.);
#6864 = PLANE('',#6865);
#6865 = AXIS2_PLACEMENT_3D('',#6866,#6867,#6868);
#6866 = CARTESIAN_POINT('',(88.0541,-126.6712,0.));
#6867 = DIRECTION('',(-1.,0.,0.));
#6868 = DIRECTION('',(0.,1.,0.));
#6869 = ADVANCED_FACE('',(#6870),#6881,.T.);
#6870 = FACE_BOUND('',#6871,.T.);
#6871 = EDGE_LOOP('',(#6872,#6873,#6874,#6880));
#6872 = ORIENTED_EDGE('',*,*,#6841,.T.);
#6873 = ORIENTED_EDGE('',*,*,#5903,.T.);
#6874 = ORIENTED_EDGE('',*,*,#6875,.F.);
#6875 = EDGE_CURVE('',#5080,#5895,#6876,.T.);
#6876 = LINE('',#6877,#6878);
#6877 = CARTESIAN_POINT('',(213.889596,-134.442198,0.));
#6878 = VECTOR('',#6879,1.);
#6879 = DIRECTION('',(0.,0.,1.));
#6880 = ORIENTED_EDGE('',*,*,#5088,.F.);
#6881 = PLANE('',#6882);
#6882 = AXIS2_PLACEMENT_3D('',#6883,#6884,#6885);
#6883 = CARTESIAN_POINT('',(213.8896,-127.68881,0.));
#6884 = DIRECTION('',(1.,-5.922953027281E-07,0.));
#6885 = DIRECTION('',(-5.922953027281E-07,-1.,0.));
#6886 = ADVANCED_FACE('',(#6887),#6898,.T.);
#6887 = FACE_BOUND('',#6888,.T.);
#6888 = EDGE_LOOP('',(#6889,#6895,#6896,#6897));
#6889 = ORIENTED_EDGE('',*,*,#6890,.T.);
#6890 = EDGE_CURVE('',#4980,#5795,#6891,.T.);
#6891 = LINE('',#6892,#6893);
#6892 = CARTESIAN_POINT('',(74.23386,-126.69895,0.));
#6893 = VECTOR('',#6894,1.);
#6894 = DIRECTION('',(0.,0.,1.));
#6895 = ORIENTED_EDGE('',*,*,#5794,.T.);
#6896 = ORIENTED_EDGE('',*,*,#6856,.F.);
#6897 = ORIENTED_EDGE('',*,*,#4979,.F.);
#6898 = PLANE('',#6899);
#6899 = AXIS2_PLACEMENT_3D('',#6900,#6901,#6902);
#6900 = CARTESIAN_POINT('',(74.23386,-126.69895,0.));
#6901 = DIRECTION('',(-2.0079205614E-03,0.999997984125,0.));
#6902 = DIRECTION('',(0.999997984125,2.0079205614E-03,0.));
#6903 = ADVANCED_FACE('',(#6904),#6915,.T.);
#6904 = FACE_BOUND('',#6905,.T.);
#6905 = EDGE_LOOP('',(#6906,#6907,#6908,#6914));
#6906 = ORIENTED_EDGE('',*,*,#6875,.T.);
#6907 = ORIENTED_EDGE('',*,*,#5894,.T.);
#6908 = ORIENTED_EDGE('',*,*,#6909,.F.);
#6909 = EDGE_CURVE('',#5072,#5887,#6910,.T.);
#6910 = LINE('',#6911,#6912);
#6911 = CARTESIAN_POINT('',(212.955778,-136.501631,0.));
#6912 = VECTOR('',#6913,1.);
#6913 = DIRECTION('',(0.,0.,1.));
#6914 = ORIENTED_EDGE('',*,*,#5079,.F.);
#6915 = CYLINDRICAL_SURFACE('',#6916,2.7476508872);
#6916 = AXIS2_PLACEMENT_3D('',#6917,#6918,#6919);
#6917 = CARTESIAN_POINT('',(211.14194871464,-134.4377490456,0.));
#6918 = DIRECTION('',(0.,0.,-1.));
#6919 = DIRECTION('',(0.99999868912,-1.619184727912E-03,0.));
#6920 = ADVANCED_FACE('',(#6921),#6932,.T.);
#6921 = FACE_BOUND('',#6922,.T.);
#6922 = EDGE_LOOP('',(#6923,#6929,#6930,#6931));
#6923 = ORIENTED_EDGE('',*,*,#6924,.T.);
#6924 = EDGE_CURVE('',#4988,#5803,#6925,.T.);
#6925 = LINE('',#6926,#6927);
#6926 = CARTESIAN_POINT('',(74.233856,-131.92607,0.));
#6927 = VECTOR('',#6928,1.);
#6928 = DIRECTION('',(0.,0.,1.));
#6929 = ORIENTED_EDGE('',*,*,#5802,.T.);
#6930 = ORIENTED_EDGE('',*,*,#6890,.F.);
#6931 = ORIENTED_EDGE('',*,*,#4987,.F.);
#6932 = PLANE('',#6933);
#6933 = AXIS2_PLACEMENT_3D('',#6934,#6935,#6936);
#6934 = CARTESIAN_POINT('',(74.233856,-131.92607,0.));
#6935 = DIRECTION('',(-1.,7.652397504E-07,0.));
#6936 = DIRECTION('',(7.652397504E-07,1.,0.));
#6937 = ADVANCED_FACE('',(#6938),#6949,.T.);
#6938 = FACE_BOUND('',#6939,.T.);
#6939 = EDGE_LOOP('',(#6940,#6941,#6942,#6948));
#6940 = ORIENTED_EDGE('',*,*,#6909,.T.);
#6941 = ORIENTED_EDGE('',*,*,#5886,.T.);
#6942 = ORIENTED_EDGE('',*,*,#6943,.F.);
#6943 = EDGE_CURVE('',#5063,#5878,#6944,.T.);
#6944 = LINE('',#6945,#6946);
#6945 = CARTESIAN_POINT('',(178.650901,-167.468143,0.));
#6946 = VECTOR('',#6947,1.);
#6947 = DIRECTION('',(0.,0.,1.));
#6948 = ORIENTED_EDGE('',*,*,#5071,.F.);
#6949 = PLANE('',#6950);
#6950 = AXIS2_PLACEMENT_3D('',#6951,#6952,#6953);
#6951 = CARTESIAN_POINT('',(212.955778,-136.501631,0.));
#6952 = DIRECTION('',(0.670065315807,-0.742302143707,0.));
#6953 = DIRECTION('',(-0.742302143707,-0.670065315807,0.));
#6954 = ADVANCED_FACE('',(#6955),#6966,.T.);
#6955 = FACE_BOUND('',#6956,.T.);
#6956 = EDGE_LOOP('',(#6957,#6963,#6964,#6965));
#6957 = ORIENTED_EDGE('',*,*,#6958,.T.);
#6958 = EDGE_CURVE('',#4996,#5811,#6959,.T.);
#6959 = LINE('',#6960,#6961);
#6960 = CARTESIAN_POINT('',(75.1967,-133.299199,0.));
#6961 = VECTOR('',#6962,1.);
#6962 = DIRECTION('',(0.,0.,1.));
#6963 = ORIENTED_EDGE('',*,*,#5810,.T.);
#6964 = ORIENTED_EDGE('',*,*,#6924,.F.);
#6965 = ORIENTED_EDGE('',*,*,#4995,.F.);
#6966 = CYLINDRICAL_SURFACE('',#6967,1.58755009961);
#6967 = AXIS2_PLACEMENT_3D('',#6968,#6969,#6970);
#6968 = CARTESIAN_POINT('',(75.819000083749,-131.8386997961,0.));
#6969 = DIRECTION('',(0.,0.,-1.));
#6970 = DIRECTION('',(-0.391987682091,-0.919970465335,-0.));
#6971 = ADVANCED_FACE('',(#6972),#6983,.T.);
#6972 = FACE_BOUND('',#6973,.T.);
#6973 = EDGE_LOOP('',(#6974,#6975,#6976,#6982));
#6974 = ORIENTED_EDGE('',*,*,#6943,.T.);
#6975 = ORIENTED_EDGE('',*,*,#5877,.T.);
#6976 = ORIENTED_EDGE('',*,*,#6977,.F.);
#6977 = EDGE_CURVE('',#5055,#5870,#6978,.T.);
#6978 = LINE('',#6979,#6980);
#6979 = CARTESIAN_POINT('',(174.028494,-169.479985,0.));
#6980 = VECTOR('',#6981,1.);
#6981 = DIRECTION('',(0.,0.,1.));
#6982 = ORIENTED_EDGE('',*,*,#5062,.F.);
#6983 = CYLINDRICAL_SURFACE('',#6984,6.175521520598);
#6984 = AXIS2_PLACEMENT_3D('',#6985,#6986,#6987);
#6985 = CARTESIAN_POINT('',(174.0898292719,-163.3047680778,0.));
#6986 = DIRECTION('',(0.,0.,-1.));
#6987 = DIRECTION('',(0.738572720196,-0.674173818078,0.));
#6988 = ADVANCED_FACE('',(#6989),#7000,.T.);
#6989 = FACE_BOUND('',#6990,.T.);
#6990 = EDGE_LOOP('',(#6991,#6997,#6998,#6999));
#6991 = ORIENTED_EDGE('',*,*,#6992,.T.);
#6992 = EDGE_CURVE('',#5005,#5820,#6993,.T.);
#6993 = LINE('',#6994,#6995);
#6994 = CARTESIAN_POINT('',(112.12664,-154.48711,0.));
#6995 = VECTOR('',#6996,1.);
#6996 = DIRECTION('',(0.,0.,1.));
#6997 = ORIENTED_EDGE('',*,*,#5819,.T.);
#6998 = ORIENTED_EDGE('',*,*,#6958,.F.);
#6999 = ORIENTED_EDGE('',*,*,#5004,.F.);
#7000 = PLANE('',#7001);
#7001 = AXIS2_PLACEMENT_3D('',#7002,#7003,#7004);
#7002 = CARTESIAN_POINT('',(112.12664,-154.48711,0.));
#7003 = DIRECTION('',(-0.497644739718,-0.86738095035,0.));
#7004 = DIRECTION('',(-0.86738095035,0.497644739718,0.));
#7005 = ADVANCED_FACE('',(#7006),#7017,.T.);
#7006 = FACE_BOUND('',#7007,.T.);
#7007 = EDGE_LOOP('',(#7008,#7009,#7010,#7016));
#7008 = ORIENTED_EDGE('',*,*,#6977,.T.);
#7009 = ORIENTED_EDGE('',*,*,#5869,.T.);
#7010 = ORIENTED_EDGE('',*,*,#7011,.F.);
#7011 = EDGE_CURVE('',#5046,#5861,#7012,.T.);
#7012 = LINE('',#7013,#7014);
#7013 = CARTESIAN_POINT('',(156.959298,-169.494205,0.));
#7014 = VECTOR('',#7015,1.);
#7015 = DIRECTION('',(0.,0.,1.));
#7016 = ORIENTED_EDGE('',*,*,#5054,.F.);
#7017 = PLANE('',#7018);
#7018 = AXIS2_PLACEMENT_3D('',#7019,#7020,#7021);
#7019 = CARTESIAN_POINT('',(174.028494,-169.479985,0.));
#7020 = DIRECTION('',(8.330793709032E-04,-0.999999652989,0.));
#7021 = DIRECTION('',(-0.999999652989,-8.330793709032E-04,0.));
#7022 = ADVANCED_FACE('',(#7023),#7034,.T.);
#7023 = FACE_BOUND('',#7024,.T.);
#7024 = EDGE_LOOP('',(#7025,#7031,#7032,#7033));
#7025 = ORIENTED_EDGE('',*,*,#7026,.T.);
#7026 = EDGE_CURVE('',#5013,#5828,#7027,.T.);
#7027 = LINE('',#7028,#7029);
#7028 = CARTESIAN_POINT('',(142.07504,-154.4401,0.));
#7029 = VECTOR('',#7030,1.);
#7030 = DIRECTION('',(0.,0.,1.));
#7031 = ORIENTED_EDGE('',*,*,#5827,.T.);
#7032 = ORIENTED_EDGE('',*,*,#6992,.F.);
#7033 = ORIENTED_EDGE('',*,*,#5012,.F.);
#7034 = PLANE('',#7035);
#7035 = AXIS2_PLACEMENT_3D('',#7036,#7037,#7038);
#7036 = CARTESIAN_POINT('',(142.07504,-154.4401,0.));
#7037 = DIRECTION('',(1.569697949967E-03,-0.999998768023,0.));
#7038 = DIRECTION('',(-0.999998768023,-1.569697949967E-03,0.));
#7039 = ADVANCED_FACE('',(#7040),#7051,.T.);
#7040 = FACE_BOUND('',#7041,.T.);
#7041 = EDGE_LOOP('',(#7042,#7043,#7044,#7050));
#7042 = ORIENTED_EDGE('',*,*,#7011,.T.);
#7043 = ORIENTED_EDGE('',*,*,#5860,.T.);
#7044 = ORIENTED_EDGE('',*,*,#7045,.F.);
#7045 = EDGE_CURVE('',#5038,#5853,#7046,.T.);
#7046 = LINE('',#7047,#7048);
#7047 = CARTESIAN_POINT('',(156.197295,-168.787758,0.));
#7048 = VECTOR('',#7049,1.);
#7049 = DIRECTION('',(0.,0.,1.));
#7050 = ORIENTED_EDGE('',*,*,#5045,.F.);
#7051 = CYLINDRICAL_SURFACE('',#7052,0.734751902884);
#7052 = AXIS2_PLACEMENT_3D('',#7053,#7054,#7055);
#7053 = CARTESIAN_POINT('',(156.93152156432,-168.7599783126,0.));
#7054 = DIRECTION('',(0.,0.,-1.));
#7055 = DIRECTION('',(3.780382951599E-02,-0.999285179753,0.));
#7056 = ADVANCED_FACE('',(#7057),#7068,.T.);
#7057 = FACE_BOUND('',#7058,.T.);
#7058 = EDGE_LOOP('',(#7059,#7065,#7066,#7067));
#7059 = ORIENTED_EDGE('',*,*,#7060,.T.);
#7060 = EDGE_CURVE('',#5021,#5836,#7061,.T.);
#7061 = LINE('',#7062,#7063);
#7062 = CARTESIAN_POINT('',(155.4353,-154.457397,0.));
#7063 = VECTOR('',#7064,1.);
#7064 = DIRECTION('',(0.,0.,1.));
#7065 = ORIENTED_EDGE('',*,*,#5835,.T.);
#7066 = ORIENTED_EDGE('',*,*,#7026,.F.);
#7067 = ORIENTED_EDGE('',*,*,#5020,.F.);
#7068 = PLANE('',#7069);
#7069 = AXIS2_PLACEMENT_3D('',#7070,#7071,#7072);
#7070 = CARTESIAN_POINT('',(155.4353,-154.457397,0.));
#7071 = DIRECTION('',(-1.294659348236E-03,-0.999999161928,0.));
#7072 = DIRECTION('',(-0.999999161928,1.294659348236E-03,0.));
#7073 = ADVANCED_FACE('',(#7074),#7085,.T.);
#7074 = FACE_BOUND('',#7075,.T.);
#7075 = EDGE_LOOP('',(#7076,#7077,#7078,#7084));
#7076 = ORIENTED_EDGE('',*,*,#7045,.T.);
#7077 = ORIENTED_EDGE('',*,*,#5852,.T.);
#7078 = ORIENTED_EDGE('',*,*,#7079,.F.);
#7079 = EDGE_CURVE('',#5029,#5844,#7080,.T.);
#7080 = LINE('',#7081,#7082);
#7081 = CARTESIAN_POINT('',(156.197303,-155.2956,0.));
#7082 = VECTOR('',#7083,1.);
#7083 = DIRECTION('',(0.,0.,1.));
#7084 = ORIENTED_EDGE('',*,*,#5037,.F.);
#7085 = PLANE('',#7086);
#7086 = AXIS2_PLACEMENT_3D('',#7087,#7088,#7089);
#7087 = CARTESIAN_POINT('',(156.197295,-168.787758,0.));
#7088 = DIRECTION('',(-1.,5.929370237305E-07,0.));
#7089 = DIRECTION('',(5.929370237305E-07,1.,0.));
#7090 = ADVANCED_FACE('',(#7091),#7097,.F.);
#7091 = FACE_BOUND('',#7092,.T.);
#7092 = EDGE_LOOP('',(#7093,#7094,#7095,#7096));
#7093 = ORIENTED_EDGE('',*,*,#7079,.T.);
#7094 = ORIENTED_EDGE('',*,*,#5843,.T.);
#7095 = ORIENTED_EDGE('',*,*,#7060,.F.);
#7096 = ORIENTED_EDGE('',*,*,#5028,.F.);
#7097 = CYLINDRICAL_SURFACE('',#7098,0.801010464456);
#7098 = AXIS2_PLACEMENT_3D('',#7099,#7100,#7101);
#7099 = CARTESIAN_POINT('',(155.39719912239,-155.2575007978,0.));
#7100 = DIRECTION('',(-0.,-0.,-1.));
#7101 = DIRECTION('',(0.998868195998,-4.756392564868E-02,0.));
#7102 = ADVANCED_FACE('',(#7103),#7114,.F.);
#7103 = FACE_BOUND('',#7104,.T.);
#7104 = EDGE_LOOP('',(#7105,#7106,#7112,#7113));
#7105 = ORIENTED_EDGE('',*,*,#5178,.T.);
#7106 = ORIENTED_EDGE('',*,*,#7107,.T.);
#7107 = EDGE_CURVE('',#5179,#5994,#7108,.T.);
#7108 = LINE('',#7109,#7110);
#7109 = CARTESIAN_POINT('',(118.01995,-141.6868,-4.6E-02));
#7110 = VECTOR('',#7111,1.);
#7111 = DIRECTION('',(0.,0.,1.));
#7112 = ORIENTED_EDGE('',*,*,#5993,.F.);
#7113 = ORIENTED_EDGE('',*,*,#7107,.F.);
#7114 = CYLINDRICAL_SURFACE('',#7115,1.);
#7115 = AXIS2_PLACEMENT_3D('',#7116,#7117,#7118);
#7116 = CARTESIAN_POINT('',(118.01995,-140.6868,-4.6E-02));
#7117 = DIRECTION('',(-0.,-0.,-1.));
#7118 = DIRECTION('',(-0.,-1.,0.));
#7119 = ADVANCED_FACE('',(#7120),#7131,.F.);
#7120 = FACE_BOUND('',#7121,.T.);
#7121 = EDGE_LOOP('',(#7122,#7123,#7129,#7130));
#7122 = ORIENTED_EDGE('',*,*,#5189,.T.);
#7123 = ORIENTED_EDGE('',*,*,#7124,.T.);
#7124 = EDGE_CURVE('',#5190,#6005,#7125,.T.);
#7125 = LINE('',#7126,#7127);
#7126 = CARTESIAN_POINT('',(102.8065,-123.4196,-4.6E-02));
#7127 = VECTOR('',#7128,1.);
#7128 = DIRECTION('',(0.,0.,1.));
#7129 = ORIENTED_EDGE('',*,*,#6004,.F.);
#7130 = ORIENTED_EDGE('',*,*,#7124,.F.);
#7131 = CYLINDRICAL_SURFACE('',#7132,1.525);
#7132 = AXIS2_PLACEMENT_3D('',#7133,#7134,#7135);
#7133 = CARTESIAN_POINT('',(102.8065,-121.8946,-4.6E-02));
#7134 = DIRECTION('',(-0.,-0.,-1.));
#7135 = DIRECTION('',(-0.,-1.,0.));
#7136 = ADVANCED_FACE('',(#7137),#7148,.F.);
#7137 = FACE_BOUND('',#7138,.T.);
#7138 = EDGE_LOOP('',(#7139,#7140,#7146,#7147));
#7139 = ORIENTED_EDGE('',*,*,#5200,.T.);
#7140 = ORIENTED_EDGE('',*,*,#7141,.T.);
#7141 = EDGE_CURVE('',#5201,#6016,#7142,.T.);
#7142 = LINE('',#7143,#7144);
#7143 = CARTESIAN_POINT('',(77.8381,-115.1102,-4.6E-02));
#7144 = VECTOR('',#7145,1.);
#7145 = DIRECTION('',(0.,0.,1.));
#7146 = ORIENTED_EDGE('',*,*,#6015,.F.);
#7147 = ORIENTED_EDGE('',*,*,#7141,.F.);
#7148 = CYLINDRICAL_SURFACE('',#7149,1.75);
#7149 = AXIS2_PLACEMENT_3D('',#7150,#7151,#7152);
#7150 = CARTESIAN_POINT('',(77.8381,-113.3602,-4.6E-02));
#7151 = DIRECTION('',(-0.,-0.,-1.));
#7152 = DIRECTION('',(-0.,-1.,0.));
#7153 = ADVANCED_FACE('',(#7154),#7165,.F.);
#7154 = FACE_BOUND('',#7155,.T.);
#7155 = EDGE_LOOP('',(#7156,#7157,#7163,#7164));
#7156 = ORIENTED_EDGE('',*,*,#5211,.T.);
#7157 = ORIENTED_EDGE('',*,*,#7158,.T.);
#7158 = EDGE_CURVE('',#5212,#6027,#7159,.T.);
#7159 = LINE('',#7160,#7161);
#7160 = CARTESIAN_POINT('',(84.7725,-109.9762,-4.6E-02));
#7161 = VECTOR('',#7162,1.);
#7162 = DIRECTION('',(0.,0.,1.));
#7163 = ORIENTED_EDGE('',*,*,#6026,.F.);
#7164 = ORIENTED_EDGE('',*,*,#7158,.F.);
#7165 = CYLINDRICAL_SURFACE('',#7166,0.45);
#7166 = AXIS2_PLACEMENT_3D('',#7167,#7168,#7169);
#7167 = CARTESIAN_POINT('',(84.7725,-109.5262,-4.6E-02));
#7168 = DIRECTION('',(-0.,-0.,-1.));
#7169 = DIRECTION('',(-3.157967714489E-14,-1.,0.));
#7170 = ADVANCED_FACE('',(#7171),#7182,.F.);
#7171 = FACE_BOUND('',#7172,.T.);
#7172 = EDGE_LOOP('',(#7173,#7174,#7180,#7181));
#7173 = ORIENTED_EDGE('',*,*,#5222,.T.);
#7174 = ORIENTED_EDGE('',*,*,#7175,.T.);
#7175 = EDGE_CURVE('',#5223,#6038,#7176,.T.);
#7176 = LINE('',#7177,#7178);
#7177 = CARTESIAN_POINT('',(84.7725,-106.9762,-4.6E-02));
#7178 = VECTOR('',#7179,1.);
#7179 = DIRECTION('',(0.,0.,1.));
#7180 = ORIENTED_EDGE('',*,*,#6037,.F.);
#7181 = ORIENTED_EDGE('',*,*,#7175,.F.);
#7182 = CYLINDRICAL_SURFACE('',#7183,0.45);
#7183 = AXIS2_PLACEMENT_3D('',#7184,#7185,#7186);
#7184 = CARTESIAN_POINT('',(84.7725,-106.5262,-4.6E-02));
#7185 = DIRECTION('',(-0.,-0.,-1.));
#7186 = DIRECTION('',(-3.157967714489E-14,-1.,0.));
#7187 = ADVANCED_FACE('',(#7188),#7199,.F.);
#7188 = FACE_BOUND('',#7189,.T.);
#7189 = EDGE_LOOP('',(#7190,#7191,#7197,#7198));
#7190 = ORIENTED_EDGE('',*,*,#5233,.T.);
#7191 = ORIENTED_EDGE('',*,*,#7192,.T.);
#7192 = EDGE_CURVE('',#5234,#6049,#7193,.T.);
#7193 = LINE('',#7194,#7195);
#7194 = CARTESIAN_POINT('',(94.5261,-109.9856,-4.6E-02));
#7195 = VECTOR('',#7196,1.);
#7196 = DIRECTION('',(0.,0.,1.));
#7197 = ORIENTED_EDGE('',*,*,#6048,.F.);
#7198 = ORIENTED_EDGE('',*,*,#7192,.F.);
#7199 = CYLINDRICAL_SURFACE('',#7200,0.45);
#7200 = AXIS2_PLACEMENT_3D('',#7201,#7202,#7203);
#7201 = CARTESIAN_POINT('',(94.5261,-109.5356,-4.6E-02));
#7202 = DIRECTION('',(-0.,-0.,-1.));
#7203 = DIRECTION('',(-0.,-1.,0.));
#7204 = ADVANCED_FACE('',(#7205),#7216,.F.);
#7205 = FACE_BOUND('',#7206,.T.);
#7206 = EDGE_LOOP('',(#7207,#7208,#7214,#7215));
#7207 = ORIENTED_EDGE('',*,*,#5244,.T.);
#7208 = ORIENTED_EDGE('',*,*,#7209,.T.);
#7209 = EDGE_CURVE('',#5245,#6060,#7210,.T.);
#7210 = LINE('',#7211,#7212);
#7211 = CARTESIAN_POINT('',(109.3597,-136.6868,-4.6E-02));
#7212 = VECTOR('',#7213,1.);
#7213 = DIRECTION('',(0.,0.,1.));
#7214 = ORIENTED_EDGE('',*,*,#6059,.F.);
#7215 = ORIENTED_EDGE('',*,*,#7209,.F.);
#7216 = CYLINDRICAL_SURFACE('',#7217,1.);
#7217 = AXIS2_PLACEMENT_3D('',#7218,#7219,#7220);
#7218 = CARTESIAN_POINT('',(109.3597,-135.6868,-4.6E-02));
#7219 = DIRECTION('',(-0.,-0.,-1.));
#7220 = DIRECTION('',(-0.,-1.,0.));
#7221 = ADVANCED_FACE('',(#7222),#7233,.F.);
#7222 = FACE_BOUND('',#7223,.T.);
#7223 = EDGE_LOOP('',(#7224,#7225,#7231,#7232));
#7224 = ORIENTED_EDGE('',*,*,#5255,.T.);
#7225 = ORIENTED_EDGE('',*,*,#7226,.T.);
#7226 = EDGE_CURVE('',#5256,#6071,#7227,.T.);
#7227 = LINE('',#7228,#7229);
#7228 = CARTESIAN_POINT('',(122.01995,-134.7586,-4.6E-02));
#7229 = VECTOR('',#7230,1.);
#7230 = DIRECTION('',(0.,0.,1.));
#7231 = ORIENTED_EDGE('',*,*,#6070,.F.);
#7232 = ORIENTED_EDGE('',*,*,#7226,.F.);
#7233 = CYLINDRICAL_SURFACE('',#7234,1.);
#7234 = AXIS2_PLACEMENT_3D('',#7235,#7236,#7237);
#7235 = CARTESIAN_POINT('',(122.01995,-133.7586,-4.6E-02));
#7236 = DIRECTION('',(-0.,-0.,-1.));
#7237 = DIRECTION('',(-0.,-1.,0.));
#7238 = ADVANCED_FACE('',(#7239),#7250,.F.);
#7239 = FACE_BOUND('',#7240,.T.);
#7240 = EDGE_LOOP('',(#7241,#7242,#7248,#7249));
#7241 = ORIENTED_EDGE('',*,*,#5266,.T.);
#7242 = ORIENTED_EDGE('',*,*,#7243,.T.);
#7243 = EDGE_CURVE('',#5267,#6082,#7244,.T.);
#7244 = LINE('',#7245,#7246);
#7245 = CARTESIAN_POINT('',(113.3597,-129.7586,-4.6E-02));
#7246 = VECTOR('',#7247,1.);
#7247 = DIRECTION('',(0.,0.,1.));
#7248 = ORIENTED_EDGE('',*,*,#6081,.F.);
#7249 = ORIENTED_EDGE('',*,*,#7243,.F.);
#7250 = CYLINDRICAL_SURFACE('',#7251,1.);
#7251 = AXIS2_PLACEMENT_3D('',#7252,#7253,#7254);
#7252 = CARTESIAN_POINT('',(113.3597,-128.7586,-4.6E-02));
#7253 = DIRECTION('',(-0.,-0.,-1.));
#7254 = DIRECTION('',(-0.,-1.,0.));
#7255 = ADVANCED_FACE('',(#7256),#7267,.F.);
#7256 = FACE_BOUND('',#7257,.T.);
#7257 = EDGE_LOOP('',(#7258,#7259,#7265,#7266));
#7258 = ORIENTED_EDGE('',*,*,#5277,.T.);
#7259 = ORIENTED_EDGE('',*,*,#7260,.T.);
#7260 = EDGE_CURVE('',#5278,#6093,#7261,.T.);
#7261 = LINE('',#7262,#7263);
#7262 = CARTESIAN_POINT('',(110.1065,-122.8196,-4.6E-02));
#7263 = VECTOR('',#7264,1.);
#7264 = DIRECTION('',(0.,0.,1.));
#7265 = ORIENTED_EDGE('',*,*,#6092,.F.);
#7266 = ORIENTED_EDGE('',*,*,#7260,.F.);
#7267 = CYLINDRICAL_SURFACE('',#7268,0.925);
#7268 = AXIS2_PLACEMENT_3D('',#7269,#7270,#7271);
#7269 = CARTESIAN_POINT('',(110.1065,-121.8946,-4.6E-02));
#7270 = DIRECTION('',(-0.,-0.,-1.));
#7271 = DIRECTION('',(-0.,-1.,0.));
#7272 = ADVANCED_FACE('',(#7273),#7284,.F.);
#7273 = FACE_BOUND('',#7274,.T.);
#7274 = EDGE_LOOP('',(#7275,#7276,#7282,#7283));
#7275 = ORIENTED_EDGE('',*,*,#5288,.T.);
#7276 = ORIENTED_EDGE('',*,*,#7277,.T.);
#7277 = EDGE_CURVE('',#5289,#6104,#7278,.T.);
#7278 = LINE('',#7279,#7280);
#7279 = CARTESIAN_POINT('',(115.6065,-122.8196,-4.6E-02));
#7280 = VECTOR('',#7281,1.);
#7281 = DIRECTION('',(0.,0.,1.));
#7282 = ORIENTED_EDGE('',*,*,#6103,.F.);
#7283 = ORIENTED_EDGE('',*,*,#7277,.F.);
#7284 = CYLINDRICAL_SURFACE('',#7285,0.925);
#7285 = AXIS2_PLACEMENT_3D('',#7286,#7287,#7288);
#7286 = CARTESIAN_POINT('',(115.6065,-121.8946,-4.6E-02));
#7287 = DIRECTION('',(-0.,-0.,-1.));
#7288 = DIRECTION('',(-0.,-1.,0.));
#7289 = ADVANCED_FACE('',(#7290),#7301,.F.);
#7290 = FACE_BOUND('',#7291,.T.);
#7291 = EDGE_LOOP('',(#7292,#7293,#7299,#7300));
#7292 = ORIENTED_EDGE('',*,*,#5299,.T.);
#7293 = ORIENTED_EDGE('',*,*,#7294,.T.);
#7294 = EDGE_CURVE('',#5300,#6115,#7295,.T.);
#7295 = LINE('',#7296,#7297);
#7296 = CARTESIAN_POINT('',(166.9161,-168.6804,-4.6E-02));
#7297 = VECTOR('',#7298,1.);
#7298 = DIRECTION('',(0.,0.,1.));
#7299 = ORIENTED_EDGE('',*,*,#6114,.F.);
#7300 = ORIENTED_EDGE('',*,*,#7294,.F.);
#7301 = CYLINDRICAL_SURFACE('',#7302,0.85);
#7302 = AXIS2_PLACEMENT_3D('',#7303,#7304,#7305);
#7303 = CARTESIAN_POINT('',(166.9161,-167.8304,-4.6E-02));
#7304 = DIRECTION('',(-0.,-0.,-1.));
#7305 = DIRECTION('',(-0.,-1.,0.));
#7306 = ADVANCED_FACE('',(#7307),#7318,.F.);
#7307 = FACE_BOUND('',#7308,.T.);
#7308 = EDGE_LOOP('',(#7309,#7310,#7316,#7317));
#7309 = ORIENTED_EDGE('',*,*,#5310,.T.);
#7310 = ORIENTED_EDGE('',*,*,#7311,.T.);
#7311 = EDGE_CURVE('',#5311,#6126,#7312,.T.);
#7312 = LINE('',#7313,#7314);
#7313 = CARTESIAN_POINT('',(172.9161,-166.1804,-4.6E-02));
#7314 = VECTOR('',#7315,1.);
#7315 = DIRECTION('',(0.,0.,1.));
#7316 = ORIENTED_EDGE('',*,*,#6125,.F.);
#7317 = ORIENTED_EDGE('',*,*,#7311,.F.);
#7318 = CYLINDRICAL_SURFACE('',#7319,1.5);
#7319 = AXIS2_PLACEMENT_3D('',#7320,#7321,#7322);
#7320 = CARTESIAN_POINT('',(172.9161,-164.6804,-4.6E-02));
#7321 = DIRECTION('',(-0.,-0.,-1.));
#7322 = DIRECTION('',(-0.,-1.,0.));
#7323 = ADVANCED_FACE('',(#7324),#7335,.F.);
#7324 = FACE_BOUND('',#7325,.T.);
#7325 = EDGE_LOOP('',(#7326,#7327,#7333,#7334));
#7326 = ORIENTED_EDGE('',*,*,#5321,.T.);
#7327 = ORIENTED_EDGE('',*,*,#7328,.T.);
#7328 = EDGE_CURVE('',#5322,#6137,#7329,.T.);
#7329 = LINE('',#7330,#7331);
#7330 = CARTESIAN_POINT('',(166.9161,-155.1804,-4.6E-02));
#7331 = VECTOR('',#7332,1.);
#7332 = DIRECTION('',(0.,0.,1.));
#7333 = ORIENTED_EDGE('',*,*,#6136,.F.);
#7334 = ORIENTED_EDGE('',*,*,#7328,.F.);
#7335 = CYLINDRICAL_SURFACE('',#7336,0.85);
#7336 = AXIS2_PLACEMENT_3D('',#7337,#7338,#7339);
#7337 = CARTESIAN_POINT('',(166.9161,-154.3304,-4.6E-02));
#7338 = DIRECTION('',(-0.,-0.,-1.));
#7339 = DIRECTION('',(-0.,-1.,0.));
#7340 = ADVANCED_FACE('',(#7341),#7352,.F.);
#7341 = FACE_BOUND('',#7342,.T.);
#7342 = EDGE_LOOP('',(#7343,#7344,#7350,#7351));
#7343 = ORIENTED_EDGE('',*,*,#5332,.T.);
#7344 = ORIENTED_EDGE('',*,*,#7345,.T.);
#7345 = EDGE_CURVE('',#5333,#6148,#7346,.T.);
#7346 = LINE('',#7347,#7348);
#7347 = CARTESIAN_POINT('',(172.9161,-158.9804,-4.6E-02));
#7348 = VECTOR('',#7349,1.);
#7349 = DIRECTION('',(0.,0.,1.));
#7350 = ORIENTED_EDGE('',*,*,#6147,.F.);
#7351 = ORIENTED_EDGE('',*,*,#7345,.F.);
#7352 = CYLINDRICAL_SURFACE('',#7353,1.5);
#7353 = AXIS2_PLACEMENT_3D('',#7354,#7355,#7356);
#7354 = CARTESIAN_POINT('',(172.9161,-157.4804,-4.6E-02));
#7355 = DIRECTION('',(-0.,-0.,-1.));
#7356 = DIRECTION('',(-0.,-1.,0.));
#7357 = ADVANCED_FACE('',(#7358),#7369,.F.);
#7358 = FACE_BOUND('',#7359,.T.);
#7359 = EDGE_LOOP('',(#7360,#7361,#7367,#7368));
#7360 = ORIENTED_EDGE('',*,*,#5343,.T.);
#7361 = ORIENTED_EDGE('',*,*,#7362,.T.);
#7362 = EDGE_CURVE('',#5344,#6159,#7363,.T.);
#7363 = LINE('',#7364,#7365);
#7364 = CARTESIAN_POINT('',(186.26214,-157.7464,-4.6E-02));
#7365 = VECTOR('',#7366,1.);
#7366 = DIRECTION('',(0.,0.,1.));
#7367 = ORIENTED_EDGE('',*,*,#6158,.F.);
#7368 = ORIENTED_EDGE('',*,*,#7362,.F.);
#7369 = CYLINDRICAL_SURFACE('',#7370,0.75);
#7370 = AXIS2_PLACEMENT_3D('',#7371,#7372,#7373);
#7371 = CARTESIAN_POINT('',(186.26214,-156.9964,-4.6E-02));
#7372 = DIRECTION('',(-0.,-0.,-1.));
#7373 = DIRECTION('',(-0.,-1.,0.));
#7374 = ADVANCED_FACE('',(#7375),#7386,.F.);
#7375 = FACE_BOUND('',#7376,.T.);
#7376 = EDGE_LOOP('',(#7377,#7378,#7384,#7385));
#7377 = ORIENTED_EDGE('',*,*,#5354,.T.);
#7378 = ORIENTED_EDGE('',*,*,#7379,.T.);
#7379 = EDGE_CURVE('',#5355,#6170,#7380,.T.);
#7380 = LINE('',#7381,#7382);
#7381 = CARTESIAN_POINT('',(187.93421,-155.99086,-4.6E-02));
#7382 = VECTOR('',#7383,1.);
#7383 = DIRECTION('',(0.,0.,1.));
#7384 = ORIENTED_EDGE('',*,*,#6169,.F.);
#7385 = ORIENTED_EDGE('',*,*,#7379,.F.);
#7386 = CYLINDRICAL_SURFACE('',#7387,0.5);
#7387 = AXIS2_PLACEMENT_3D('',#7388,#7389,#7390);
#7388 = CARTESIAN_POINT('',(187.93421,-155.49086,-4.6E-02));
#7389 = DIRECTION('',(-0.,-0.,-1.));
#7390 = DIRECTION('',(-0.,-1.,0.));
#7391 = ADVANCED_FACE('',(#7392),#7403,.F.);
#7392 = FACE_BOUND('',#7393,.T.);
#7393 = EDGE_LOOP('',(#7394,#7395,#7401,#7402));
#7394 = ORIENTED_EDGE('',*,*,#5365,.T.);
#7395 = ORIENTED_EDGE('',*,*,#7396,.T.);
#7396 = EDGE_CURVE('',#5366,#6181,#7397,.T.);
#7397 = LINE('',#7398,#7399);
#7398 = CARTESIAN_POINT('',(189.4205,-154.6526,-4.6E-02));
#7399 = VECTOR('',#7400,1.);
#7400 = DIRECTION('',(0.,0.,1.));
#7401 = ORIENTED_EDGE('',*,*,#6180,.F.);
#7402 = ORIENTED_EDGE('',*,*,#7396,.F.);
#7403 = CYLINDRICAL_SURFACE('',#7404,0.5);
#7404 = AXIS2_PLACEMENT_3D('',#7405,#7406,#7407);
#7405 = CARTESIAN_POINT('',(189.4205,-154.1526,-4.6E-02));
#7406 = DIRECTION('',(-0.,-0.,-1.));
#7407 = DIRECTION('',(-0.,-1.,0.));
#7408 = ADVANCED_FACE('',(#7409),#7420,.F.);
#7409 = FACE_BOUND('',#7410,.T.);
#7410 = EDGE_LOOP('',(#7411,#7412,#7418,#7419));
#7411 = ORIENTED_EDGE('',*,*,#5376,.T.);
#7412 = ORIENTED_EDGE('',*,*,#7413,.T.);
#7413 = EDGE_CURVE('',#5377,#6192,#7414,.T.);
#7414 = LINE('',#7415,#7416);
#7415 = CARTESIAN_POINT('',(190.90679,-153.31434,-4.6E-02));
#7416 = VECTOR('',#7417,1.);
#7417 = DIRECTION('',(0.,0.,1.));
#7418 = ORIENTED_EDGE('',*,*,#6191,.F.);
#7419 = ORIENTED_EDGE('',*,*,#7413,.F.);
#7420 = CYLINDRICAL_SURFACE('',#7421,0.5);
#7421 = AXIS2_PLACEMENT_3D('',#7422,#7423,#7424);
#7422 = CARTESIAN_POINT('',(190.90679,-152.81434,-4.6E-02));
#7423 = DIRECTION('',(-0.,-0.,-1.));
#7424 = DIRECTION('',(-0.,-1.,0.));
#7425 = ADVANCED_FACE('',(#7426),#7437,.F.);
#7426 = FACE_BOUND('',#7427,.T.);
#7427 = EDGE_LOOP('',(#7428,#7429,#7435,#7436));
#7428 = ORIENTED_EDGE('',*,*,#5387,.T.);
#7429 = ORIENTED_EDGE('',*,*,#7430,.T.);
#7430 = EDGE_CURVE('',#5388,#6203,#7431,.T.);
#7431 = LINE('',#7432,#7433);
#7432 = CARTESIAN_POINT('',(192.57887,-152.05879,-4.6E-02));
#7433 = VECTOR('',#7434,1.);
#7434 = DIRECTION('',(0.,0.,1.));
#7435 = ORIENTED_EDGE('',*,*,#6202,.F.);
#7436 = ORIENTED_EDGE('',*,*,#7430,.F.);
#7437 = CYLINDRICAL_SURFACE('',#7438,0.75);
#7438 = AXIS2_PLACEMENT_3D('',#7439,#7440,#7441);
#7439 = CARTESIAN_POINT('',(192.57887,-151.30879,-4.6E-02));
#7440 = DIRECTION('',(-0.,-0.,-1.));
#7441 = DIRECTION('',(-0.,-1.,0.));
#7442 = ADVANCED_FACE('',(#7443),#7454,.F.);
#7443 = FACE_BOUND('',#7444,.T.);
#7444 = EDGE_LOOP('',(#7445,#7446,#7452,#7453));
#7445 = ORIENTED_EDGE('',*,*,#5398,.T.);
#7446 = ORIENTED_EDGE('',*,*,#7447,.T.);
#7447 = EDGE_CURVE('',#5399,#6214,#7448,.T.);
#7448 = LINE('',#7449,#7450);
#7449 = CARTESIAN_POINT('',(172.4041,-123.8864,-4.6E-02));
#7450 = VECTOR('',#7451,1.);
#7451 = DIRECTION('',(0.,0.,1.));
#7452 = ORIENTED_EDGE('',*,*,#6213,.F.);
#7453 = ORIENTED_EDGE('',*,*,#7447,.F.);
#7454 = CYLINDRICAL_SURFACE('',#7455,0.925);
#7455 = AXIS2_PLACEMENT_3D('',#7456,#7457,#7458);
#7456 = CARTESIAN_POINT('',(172.4041,-122.9614,-4.6E-02));
#7457 = DIRECTION('',(-0.,-0.,-1.));
#7458 = DIRECTION('',(-0.,-1.,0.));
#7459 = ADVANCED_FACE('',(#7460),#7471,.F.);
#7460 = FACE_BOUND('',#7461,.T.);
#7461 = EDGE_LOOP('',(#7462,#7463,#7469,#7470));
#7462 = ORIENTED_EDGE('',*,*,#5409,.T.);
#7463 = ORIENTED_EDGE('',*,*,#7464,.T.);
#7464 = EDGE_CURVE('',#5410,#6225,#7465,.T.);
#7465 = LINE('',#7466,#7467);
#7466 = CARTESIAN_POINT('',(177.9041,-123.8864,-4.6E-02));
#7467 = VECTOR('',#7468,1.);
#7468 = DIRECTION('',(0.,0.,1.));
#7469 = ORIENTED_EDGE('',*,*,#6224,.F.);
#7470 = ORIENTED_EDGE('',*,*,#7464,.F.);
#7471 = CYLINDRICAL_SURFACE('',#7472,0.925);
#7472 = AXIS2_PLACEMENT_3D('',#7473,#7474,#7475);
#7473 = CARTESIAN_POINT('',(177.9041,-122.9614,-4.6E-02));
#7474 = DIRECTION('',(-0.,-0.,-1.));
#7475 = DIRECTION('',(-0.,-1.,0.));
#7476 = ADVANCED_FACE('',(#7477),#7488,.F.);
#7477 = FACE_BOUND('',#7478,.T.);
#7478 = EDGE_LOOP('',(#7479,#7480,#7486,#7487));
#7479 = ORIENTED_EDGE('',*,*,#5420,.T.);
#7480 = ORIENTED_EDGE('',*,*,#7481,.T.);
#7481 = EDGE_CURVE('',#5421,#6236,#7482,.T.);
#7482 = LINE('',#7483,#7484);
#7483 = CARTESIAN_POINT('',(185.2041,-124.4864,-4.6E-02));
#7484 = VECTOR('',#7485,1.);
#7485 = DIRECTION('',(0.,0.,1.));
#7486 = ORIENTED_EDGE('',*,*,#6235,.F.);
#7487 = ORIENTED_EDGE('',*,*,#7481,.F.);
#7488 = CYLINDRICAL_SURFACE('',#7489,1.525);
#7489 = AXIS2_PLACEMENT_3D('',#7490,#7491,#7492);
#7490 = CARTESIAN_POINT('',(185.2041,-122.9614,-4.6E-02));
#7491 = DIRECTION('',(-0.,0.,-1.));
#7492 = DIRECTION('',(1.863718651174E-14,-1.,-0.));
#7493 = ADVANCED_FACE('',(#7494),#7505,.F.);
#7494 = FACE_BOUND('',#7495,.T.);
#7495 = EDGE_LOOP('',(#7496,#7497,#7503,#7504));
#7496 = ORIENTED_EDGE('',*,*,#5431,.T.);
#7497 = ORIENTED_EDGE('',*,*,#7498,.T.);
#7498 = EDGE_CURVE('',#5432,#6247,#7499,.T.);
#7499 = LINE('',#7500,#7501);
#7500 = CARTESIAN_POINT('',(209.5371,-114.9832,-4.6E-02));
#7501 = VECTOR('',#7502,1.);
#7502 = DIRECTION('',(0.,0.,1.));
#7503 = ORIENTED_EDGE('',*,*,#6246,.F.);
#7504 = ORIENTED_EDGE('',*,*,#7498,.F.);
#7505 = CYLINDRICAL_SURFACE('',#7506,1.75);
#7506 = AXIS2_PLACEMENT_3D('',#7507,#7508,#7509);
#7507 = CARTESIAN_POINT('',(209.5371,-113.2332,-4.6E-02));
#7508 = DIRECTION('',(-0.,-0.,-1.));
#7509 = DIRECTION('',(-0.,-1.,0.));
#7510 = ADVANCED_FACE('',(#7511),#7522,.F.);
#7511 = FACE_BOUND('',#7512,.T.);
#7512 = EDGE_LOOP('',(#7513,#7514,#7520,#7521));
#7513 = ORIENTED_EDGE('',*,*,#5442,.T.);
#7514 = ORIENTED_EDGE('',*,*,#7515,.T.);
#7515 = EDGE_CURVE('',#5443,#6258,#7516,.T.);
#7516 = LINE('',#7517,#7518);
#7517 = CARTESIAN_POINT('',(94.5261,-104.9856,-4.6E-02));
#7518 = VECTOR('',#7519,1.);
#7519 = DIRECTION('',(0.,0.,1.));
#7520 = ORIENTED_EDGE('',*,*,#6257,.F.);
#7521 = ORIENTED_EDGE('',*,*,#7515,.F.);
#7522 = CYLINDRICAL_SURFACE('',#7523,0.45);
#7523 = AXIS2_PLACEMENT_3D('',#7524,#7525,#7526);
#7524 = CARTESIAN_POINT('',(94.5261,-104.5356,-4.6E-02));
#7525 = DIRECTION('',(-0.,-0.,-1.));
#7526 = DIRECTION('',(-0.,-1.,0.));
#7527 = ADVANCED_FACE('',(#7528),#7539,.F.);
#7528 = FACE_BOUND('',#7529,.T.);
#7529 = EDGE_LOOP('',(#7530,#7531,#7537,#7538));
#7530 = ORIENTED_EDGE('',*,*,#5453,.T.);
#7531 = ORIENTED_EDGE('',*,*,#7532,.T.);
#7532 = EDGE_CURVE('',#5454,#6269,#7533,.T.);
#7533 = LINE('',#7534,#7535);
#7534 = CARTESIAN_POINT('',(74.2821,-77.0102,-4.6E-02));
#7535 = VECTOR('',#7536,1.);
#7536 = DIRECTION('',(0.,0.,1.));
#7537 = ORIENTED_EDGE('',*,*,#6268,.F.);
#7538 = ORIENTED_EDGE('',*,*,#7532,.F.);
#7539 = CYLINDRICAL_SURFACE('',#7540,1.75);
#7540 = AXIS2_PLACEMENT_3D('',#7541,#7542,#7543);
#7541 = CARTESIAN_POINT('',(74.2821,-75.2602,-4.6E-02));
#7542 = DIRECTION('',(-0.,-0.,-1.));
#7543 = DIRECTION('',(-0.,-1.,0.));
#7544 = ADVANCED_FACE('',(#7545),#7556,.F.);
#7545 = FACE_BOUND('',#7546,.T.);
#7546 = EDGE_LOOP('',(#7547,#7548,#7554,#7555));
#7547 = ORIENTED_EDGE('',*,*,#5464,.T.);
#7548 = ORIENTED_EDGE('',*,*,#7549,.T.);
#7549 = EDGE_CURVE('',#5465,#6280,#7550,.T.);
#7550 = LINE('',#7551,#7552);
#7551 = CARTESIAN_POINT('',(85.2803,-69.4872,-4.6E-02));
#7552 = VECTOR('',#7553,1.);
#7553 = DIRECTION('',(0.,0.,1.));
#7554 = ORIENTED_EDGE('',*,*,#6279,.F.);
#7555 = ORIENTED_EDGE('',*,*,#7549,.F.);
#7556 = CYLINDRICAL_SURFACE('',#7557,0.45);
#7557 = AXIS2_PLACEMENT_3D('',#7558,#7559,#7560);
#7558 = CARTESIAN_POINT('',(85.2803,-69.0372,-4.6E-02));
#7559 = DIRECTION('',(-0.,-0.,-1.));
#7560 = DIRECTION('',(-0.,-1.,0.));
#7561 = ADVANCED_FACE('',(#7562),#7573,.F.);
#7562 = FACE_BOUND('',#7563,.T.);
#7563 = EDGE_LOOP('',(#7564,#7565,#7571,#7572));
#7564 = ORIENTED_EDGE('',*,*,#5475,.T.);
#7565 = ORIENTED_EDGE('',*,*,#7566,.T.);
#7566 = EDGE_CURVE('',#5476,#6291,#7567,.T.);
#7567 = LINE('',#7568,#7569);
#7568 = CARTESIAN_POINT('',(85.2803,-66.9472,-4.6E-02));
#7569 = VECTOR('',#7570,1.);
#7570 = DIRECTION('',(0.,0.,1.));
#7571 = ORIENTED_EDGE('',*,*,#6290,.F.);
#7572 = ORIENTED_EDGE('',*,*,#7566,.F.);
#7573 = CYLINDRICAL_SURFACE('',#7574,0.45);
#7574 = AXIS2_PLACEMENT_3D('',#7575,#7576,#7577);
#7575 = CARTESIAN_POINT('',(85.2803,-66.4972,-4.6E-02));
#7576 = DIRECTION('',(-0.,-0.,-1.));
#7577 = DIRECTION('',(-0.,-1.,0.));
#7578 = ADVANCED_FACE('',(#7579),#7590,.F.);
#7579 = FACE_BOUND('',#7580,.T.);
#7580 = EDGE_LOOP('',(#7581,#7582,#7588,#7589));
#7581 = ORIENTED_EDGE('',*,*,#5486,.T.);
#7582 = ORIENTED_EDGE('',*,*,#7583,.T.);
#7583 = EDGE_CURVE('',#5487,#6302,#7584,.T.);
#7584 = LINE('',#7585,#7586);
#7585 = CARTESIAN_POINT('',(87.8203,-69.4872,-4.6E-02));
#7586 = VECTOR('',#7587,1.);
#7587 = DIRECTION('',(0.,0.,1.));
#7588 = ORIENTED_EDGE('',*,*,#6301,.F.);
#7589 = ORIENTED_EDGE('',*,*,#7583,.F.);
#7590 = CYLINDRICAL_SURFACE('',#7591,0.45);
#7591 = AXIS2_PLACEMENT_3D('',#7592,#7593,#7594);
#7592 = CARTESIAN_POINT('',(87.8203,-69.0372,-4.6E-02));
#7593 = DIRECTION('',(-0.,-0.,-1.));
#7594 = DIRECTION('',(-0.,-1.,0.));
#7595 = ADVANCED_FACE('',(#7596),#7607,.F.);
#7596 = FACE_BOUND('',#7597,.T.);
#7597 = EDGE_LOOP('',(#7598,#7599,#7605,#7606));
#7598 = ORIENTED_EDGE('',*,*,#5497,.T.);
#7599 = ORIENTED_EDGE('',*,*,#7600,.T.);
#7600 = EDGE_CURVE('',#5498,#6313,#7601,.T.);
#7601 = LINE('',#7602,#7603);
#7602 = CARTESIAN_POINT('',(87.8203,-66.9472,-4.6E-02));
#7603 = VECTOR('',#7604,1.);
#7604 = DIRECTION('',(0.,0.,1.));
#7605 = ORIENTED_EDGE('',*,*,#6312,.F.);
#7606 = ORIENTED_EDGE('',*,*,#7600,.F.);
#7607 = CYLINDRICAL_SURFACE('',#7608,0.45);
#7608 = AXIS2_PLACEMENT_3D('',#7609,#7610,#7611);
#7609 = CARTESIAN_POINT('',(87.8203,-66.4972,-4.6E-02));
#7610 = DIRECTION('',(-0.,-0.,-1.));
#7611 = DIRECTION('',(-0.,-1.,0.));
#7612 = ADVANCED_FACE('',(#7613),#7624,.F.);
#7613 = FACE_BOUND('',#7614,.T.);
#7614 = EDGE_LOOP('',(#7615,#7616,#7622,#7623));
#7615 = ORIENTED_EDGE('',*,*,#5508,.T.);
#7616 = ORIENTED_EDGE('',*,*,#7617,.T.);
#7617 = EDGE_CURVE('',#5509,#6324,#7618,.T.);
#7618 = LINE('',#7619,#7620);
#7619 = CARTESIAN_POINT('',(85.2803,-64.4072,-4.6E-02));
#7620 = VECTOR('',#7621,1.);
#7621 = DIRECTION('',(0.,0.,1.));
#7622 = ORIENTED_EDGE('',*,*,#6323,.F.);
#7623 = ORIENTED_EDGE('',*,*,#7617,.F.);
#7624 = CYLINDRICAL_SURFACE('',#7625,0.45);
#7625 = AXIS2_PLACEMENT_3D('',#7626,#7627,#7628);
#7626 = CARTESIAN_POINT('',(85.2803,-63.9572,-4.6E-02));
#7627 = DIRECTION('',(-0.,-0.,-1.));
#7628 = DIRECTION('',(-0.,-1.,0.));
#7629 = ADVANCED_FACE('',(#7630),#7641,.F.);
#7630 = FACE_BOUND('',#7631,.T.);
#7631 = EDGE_LOOP('',(#7632,#7633,#7639,#7640));
#7632 = ORIENTED_EDGE('',*,*,#5519,.T.);
#7633 = ORIENTED_EDGE('',*,*,#7634,.T.);
#7634 = EDGE_CURVE('',#5520,#6335,#7635,.T.);
#7635 = LINE('',#7636,#7637);
#7636 = CARTESIAN_POINT('',(87.8203,-64.4072,-4.6E-02));
#7637 = VECTOR('',#7638,1.);
#7638 = DIRECTION('',(0.,0.,1.));
#7639 = ORIENTED_EDGE('',*,*,#6334,.F.);
#7640 = ORIENTED_EDGE('',*,*,#7634,.F.);
#7641 = CYLINDRICAL_SURFACE('',#7642,0.45);
#7642 = AXIS2_PLACEMENT_3D('',#7643,#7644,#7645);
#7643 = CARTESIAN_POINT('',(87.8203,-63.9572,-4.6E-02));
#7644 = DIRECTION('',(-0.,-0.,-1.));
#7645 = DIRECTION('',(-0.,-1.,0.));
#7646 = ADVANCED_FACE('',(#7647),#7658,.F.);
#7647 = FACE_BOUND('',#7648,.T.);
#7648 = EDGE_LOOP('',(#7649,#7650,#7656,#7657));
#7649 = ORIENTED_EDGE('',*,*,#5530,.T.);
#7650 = ORIENTED_EDGE('',*,*,#7651,.T.);
#7651 = EDGE_CURVE('',#5531,#6346,#7652,.T.);
#7652 = LINE('',#7653,#7654);
#7653 = CARTESIAN_POINT('',(85.2803,-61.8672,-4.6E-02));
#7654 = VECTOR('',#7655,1.);
#7655 = DIRECTION('',(0.,0.,1.));
#7656 = ORIENTED_EDGE('',*,*,#6345,.F.);
#7657 = ORIENTED_EDGE('',*,*,#7651,.F.);
#7658 = CYLINDRICAL_SURFACE('',#7659,0.45);
#7659 = AXIS2_PLACEMENT_3D('',#7660,#7661,#7662);
#7660 = CARTESIAN_POINT('',(85.2803,-61.4172,-4.6E-02));
#7661 = DIRECTION('',(-0.,-0.,-1.));
#7662 = DIRECTION('',(-0.,-1.,0.));
#7663 = ADVANCED_FACE('',(#7664),#7675,.F.);
#7664 = FACE_BOUND('',#7665,.T.);
#7665 = EDGE_LOOP('',(#7666,#7667,#7673,#7674));
#7666 = ORIENTED_EDGE('',*,*,#5541,.T.);
#7667 = ORIENTED_EDGE('',*,*,#7668,.T.);
#7668 = EDGE_CURVE('',#5542,#6357,#7669,.T.);
#7669 = LINE('',#7670,#7671);
#7670 = CARTESIAN_POINT('',(85.2803,-59.3272,-4.6E-02));
#7671 = VECTOR('',#7672,1.);
#7672 = DIRECTION('',(0.,0.,1.));
#7673 = ORIENTED_EDGE('',*,*,#6356,.F.);
#7674 = ORIENTED_EDGE('',*,*,#7668,.F.);
#7675 = CYLINDRICAL_SURFACE('',#7676,0.45);
#7676 = AXIS2_PLACEMENT_3D('',#7677,#7678,#7679);
#7677 = CARTESIAN_POINT('',(85.2803,-58.8772,-4.6E-02));
#7678 = DIRECTION('',(-0.,-0.,-1.));
#7679 = DIRECTION('',(-0.,-1.,0.));
#7680 = ADVANCED_FACE('',(#7681),#7692,.F.);
#7681 = FACE_BOUND('',#7682,.T.);
#7682 = EDGE_LOOP('',(#7683,#7684,#7690,#7691));
#7683 = ORIENTED_EDGE('',*,*,#5552,.T.);
#7684 = ORIENTED_EDGE('',*,*,#7685,.T.);
#7685 = EDGE_CURVE('',#5553,#6368,#7686,.T.);
#7686 = LINE('',#7687,#7688);
#7687 = CARTESIAN_POINT('',(87.8203,-61.8672,-4.6E-02));
#7688 = VECTOR('',#7689,1.);
#7689 = DIRECTION('',(0.,0.,1.));
#7690 = ORIENTED_EDGE('',*,*,#6367,.F.);
#7691 = ORIENTED_EDGE('',*,*,#7685,.F.);
#7692 = CYLINDRICAL_SURFACE('',#7693,0.45);
#7693 = AXIS2_PLACEMENT_3D('',#7694,#7695,#7696);
#7694 = CARTESIAN_POINT('',(87.8203,-61.4172,-4.6E-02));
#7695 = DIRECTION('',(-0.,-0.,-1.));
#7696 = DIRECTION('',(-0.,-1.,0.));
#7697 = ADVANCED_FACE('',(#7698),#7709,.F.);
#7698 = FACE_BOUND('',#7699,.T.);
#7699 = EDGE_LOOP('',(#7700,#7701,#7707,#7708));
#7700 = ORIENTED_EDGE('',*,*,#5563,.T.);
#7701 = ORIENTED_EDGE('',*,*,#7702,.T.);
#7702 = EDGE_CURVE('',#5564,#6379,#7703,.T.);
#7703 = LINE('',#7704,#7705);
#7704 = CARTESIAN_POINT('',(87.8203,-59.3272,-4.6E-02));
#7705 = VECTOR('',#7706,1.);
#7706 = DIRECTION('',(0.,0.,1.));
#7707 = ORIENTED_EDGE('',*,*,#6378,.F.);
#7708 = ORIENTED_EDGE('',*,*,#7702,.F.);
#7709 = CYLINDRICAL_SURFACE('',#7710,0.45);
#7710 = AXIS2_PLACEMENT_3D('',#7711,#7712,#7713);
#7711 = CARTESIAN_POINT('',(87.8203,-58.8772,-4.6E-02));
#7712 = DIRECTION('',(-0.,-0.,-1.));
#7713 = DIRECTION('',(-0.,-1.,0.));
#7714 = ADVANCED_FACE('',(#7715),#7726,.F.);
#7715 = FACE_BOUND('',#7716,.T.);
#7716 = EDGE_LOOP('',(#7717,#7718,#7724,#7725));
#7717 = ORIENTED_EDGE('',*,*,#5574,.T.);
#7718 = ORIENTED_EDGE('',*,*,#7719,.T.);
#7719 = EDGE_CURVE('',#5575,#6390,#7720,.T.);
#7720 = LINE('',#7721,#7722);
#7721 = CARTESIAN_POINT('',(85.2803,-56.7872,-4.6E-02));
#7722 = VECTOR('',#7723,1.);
#7723 = DIRECTION('',(0.,0.,1.));
#7724 = ORIENTED_EDGE('',*,*,#6389,.F.);
#7725 = ORIENTED_EDGE('',*,*,#7719,.F.);
#7726 = CYLINDRICAL_SURFACE('',#7727,0.45);
#7727 = AXIS2_PLACEMENT_3D('',#7728,#7729,#7730);
#7728 = CARTESIAN_POINT('',(85.2803,-56.3372,-4.6E-02));
#7729 = DIRECTION('',(-0.,-0.,-1.));
#7730 = DIRECTION('',(-0.,-1.,0.));
#7731 = ADVANCED_FACE('',(#7732),#7743,.F.);
#7732 = FACE_BOUND('',#7733,.T.);
#7733 = EDGE_LOOP('',(#7734,#7735,#7741,#7742));
#7734 = ORIENTED_EDGE('',*,*,#5585,.T.);
#7735 = ORIENTED_EDGE('',*,*,#7736,.T.);
#7736 = EDGE_CURVE('',#5586,#6401,#7737,.T.);
#7737 = LINE('',#7738,#7739);
#7738 = CARTESIAN_POINT('',(87.8203,-56.7872,-4.6E-02));
#7739 = VECTOR('',#7740,1.);
#7740 = DIRECTION('',(0.,0.,1.));
#7741 = ORIENTED_EDGE('',*,*,#6400,.F.);
#7742 = ORIENTED_EDGE('',*,*,#7736,.F.);
#7743 = CYLINDRICAL_SURFACE('',#7744,0.45);
#7744 = AXIS2_PLACEMENT_3D('',#7745,#7746,#7747);
#7745 = CARTESIAN_POINT('',(87.8203,-56.3372,-4.6E-02));
#7746 = DIRECTION('',(-0.,-0.,-1.));
#7747 = DIRECTION('',(-0.,-1.,0.));
#7748 = ADVANCED_FACE('',(#7749),#7760,.F.);
#7749 = FACE_BOUND('',#7750,.T.);
#7750 = EDGE_LOOP('',(#7751,#7757,#7758,#7759));
#7751 = ORIENTED_EDGE('',*,*,#7752,.T.);
#7752 = EDGE_CURVE('',#5597,#6412,#7753,.T.);
#7753 = LINE('',#7754,#7755);
#7754 = CARTESIAN_POINT('',(130.93311,-43.4232,0.));
#7755 = VECTOR('',#7756,1.);
#7756 = DIRECTION('',(0.,0.,1.));
#7757 = ORIENTED_EDGE('',*,*,#6411,.T.);
#7758 = ORIENTED_EDGE('',*,*,#7752,.F.);
#7759 = ORIENTED_EDGE('',*,*,#5596,.F.);
#7760 = CYLINDRICAL_SURFACE('',#7761,1.75001);
#7761 = AXIS2_PLACEMENT_3D('',#7762,#7763,#7764);
#7762 = CARTESIAN_POINT('',(129.1831,-43.4232,0.));
#7763 = DIRECTION('',(-0.,-0.,-1.));
#7764 = DIRECTION('',(1.,0.,-0.));
#7765 = ADVANCED_FACE('',(#7766),#7777,.F.);
#7766 = FACE_BOUND('',#7767,.T.);
#7767 = EDGE_LOOP('',(#7768,#7769,#7775,#7776));
#7768 = ORIENTED_EDGE('',*,*,#5607,.T.);
#7769 = ORIENTED_EDGE('',*,*,#7770,.T.);
#7770 = EDGE_CURVE('',#5608,#6423,#7771,.T.);
#7771 = LINE('',#7772,#7773);
#7772 = CARTESIAN_POINT('',(182.3995,-102.8386,-4.6E-02));
#7773 = VECTOR('',#7774,1.);
#7774 = DIRECTION('',(0.,0.,1.));
#7775 = ORIENTED_EDGE('',*,*,#6422,.F.);
#7776 = ORIENTED_EDGE('',*,*,#7770,.F.);
#7777 = CYLINDRICAL_SURFACE('',#7778,0.53);
#7778 = AXIS2_PLACEMENT_3D('',#7779,#7780,#7781);
#7779 = CARTESIAN_POINT('',(182.3995,-102.3086,-4.6E-02));
#7780 = DIRECTION('',(-0.,-0.,-1.));
#7781 = DIRECTION('',(-0.,-1.,0.));
#7782 = ADVANCED_FACE('',(#7783),#7794,.F.);
#7783 = FACE_BOUND('',#7784,.T.);
#7784 = EDGE_LOOP('',(#7785,#7786,#7792,#7793));
#7785 = ORIENTED_EDGE('',*,*,#5618,.T.);
#7786 = ORIENTED_EDGE('',*,*,#7787,.T.);
#7787 = EDGE_CURVE('',#5619,#6434,#7788,.T.);
#7788 = LINE('',#7789,#7790);
#7789 = CARTESIAN_POINT('',(182.3995,-99.3386,-4.6E-02));
#7790 = VECTOR('',#7791,1.);
#7791 = DIRECTION('',(0.,0.,1.));
#7792 = ORIENTED_EDGE('',*,*,#6433,.F.);
#7793 = ORIENTED_EDGE('',*,*,#7787,.F.);
#7794 = CYLINDRICAL_SURFACE('',#7795,0.53);
#7795 = AXIS2_PLACEMENT_3D('',#7796,#7797,#7798);
#7796 = CARTESIAN_POINT('',(182.3995,-98.8086,-4.6E-02));
#7797 = DIRECTION('',(-0.,-0.,-1.));
#7798 = DIRECTION('',(-0.,-1.,0.));
#7799 = ADVANCED_FACE('',(#7800),#7811,.F.);
#7800 = FACE_BOUND('',#7801,.T.);
#7801 = EDGE_LOOP('',(#7802,#7803,#7809,#7810));
#7802 = ORIENTED_EDGE('',*,*,#5629,.T.);
#7803 = ORIENTED_EDGE('',*,*,#7804,.T.);
#7804 = EDGE_CURVE('',#5630,#6445,#7805,.T.);
#7805 = LINE('',#7806,#7807);
#7806 = CARTESIAN_POINT('',(190.3095,-102.1036,-4.6E-02));
#7807 = VECTOR('',#7808,1.);
#7808 = DIRECTION('',(0.,0.,1.));
#7809 = ORIENTED_EDGE('',*,*,#6444,.F.);
#7810 = ORIENTED_EDGE('',*,*,#7804,.F.);
#7811 = CYLINDRICAL_SURFACE('',#7812,1.545);
#7812 = AXIS2_PLACEMENT_3D('',#7813,#7814,#7815);
#7813 = CARTESIAN_POINT('',(190.3095,-100.5586,-4.6E-02));
#7814 = DIRECTION('',(-0.,-0.,-1.));
#7815 = DIRECTION('',(-0.,-1.,0.));
#7816 = ADVANCED_FACE('',(#7817),#7828,.F.);
#7817 = FACE_BOUND('',#7818,.T.);
#7818 = EDGE_LOOP('',(#7819,#7820,#7826,#7827));
#7819 = ORIENTED_EDGE('',*,*,#5640,.T.);
#7820 = ORIENTED_EDGE('',*,*,#7821,.T.);
#7821 = EDGE_CURVE('',#5641,#6456,#7822,.T.);
#7822 = LINE('',#7823,#7824);
#7823 = CARTESIAN_POINT('',(182.3995,-90.9514,-4.6E-02));
#7824 = VECTOR('',#7825,1.);
#7825 = DIRECTION('',(0.,0.,1.));
#7826 = ORIENTED_EDGE('',*,*,#6455,.F.);
#7827 = ORIENTED_EDGE('',*,*,#7821,.F.);
#7828 = CYLINDRICAL_SURFACE('',#7829,0.53);
#7829 = AXIS2_PLACEMENT_3D('',#7830,#7831,#7832);
#7830 = CARTESIAN_POINT('',(182.3995,-90.4214,-4.6E-02));
#7831 = DIRECTION('',(-0.,-0.,-1.));
#7832 = DIRECTION('',(-0.,-1.,0.));
#7833 = ADVANCED_FACE('',(#7834),#7845,.F.);
#7834 = FACE_BOUND('',#7835,.T.);
#7835 = EDGE_LOOP('',(#7836,#7837,#7843,#7844));
#7836 = ORIENTED_EDGE('',*,*,#5651,.T.);
#7837 = ORIENTED_EDGE('',*,*,#7838,.T.);
#7838 = EDGE_CURVE('',#5652,#6467,#7839,.T.);
#7839 = LINE('',#7840,#7841);
#7840 = CARTESIAN_POINT('',(182.3995,-87.4514,-4.6E-02));
#7841 = VECTOR('',#7842,1.);
#7842 = DIRECTION('',(0.,0.,1.));
#7843 = ORIENTED_EDGE('',*,*,#6466,.F.);
#7844 = ORIENTED_EDGE('',*,*,#7838,.F.);
#7845 = CYLINDRICAL_SURFACE('',#7846,0.53);
#7846 = AXIS2_PLACEMENT_3D('',#7847,#7848,#7849);
#7847 = CARTESIAN_POINT('',(182.3995,-86.9214,-4.6E-02));
#7848 = DIRECTION('',(-0.,-0.,-1.));
#7849 = DIRECTION('',(-0.,-1.,0.));
#7850 = ADVANCED_FACE('',(#7851),#7862,.F.);
#7851 = FACE_BOUND('',#7852,.T.);
#7852 = EDGE_LOOP('',(#7853,#7854,#7860,#7861));
#7853 = ORIENTED_EDGE('',*,*,#5662,.T.);
#7854 = ORIENTED_EDGE('',*,*,#7855,.T.);
#7855 = EDGE_CURVE('',#5663,#6478,#7856,.T.);
#7856 = LINE('',#7857,#7858);
#7857 = CARTESIAN_POINT('',(190.3095,-90.2164,-4.6E-02));
#7858 = VECTOR('',#7859,1.);
#7859 = DIRECTION('',(0.,0.,1.));
#7860 = ORIENTED_EDGE('',*,*,#6477,.F.);
#7861 = ORIENTED_EDGE('',*,*,#7855,.F.);
#7862 = CYLINDRICAL_SURFACE('',#7863,1.545);
#7863 = AXIS2_PLACEMENT_3D('',#7864,#7865,#7866);
#7864 = CARTESIAN_POINT('',(190.3095,-88.6714,-4.6E-02));
#7865 = DIRECTION('',(-0.,-0.,-1.));
#7866 = DIRECTION('',(-0.,-1.,0.));
#7867 = ADVANCED_FACE('',(#7868),#7879,.F.);
#7868 = FACE_BOUND('',#7869,.T.);
#7869 = EDGE_LOOP('',(#7870,#7871,#7877,#7878));
#7870 = ORIENTED_EDGE('',*,*,#5673,.T.);
#7871 = ORIENTED_EDGE('',*,*,#7872,.T.);
#7872 = EDGE_CURVE('',#5674,#6489,#7873,.T.);
#7873 = LINE('',#7874,#7875);
#7874 = CARTESIAN_POINT('',(213.0931,-77.1118,-4.6E-02));
#7875 = VECTOR('',#7876,1.);
#7876 = DIRECTION('',(0.,0.,1.));
#7877 = ORIENTED_EDGE('',*,*,#6488,.F.);
#7878 = ORIENTED_EDGE('',*,*,#7872,.F.);
#7879 = CYLINDRICAL_SURFACE('',#7880,1.75);
#7880 = AXIS2_PLACEMENT_3D('',#7881,#7882,#7883);
#7881 = CARTESIAN_POINT('',(213.0931,-75.3618,-4.6E-02));
#7882 = DIRECTION('',(-0.,-0.,-1.));
#7883 = DIRECTION('',(-0.,-1.,0.));
#7884 = ADVANCED_FACE('',(#7885),#7896,.F.);
#7885 = FACE_BOUND('',#7886,.T.);
#7886 = EDGE_LOOP('',(#7887,#7893,#7894,#7895));
#7887 = ORIENTED_EDGE('',*,*,#7888,.T.);
#7888 = EDGE_CURVE('',#5685,#6500,#7889,.T.);
#7889 = LINE('',#7890,#7891);
#7890 = CARTESIAN_POINT('',(160.93311,-43.4232,0.));
#7891 = VECTOR('',#7892,1.);
#7892 = DIRECTION('',(0.,0.,1.));
#7893 = ORIENTED_EDGE('',*,*,#6499,.T.);
#7894 = ORIENTED_EDGE('',*,*,#7888,.F.);
#7895 = ORIENTED_EDGE('',*,*,#5684,.F.);
#7896 = CYLINDRICAL_SURFACE('',#7897,1.75001);
#7897 = AXIS2_PLACEMENT_3D('',#7898,#7899,#7900);
#7898 = CARTESIAN_POINT('',(159.1831,-43.4232,0.));
#7899 = DIRECTION('',(-0.,-0.,-1.));
#7900 = DIRECTION('',(1.,0.,-0.));
#7901 = ( GEOMETRIC_REPRESENTATION_CONTEXT(3) 
GLOBAL_UNCERTAINTY_ASSIGNED_CONTEXT((#7905)) 
GLOBAL_UNIT_ASSIGNED_CONTEXT((#7902,#7903,#7904)) REPRESENTATION_CONTEXT
('Context #1','3D Context with UNIT and UNCERTAINTY') );
#7902 = ( LENGTH_UNIT() NAMED_UNIT(*) SI_UNIT(.MILLI.,.METRE.) );
#7903 = ( NAMED_UNIT(*) PLANE_ANGLE_UNIT() SI_UNIT($,.RADIAN.) );
#7904 = ( NAMED_UNIT(*) SI_UNIT($,.STERADIAN.) SOLID_ANGLE_UNIT() );
#7905 = UNCERTAINTY_MEASURE_WITH_UNIT(LENGTH_MEASURE(1.E-07),#7902,
  'distance_accuracy_value','confusion accuracy');
#7906 = CONTEXT_DEPENDENT_SHAPE_REPRESENTATION(#7907,#7909);
#7907 = ( REPRESENTATION_RELATIONSHIP('','',#4775,#10) 
REPRESENTATION_RELATIONSHIP_WITH_TRANSFORMATION(#7908) 
SHAPE_REPRESENTATION_RELATIONSHIP() );
#7908 = ITEM_DEFINED_TRANSFORMATION('','',#11,#31);
#7909 = PRODUCT_DEFINITION_SHAPE('Placement','Placement of an item',
  #7910);
#7910 = NEXT_ASSEMBLY_USAGE_OCCURRENCE('11','=>[0:1:1:5]','',#5,#4770,$
  );
#7911 = PRODUCT_RELATED_PRODUCT_CATEGORY('part',$,(#4772));
#7912 = MECHANICAL_DESIGN_GEOMETRIC_PRESENTATION_REPRESENTATION('',(
    #7913),#793);
#7913 = STYLED_ITEM('color',(#7914),#441);
#7914 = PRESENTATION_STYLE_ASSIGNMENT((#7915,#7921));
#7915 = SURFACE_STYLE_USAGE(.BOTH.,#7916);
#7916 = SURFACE_SIDE_STYLE('',(#7917));
#7917 = SURFACE_STYLE_FILL_AREA(#7918);
#7918 = FILL_AREA_STYLE('',(#7919));
#7919 = FILL_AREA_STYLE_COLOUR('',#7920);
#7920 = COLOUR_RGB('',0.734000028196,0.773000013638,0.796999989372);
#7921 = CURVE_STYLE('',#7922,POSITIVE_LENGTH_MEASURE(0.1),#7920);
#7922 = DRAUGHTING_PRE_DEFINED_CURVE_FONT('continuous');
#7923 = MECHANICAL_DESIGN_GEOMETRIC_PRESENTATION_REPRESENTATION('',(
    #7924),#422);
#7924 = STYLED_ITEM('color',(#7925),#80);
#7925 = PRESENTATION_STYLE_ASSIGNMENT((#7926,#7932));
#7926 = SURFACE_STYLE_USAGE(.BOTH.,#7927);
#7927 = SURFACE_SIDE_STYLE('',(#7928));
#7928 = SURFACE_STYLE_FILL_AREA(#7929);
#7929 = FILL_AREA_STYLE('',(#7930));
#7930 = FILL_AREA_STYLE_COLOUR('',#7931);
#7931 = COLOUR_RGB('',9.999999991362E-02,9.999999991362E-02,
  0.899999968064);
#7932 = CURVE_STYLE('',#7933,POSITIVE_LENGTH_MEASURE(0.1),#7931);
#7933 = DRAUGHTING_PRE_DEFINED_CURVE_FONT('continuous');
#7934 = MECHANICAL_DESIGN_GEOMETRIC_PRESENTATION_REPRESENTATION('',(
    #7935),#1164);
#7935 = STYLED_ITEM('color',(#7936),#812);
#7936 = PRESENTATION_STYLE_ASSIGNMENT((#7937,#7942));
#7937 = SURFACE_STYLE_USAGE(.BOTH.,#7938);
#7938 = SURFACE_SIDE_STYLE('',(#7939));
#7939 = SURFACE_STYLE_FILL_AREA(#7940);
#7940 = FILL_AREA_STYLE('',(#7941));
#7941 = FILL_AREA_STYLE_COLOUR('',#7920);
#7942 = CURVE_STYLE('',#7943,POSITIVE_LENGTH_MEASURE(0.1),#7920);
#7943 = DRAUGHTING_PRE_DEFINED_CURVE_FONT('continuous');
ENDSEC;
END-ISO-10303-21;
