ISO-10303-21;
HEADER;
FILE_DESCRIPTION(('KiCad electronic assembly'),'2;1');
FILE_NAME('zjunlict-booster-board-mechanical-bare.step',
  '2026-09-26T15:24:14',('Pcbnew'),('Kicad'),
  'Open CASCADE STEP processor 7.6','KiCad to STEP converter','Unknown'
  );
FILE_SCHEMA(('AUTOMOTIVE_DESIGN { 1 0 10303 214 1 1 1 1 }'));
ENDSEC;
DATA;
#1 = APPLICATION_PROTOCOL_DEFINITION('international standard',
  'automotive_design',2000,#2);
#2 = APPLICATION_CONTEXT(
  'core data for automotive mechanical design processes');
#3 = SHAPE_DEFINITION_REPRESENTATION(#4,#10);
#4 = PRODUCT_DEFINITION_SHAPE('','',#5);
#5 = PRODUCT_DEFINITION('design','',#6,#9);
#6 = PRODUCT_DEFINITION_FORMATION('','',#7);
#7 = PRODUCT('zjunlict-booster-board-mechanical-bare 1',
  'zjunlict-booster-board-mechanical-bare 1','',(#8));
#8 = PRODUCT_CONTEXT('',#2,'mechanical');
#9 = PRODUCT_DEFINITION_CONTEXT('part definition',#2,'design');
#10 = SHAPE_REPRESENTATION('',(#11,#15),#19);
#11 = AXIS2_PLACEMENT_3D('',#12,#13,#14);
#12 = CARTESIAN_POINT('',(0.,0.,0.));
#13 = DIRECTION('',(0.,0.,1.));
#14 = DIRECTION('',(1.,0.,-0.));
#15 = AXIS2_PLACEMENT_3D('',#16,#17,#18);
#16 = CARTESIAN_POINT('',(0.,0.,0.));
#17 = DIRECTION('',(0.,0.,1.));
#18 = DIRECTION('',(1.,0.,-0.));
#19 = ( GEOMETRIC_REPRESENTATION_CONTEXT(3) 
GLOBAL_UNCERTAINTY_ASSIGNED_CONTEXT((#23)) GLOBAL_UNIT_ASSIGNED_CONTEXT(
(#20,#21,#22)) REPRESENTATION_CONTEXT('Context #1',
  '3D Context with UNIT and UNCERTAINTY') );
#20 = ( LENGTH_UNIT() NAMED_UNIT(*) SI_UNIT(.MILLI.,.METRE.) );
#21 = ( NAMED_UNIT(*) PLANE_ANGLE_UNIT() SI_UNIT($,.RADIAN.) );
#22 = ( NAMED_UNIT(*) SI_UNIT($,.STERADIAN.) SOLID_ANGLE_UNIT() );
#23 = UNCERTAINTY_MEASURE_WITH_UNIT(LENGTH_MEASURE(1.E-07),#20,
  'distance_accuracy_value','confusion accuracy');
#24 = PRODUCT_RELATED_PRODUCT_CATEGORY('part',$,(#7));
#25 = SHAPE_DEFINITION_REPRESENTATION(#26,#32);
#26 = PRODUCT_DEFINITION_SHAPE('','',#27);
#27 = PRODUCT_DEFINITION('design','',#28,#31);
#28 = PRODUCT_DEFINITION_FORMATION('','',#29);
#29 = PRODUCT('zjunlict-booster-board-mechanical_PCB',
  'zjunlict-booster-board-mechanical_PCB','',(#30));
#30 = PRODUCT_CONTEXT('',#2,'mechanical');
#31 = PRODUCT_DEFINITION_CONTEXT('part definition',#2,'design');
#32 = ADVANCED_BREP_SHAPE_REPRESENTATION('',(#11,#33),#3158);
#33 = MANIFOLD_SOLID_BREP('',#34);
#34 = CLOSED_SHELL('',(#35,#77,#108,#139,#954,#1769,#1786,#1803,#1820,
    #1837,#1854,#1871,#1888,#1905,#1922,#1939,#1956,#1973,#1990,#2007,
    #2024,#2041,#2058,#2075,#2092,#2109,#2126,#2143,#2160,#2177,#2194,
    #2211,#2228,#2245,#2262,#2279,#2296,#2313,#2330,#2347,#2359,#2376,
    #2393,#2410,#2427,#2444,#2461,#2478,#2495,#2512,#2529,#2546,#2563,
    #2580,#2597,#2614,#2631,#2648,#2665,#2682,#2699,#2716,#2733,#2750,
    #2767,#2784,#2801,#2818,#2835,#2852,#2869,#2886,#2903,#2920,#2937,
    #2954,#2971,#2988,#3005,#3022,#3039,#3056,#3073,#3090,#3107,#3124,
    #3141));
#35 = ADVANCED_FACE('',(#36),#72,.T.);
#36 = FACE_BOUND('',#37,.T.);
#37 = EDGE_LOOP('',(#38,#48,#57,#65));
#38 = ORIENTED_EDGE('',*,*,#39,.T.);
#39 = EDGE_CURVE('',#40,#42,#44,.T.);
#40 = VERTEX_POINT('',#41);
#41 = CARTESIAN_POINT('',(213.3981,-40.4096,0.));
#42 = VERTEX_POINT('',#43);
#43 = CARTESIAN_POINT('',(213.3981,-40.4096,0.32116));
#44 = LINE('',#45,#46);
#45 = CARTESIAN_POINT('',(213.3981,-40.4096,0.));
#46 = VECTOR('',#47,1.);
#47 = DIRECTION('',(0.,0.,1.));
#48 = ORIENTED_EDGE('',*,*,#49,.T.);
#49 = EDGE_CURVE('',#42,#50,#52,.T.);
#50 = VERTEX_POINT('',#51);
#51 = CARTESIAN_POINT('',(216.4461,-43.4576,0.32116));
#52 = CIRCLE('',#53,3.048001601461);
#53 = AXIS2_PLACEMENT_3D('',#54,#55,#56);
#54 = CARTESIAN_POINT('',(213.39809839854,-43.45760160146,0.32116));
#55 = DIRECTION('',(0.,0.,-1.));
#56 = DIRECTION('',(5.254132540638E-07,1.,0.));
#57 = ORIENTED_EDGE('',*,*,#58,.F.);
#58 = EDGE_CURVE('',#59,#50,#61,.T.);
#59 = VERTEX_POINT('',#60);
#60 = CARTESIAN_POINT('',(216.4461,-43.4576,0.));
#61 = LINE('',#62,#63);
#62 = CARTESIAN_POINT('',(216.4461,-43.4576,0.));
#63 = VECTOR('',#64,1.);
#64 = DIRECTION('',(0.,0.,1.));
#65 = ORIENTED_EDGE('',*,*,#66,.F.);
#66 = EDGE_CURVE('',#40,#59,#67,.T.);
#67 = CIRCLE('',#68,3.048001601461);
#68 = AXIS2_PLACEMENT_3D('',#69,#70,#71);
#69 = CARTESIAN_POINT('',(213.39809839854,-43.45760160146,0.));
#70 = DIRECTION('',(0.,0.,-1.));
#71 = DIRECTION('',(5.254132540638E-07,1.,0.));
#72 = CYLINDRICAL_SURFACE('',#73,3.048001601461);
#73 = AXIS2_PLACEMENT_3D('',#74,#75,#76);
#74 = CARTESIAN_POINT('',(213.39809839854,-43.45760160146,0.));
#75 = DIRECTION('',(0.,0.,-1.));
#76 = DIRECTION('',(5.254132540638E-07,1.,0.));
#77 = ADVANCED_FACE('',(#78),#103,.T.);
#78 = FACE_BOUND('',#79,.T.);
#79 = EDGE_LOOP('',(#80,#90,#96,#97));
#80 = ORIENTED_EDGE('',*,*,#81,.T.);
#81 = EDGE_CURVE('',#82,#84,#86,.T.);
#82 = VERTEX_POINT('',#83);
#83 = CARTESIAN_POINT('',(74.917303,-40.42444,0.));
#84 = VERTEX_POINT('',#85);
#85 = CARTESIAN_POINT('',(74.917303,-40.42444,0.32116));
#86 = LINE('',#87,#88);
#87 = CARTESIAN_POINT('',(74.917303,-40.42444,0.));
#88 = VECTOR('',#89,1.);
#89 = DIRECTION('',(0.,0.,1.));
#90 = ORIENTED_EDGE('',*,*,#91,.T.);
#91 = EDGE_CURVE('',#84,#42,#92,.T.);
#92 = LINE('',#93,#94);
#93 = CARTESIAN_POINT('',(74.917303,-40.42444,0.32116));
#94 = VECTOR('',#95,1.);
#95 = DIRECTION('',(0.999999994258,1.07162871938E-04,0.));
#96 = ORIENTED_EDGE('',*,*,#39,.F.);
#97 = ORIENTED_EDGE('',*,*,#98,.F.);
#98 = EDGE_CURVE('',#82,#40,#99,.T.);
#99 = LINE('',#100,#101);
#100 = CARTESIAN_POINT('',(74.917303,-40.42444,0.));
#101 = VECTOR('',#102,1.);
#102 = DIRECTION('',(0.999999994258,1.07162871938E-04,0.));
#103 = PLANE('',#104);
#104 = AXIS2_PLACEMENT_3D('',#105,#106,#107);
#105 = CARTESIAN_POINT('',(74.917303,-40.42444,0.));
#106 = DIRECTION('',(-1.07162871938E-04,0.999999994258,0.));
#107 = DIRECTION('',(0.999999994258,1.07162871938E-04,0.));
#108 = ADVANCED_FACE('',(#109),#134,.T.);
#109 = FACE_BOUND('',#110,.T.);
#110 = EDGE_LOOP('',(#111,#112,#120,#128));
#111 = ORIENTED_EDGE('',*,*,#58,.T.);
#112 = ORIENTED_EDGE('',*,*,#113,.T.);
#113 = EDGE_CURVE('',#50,#114,#116,.T.);
#114 = VERTEX_POINT('',#115);
#115 = CARTESIAN_POINT('',(216.48133,-70.32282,0.32116));
#116 = LINE('',#117,#118);
#117 = CARTESIAN_POINT('',(216.4461,-43.4576,0.32116));
#118 = VECTOR('',#119,1.);
#119 = DIRECTION('',(1.311359806773E-03,-0.999999140167,0.));
#120 = ORIENTED_EDGE('',*,*,#121,.F.);
#121 = EDGE_CURVE('',#122,#114,#124,.T.);
#122 = VERTEX_POINT('',#123);
#123 = CARTESIAN_POINT('',(216.48133,-70.32282,0.));
#124 = LINE('',#125,#126);
#125 = CARTESIAN_POINT('',(216.48133,-70.32282,0.));
#126 = VECTOR('',#127,1.);
#127 = DIRECTION('',(0.,0.,1.));
#128 = ORIENTED_EDGE('',*,*,#129,.F.);
#129 = EDGE_CURVE('',#59,#122,#130,.T.);
#130 = LINE('',#131,#132);
#131 = CARTESIAN_POINT('',(216.4461,-43.4576,0.));
#132 = VECTOR('',#133,1.);
#133 = DIRECTION('',(1.311359806773E-03,-0.999999140167,0.));
#134 = PLANE('',#135);
#135 = AXIS2_PLACEMENT_3D('',#136,#137,#138);
#136 = CARTESIAN_POINT('',(216.4461,-43.4576,0.));
#137 = DIRECTION('',(0.999999140167,1.311359806773E-03,-0.));
#138 = DIRECTION('',(1.311359806773E-03,-0.999999140167,0.));
#139 = ADVANCED_FACE('',(#140,#432,#443,#454,#465,#476,#487,#498,#509,
    #520,#531,#542,#553,#564,#575,#586,#597,#608,#619,#630,#641,#652,
    #663,#674,#685,#696,#707,#718,#729,#740,#751,#762,#773,#784,#795,
    #806,#817,#828,#839,#850,#861,#872,#883,#894,#905,#916,#927,#938),
  #949,.F.);
#140 = FACE_BOUND('',#141,.F.);
#141 = EDGE_LOOP('',(#142,#143,#144,#153,#161,#169,#178,#186,#195,#203,
    #211,#219,#227,#235,#243,#251,#260,#268,#276,#284,#293,#301,#310,
    #318,#327,#335,#344,#352,#360,#368,#376,#384,#392,#400,#409,#417,
    #425,#431));
#142 = ORIENTED_EDGE('',*,*,#66,.F.);
#143 = ORIENTED_EDGE('',*,*,#98,.F.);
#144 = ORIENTED_EDGE('',*,*,#145,.F.);
#145 = EDGE_CURVE('',#146,#82,#148,.T.);
#146 = VERTEX_POINT('',#147);
#147 = CARTESIAN_POINT('',(71.85874,-43.483,0.));
#148 = CIRCLE('',#149,3.058560056902);
#149 = AXIS2_PLACEMENT_3D('',#150,#151,#152);
#150 = CARTESIAN_POINT('',(74.917300056902,-43.4830000569,0.));
#151 = DIRECTION('',(0.,0.,-1.));
#152 = DIRECTION('',(-1.,1.860360892566E-08,0.));
#153 = ORIENTED_EDGE('',*,*,#154,.F.);
#154 = EDGE_CURVE('',#155,#146,#157,.T.);
#155 = VERTEX_POINT('',#156);
#156 = CARTESIAN_POINT('',(71.9201,-70.4596,0.));
#157 = LINE('',#158,#159);
#158 = CARTESIAN_POINT('',(71.9201,-70.4596,0.));
#159 = VECTOR('',#160,1.);
#160 = DIRECTION('',(-2.274557997425E-03,0.99999741319,0.));
#161 = ORIENTED_EDGE('',*,*,#162,.F.);
#162 = EDGE_CURVE('',#163,#155,#165,.T.);
#163 = VERTEX_POINT('',#164);
#164 = CARTESIAN_POINT('',(70.276839,-72.10285,0.));
#165 = LINE('',#166,#167);
#166 = CARTESIAN_POINT('',(70.276839,-72.10285,0.));
#167 = VECTOR('',#168,1.);
#168 = DIRECTION('',(0.707109147879,0.707104414486,0.));
#169 = ORIENTED_EDGE('',*,*,#170,.F.);
#170 = EDGE_CURVE('',#171,#163,#173,.T.);
#171 = VERTEX_POINT('',#172);
#172 = CARTESIAN_POINT('',(69.844011,-73.507511,0.));
#173 = CIRCLE('',#174,2.087688515566);
#174 = AXIS2_PLACEMENT_3D('',#175,#176,#177);
#175 = CARTESIAN_POINT('',(71.927838451003,-73.38059964324,0.));
#176 = DIRECTION('',(0.,0.,-1.));
#177 = DIRECTION('',(-0.998150555251,-6.079036973578E-02,-0.));
#178 = ORIENTED_EDGE('',*,*,#179,.F.);
#179 = EDGE_CURVE('',#180,#171,#182,.T.);
#180 = VERTEX_POINT('',#181);
#181 = CARTESIAN_POINT('',(69.844022,-106.095799,0.));
#182 = LINE('',#183,#184);
#183 = CARTESIAN_POINT('',(69.844022,-106.095799,0.));
#184 = VECTOR('',#185,1.);
#185 = DIRECTION('',(-3.375445804532E-07,1.,0.));
#186 = ORIENTED_EDGE('',*,*,#187,.F.);
#187 = EDGE_CURVE('',#188,#180,#190,.T.);
#188 = VERTEX_POINT('',#189);
#189 = CARTESIAN_POINT('',(70.932093,-108.272396,0.));
#190 = CIRCLE('',#191,3.074981939787);
#191 = AXIS2_PLACEMENT_3D('',#192,#193,#194);
#192 = CARTESIAN_POINT('',(72.914052356937,-105.9213640909,0.));
#193 = DIRECTION('',(0.,0.,-1.));
#194 = DIRECTION('',(-0.64454341383,-0.764567712952,-0.));
#195 = ORIENTED_EDGE('',*,*,#196,.F.);
#196 = EDGE_CURVE('',#197,#188,#199,.T.);
#197 = VERTEX_POINT('',#198);
#198 = CARTESIAN_POINT('',(74.2061,-111.6076,0.));
#199 = LINE('',#200,#201);
#200 = CARTESIAN_POINT('',(74.2061,-111.6076,0.));
#201 = VECTOR('',#202,1.);
#202 = DIRECTION('',(-0.700529402285,0.713623539784,0.));
#203 = ORIENTED_EDGE('',*,*,#204,.F.);
#204 = EDGE_CURVE('',#205,#197,#207,.T.);
#205 = VERTEX_POINT('',#206);
#206 = CARTESIAN_POINT('',(74.2061,-112.3696,0.));
#207 = LINE('',#208,#209);
#208 = CARTESIAN_POINT('',(74.2061,-112.3696,0.));
#209 = VECTOR('',#210,1.);
#210 = DIRECTION('',(0.,1.,0.));
#211 = ORIENTED_EDGE('',*,*,#212,.F.);
#212 = EDGE_CURVE('',#213,#205,#215,.T.);
#213 = VERTEX_POINT('',#214);
#214 = CARTESIAN_POINT('',(74.2315,-117.3212,0.));
#215 = LINE('',#216,#217);
#216 = CARTESIAN_POINT('',(74.2315,-117.3212,0.));
#217 = VECTOR('',#218,1.);
#218 = DIRECTION('',(-5.129587573088E-03,0.999986843579,0.));
#219 = ORIENTED_EDGE('',*,*,#220,.F.);
#220 = EDGE_CURVE('',#221,#213,#223,.T.);
#221 = VERTEX_POINT('',#222);
#222 = CARTESIAN_POINT('',(88.0541,-117.3212,0.));
#223 = LINE('',#224,#225);
#224 = CARTESIAN_POINT('',(88.0541,-117.3212,0.));
#225 = VECTOR('',#226,1.);
#226 = DIRECTION('',(-1.,0.,0.));
#227 = ORIENTED_EDGE('',*,*,#228,.F.);
#228 = EDGE_CURVE('',#229,#221,#231,.T.);
#229 = VERTEX_POINT('',#230);
#230 = CARTESIAN_POINT('',(88.0541,-126.6712,0.));
#231 = LINE('',#232,#233);
#232 = CARTESIAN_POINT('',(88.0541,-126.6712,0.));
#233 = VECTOR('',#234,1.);
#234 = DIRECTION('',(0.,1.,0.));
#235 = ORIENTED_EDGE('',*,*,#236,.F.);
#236 = EDGE_CURVE('',#237,#229,#239,.T.);
#237 = VERTEX_POINT('',#238);
#238 = CARTESIAN_POINT('',(74.23386,-126.69895,0.));
#239 = LINE('',#240,#241);
#240 = CARTESIAN_POINT('',(74.23386,-126.69895,0.));
#241 = VECTOR('',#242,1.);
#242 = DIRECTION('',(0.999997984125,2.0079205614E-03,0.));
#243 = ORIENTED_EDGE('',*,*,#244,.F.);
#244 = EDGE_CURVE('',#245,#237,#247,.T.);
#245 = VERTEX_POINT('',#246);
#246 = CARTESIAN_POINT('',(74.233856,-131.92607,0.));
#247 = LINE('',#248,#249);
#248 = CARTESIAN_POINT('',(74.233856,-131.92607,0.));
#249 = VECTOR('',#250,1.);
#250 = DIRECTION('',(7.652397504E-07,1.,0.));
#251 = ORIENTED_EDGE('',*,*,#252,.F.);
#252 = EDGE_CURVE('',#253,#245,#255,.T.);
#253 = VERTEX_POINT('',#254);
#254 = CARTESIAN_POINT('',(75.1967,-133.299199,0.));
#255 = CIRCLE('',#256,1.58755009961);
#256 = AXIS2_PLACEMENT_3D('',#257,#258,#259);
#257 = CARTESIAN_POINT('',(75.819000083749,-131.8386997961,0.));
#258 = DIRECTION('',(0.,0.,-1.));
#259 = DIRECTION('',(-0.391987682091,-0.919970465335,-0.));
#260 = ORIENTED_EDGE('',*,*,#261,.F.);
#261 = EDGE_CURVE('',#262,#253,#264,.T.);
#262 = VERTEX_POINT('',#263);
#263 = CARTESIAN_POINT('',(112.12664,-154.48711,0.));
#264 = LINE('',#265,#266);
#265 = CARTESIAN_POINT('',(112.12664,-154.48711,0.));
#266 = VECTOR('',#267,1.);
#267 = DIRECTION('',(-0.86738095035,0.497644739718,0.));
#268 = ORIENTED_EDGE('',*,*,#269,.F.);
#269 = EDGE_CURVE('',#270,#262,#272,.T.);
#270 = VERTEX_POINT('',#271);
#271 = CARTESIAN_POINT('',(142.07504,-154.4401,0.));
#272 = LINE('',#273,#274);
#273 = CARTESIAN_POINT('',(142.07504,-154.4401,0.));
#274 = VECTOR('',#275,1.);
#275 = DIRECTION('',(-0.999998768023,-1.569697949967E-03,0.));
#276 = ORIENTED_EDGE('',*,*,#277,.F.);
#277 = EDGE_CURVE('',#278,#270,#280,.T.);
#278 = VERTEX_POINT('',#279);
#279 = CARTESIAN_POINT('',(155.4353,-154.457397,0.));
#280 = LINE('',#281,#282);
#281 = CARTESIAN_POINT('',(155.4353,-154.457397,0.));
#282 = VECTOR('',#283,1.);
#283 = DIRECTION('',(-0.999999161928,1.294659348236E-03,0.));
#284 = ORIENTED_EDGE('',*,*,#285,.F.);
#285 = EDGE_CURVE('',#286,#278,#288,.T.);
#286 = VERTEX_POINT('',#287);
#287 = CARTESIAN_POINT('',(156.197303,-155.2956,0.));
#288 = CIRCLE('',#289,0.801010464456);
#289 = AXIS2_PLACEMENT_3D('',#290,#291,#292);
#290 = CARTESIAN_POINT('',(155.39719912239,-155.2575007978,0.));
#291 = DIRECTION('',(0.,0.,1.));
#292 = DIRECTION('',(0.998868195998,-4.756392564868E-02,0.));
#293 = ORIENTED_EDGE('',*,*,#294,.F.);
#294 = EDGE_CURVE('',#295,#286,#297,.T.);
#295 = VERTEX_POINT('',#296);
#296 = CARTESIAN_POINT('',(156.197295,-168.787758,0.));
#297 = LINE('',#298,#299);
#298 = CARTESIAN_POINT('',(156.197295,-168.787758,0.));
#299 = VECTOR('',#300,1.);
#300 = DIRECTION('',(5.929370237305E-07,1.,0.));
#301 = ORIENTED_EDGE('',*,*,#302,.F.);
#302 = EDGE_CURVE('',#303,#295,#305,.T.);
#303 = VERTEX_POINT('',#304);
#304 = CARTESIAN_POINT('',(156.959298,-169.494205,0.));
#305 = CIRCLE('',#306,0.734751902884);
#306 = AXIS2_PLACEMENT_3D('',#307,#308,#309);
#307 = CARTESIAN_POINT('',(156.93152156432,-168.7599783126,0.));
#308 = DIRECTION('',(0.,0.,-1.));
#309 = DIRECTION('',(3.780382951599E-02,-0.999285179753,0.));
#310 = ORIENTED_EDGE('',*,*,#311,.F.);
#311 = EDGE_CURVE('',#312,#303,#314,.T.);
#312 = VERTEX_POINT('',#313);
#313 = CARTESIAN_POINT('',(174.028494,-169.479985,0.));
#314 = LINE('',#315,#316);
#315 = CARTESIAN_POINT('',(174.028494,-169.479985,0.));
#316 = VECTOR('',#317,1.);
#317 = DIRECTION('',(-0.999999652989,-8.330793709032E-04,0.));
#318 = ORIENTED_EDGE('',*,*,#319,.F.);
#319 = EDGE_CURVE('',#320,#312,#322,.T.);
#320 = VERTEX_POINT('',#321);
#321 = CARTESIAN_POINT('',(178.650901,-167.468143,0.));
#322 = CIRCLE('',#323,6.175521520598);
#323 = AXIS2_PLACEMENT_3D('',#324,#325,#326);
#324 = CARTESIAN_POINT('',(174.0898292719,-163.3047680778,0.));
#325 = DIRECTION('',(0.,0.,-1.));
#326 = DIRECTION('',(0.738572720196,-0.674173818078,0.));
#327 = ORIENTED_EDGE('',*,*,#328,.F.);
#328 = EDGE_CURVE('',#329,#320,#331,.T.);
#329 = VERTEX_POINT('',#330);
#330 = CARTESIAN_POINT('',(212.955778,-136.501631,0.));
#331 = LINE('',#332,#333);
#332 = CARTESIAN_POINT('',(212.955778,-136.501631,0.));
#333 = VECTOR('',#334,1.);
#334 = DIRECTION('',(-0.742302143707,-0.670065315807,0.));
#335 = ORIENTED_EDGE('',*,*,#336,.F.);
#336 = EDGE_CURVE('',#337,#329,#339,.T.);
#337 = VERTEX_POINT('',#338);
#338 = CARTESIAN_POINT('',(213.889596,-134.442198,0.));
#339 = CIRCLE('',#340,2.7476508872);
#340 = AXIS2_PLACEMENT_3D('',#341,#342,#343);
#341 = CARTESIAN_POINT('',(211.14194871464,-134.4377490456,0.));
#342 = DIRECTION('',(0.,0.,-1.));
#343 = DIRECTION('',(0.99999868912,-1.619184727912E-03,0.));
#344 = ORIENTED_EDGE('',*,*,#345,.F.);
#345 = EDGE_CURVE('',#346,#337,#348,.T.);
#346 = VERTEX_POINT('',#347);
#347 = CARTESIAN_POINT('',(213.8896,-127.68881,0.));
#348 = LINE('',#349,#350);
#349 = CARTESIAN_POINT('',(213.8896,-127.68881,0.));
#350 = VECTOR('',#351,1.);
#351 = DIRECTION('',(-5.922953027281E-07,-1.,0.));
#352 = ORIENTED_EDGE('',*,*,#353,.F.);
#353 = EDGE_CURVE('',#354,#346,#356,.T.);
#354 = VERTEX_POINT('',#355);
#355 = CARTESIAN_POINT('',(200.067,-127.68881,0.));
#356 = LINE('',#357,#358);
#357 = CARTESIAN_POINT('',(200.067,-127.68881,0.));
#358 = VECTOR('',#359,1.);
#359 = DIRECTION('',(1.,0.,0.));
#360 = ORIENTED_EDGE('',*,*,#361,.F.);
#361 = EDGE_CURVE('',#362,#354,#364,.T.);
#362 = VERTEX_POINT('',#363);
#363 = CARTESIAN_POINT('',(200.067,-118.33881,0.));
#364 = LINE('',#365,#366);
#365 = CARTESIAN_POINT('',(200.067,-118.33881,0.));
#366 = VECTOR('',#367,1.);
#367 = DIRECTION('',(0.,-1.,0.));
#368 = ORIENTED_EDGE('',*,*,#369,.F.);
#369 = EDGE_CURVE('',#370,#362,#372,.T.);
#370 = VERTEX_POINT('',#371);
#371 = CARTESIAN_POINT('',(213.91801,-118.3358,0.));
#372 = LINE('',#373,#374);
#373 = CARTESIAN_POINT('',(213.91801,-118.3358,0.));
#374 = VECTOR('',#375,1.);
#375 = DIRECTION('',(-0.999999976388,-2.173126673734E-04,0.));
#376 = ORIENTED_EDGE('',*,*,#377,.F.);
#377 = EDGE_CURVE('',#378,#370,#380,.T.);
#378 = VERTEX_POINT('',#379);
#379 = CARTESIAN_POINT('',(213.91801,-116.96976,0.));
#380 = LINE('',#381,#382);
#381 = CARTESIAN_POINT('',(213.91801,-116.96976,0.));
#382 = VECTOR('',#383,1.);
#383 = DIRECTION('',(0.,-1.,0.));
#384 = ORIENTED_EDGE('',*,*,#385,.F.);
#385 = EDGE_CURVE('',#386,#378,#388,.T.);
#386 = VERTEX_POINT('',#387);
#387 = CARTESIAN_POINT('',(213.89741,-110.60029,0.));
#388 = LINE('',#389,#390);
#389 = CARTESIAN_POINT('',(213.89741,-110.60029,0.));
#390 = VECTOR('',#391,1.);
#391 = DIRECTION('',(3.234161125462E-03,-0.999994770087,0.));
#392 = ORIENTED_EDGE('',*,*,#393,.F.);
#393 = EDGE_CURVE('',#394,#386,#396,.T.);
#394 = VERTEX_POINT('',#395);
#395 = CARTESIAN_POINT('',(214.952597,-109.589639,0.));
#396 = LINE('',#397,#398);
#397 = CARTESIAN_POINT('',(214.952597,-109.589639,0.));
#398 = VECTOR('',#399,1.);
#399 = DIRECTION('',(-0.72218301475,-0.691702026314,0.));
#400 = ORIENTED_EDGE('',*,*,#401,.F.);
#401 = EDGE_CURVE('',#402,#394,#404,.T.);
#402 = VERTEX_POINT('',#403);
#403 = CARTESIAN_POINT('',(217.081427,-107.629538,0.));
#404 = CIRCLE('',#405,3.75920122819);
#405 = AXIS2_PLACEMENT_3D('',#406,#407,#408);
#406 = CARTESIAN_POINT('',(218.36715062425,-111.1620312605,0.));
#407 = DIRECTION('',(0.,0.,1.));
#408 = DIRECTION('',(-0.342020430992,0.939692516084,0.));
#409 = ORIENTED_EDGE('',*,*,#410,.F.);
#410 = EDGE_CURVE('',#411,#402,#413,.T.);
#411 = VERTEX_POINT('',#412);
#412 = CARTESIAN_POINT('',(217.5481,-107.2516,0.));
#413 = LINE('',#414,#415);
#414 = CARTESIAN_POINT('',(217.5481,-107.2516,0.));
#415 = VECTOR('',#416,1.);
#416 = DIRECTION('',(-0.777118550665,-0.629354239052,0.));
#417 = ORIENTED_EDGE('',*,*,#418,.F.);
#418 = EDGE_CURVE('',#419,#411,#421,.T.);
#419 = VERTEX_POINT('',#420);
#420 = CARTESIAN_POINT('',(217.5481,-71.4756,0.));
#421 = LINE('',#422,#423);
#422 = CARTESIAN_POINT('',(217.5481,-71.4756,0.));
#423 = VECTOR('',#424,1.);
#424 = DIRECTION('',(0.,-1.,0.));
#425 = ORIENTED_EDGE('',*,*,#426,.F.);
#426 = EDGE_CURVE('',#122,#419,#427,.T.);
#427 = LINE('',#428,#429);
#428 = CARTESIAN_POINT('',(216.48133,-70.32282,0.));
#429 = VECTOR('',#430,1.);
#430 = DIRECTION('',(0.67919585176,-0.733957079775,0.));
#431 = ORIENTED_EDGE('',*,*,#129,.F.);
#432 = FACE_BOUND('',#433,.F.);
#433 = EDGE_LOOP('',(#434));
#434 = ORIENTED_EDGE('',*,*,#435,.T.);
#435 = EDGE_CURVE('',#436,#436,#438,.T.);
#436 = VERTEX_POINT('',#437);
#437 = CARTESIAN_POINT('',(118.01995,-141.6868,0.));
#438 = CIRCLE('',#439,1.);
#439 = AXIS2_PLACEMENT_3D('',#440,#441,#442);
#440 = CARTESIAN_POINT('',(118.01995,-140.6868,0.));
#441 = DIRECTION('',(-0.,0.,-1.));
#442 = DIRECTION('',(-0.,-1.,0.));
#443 = FACE_BOUND('',#444,.F.);
#444 = EDGE_LOOP('',(#445));
#445 = ORIENTED_EDGE('',*,*,#446,.T.);
#446 = EDGE_CURVE('',#447,#447,#449,.T.);
#447 = VERTEX_POINT('',#448);
#448 = CARTESIAN_POINT('',(102.8065,-123.4196,0.));
#449 = CIRCLE('',#450,1.525);
#450 = AXIS2_PLACEMENT_3D('',#451,#452,#453);
#451 = CARTESIAN_POINT('',(102.8065,-121.8946,0.));
#452 = DIRECTION('',(-0.,0.,-1.));
#453 = DIRECTION('',(-0.,-1.,0.));
#454 = FACE_BOUND('',#455,.F.);
#455 = EDGE_LOOP('',(#456));
#456 = ORIENTED_EDGE('',*,*,#457,.T.);
#457 = EDGE_CURVE('',#458,#458,#460,.T.);
#458 = VERTEX_POINT('',#459);
#459 = CARTESIAN_POINT('',(77.8381,-115.1102,0.));
#460 = CIRCLE('',#461,1.75);
#461 = AXIS2_PLACEMENT_3D('',#462,#463,#464);
#462 = CARTESIAN_POINT('',(77.8381,-113.3602,0.));
#463 = DIRECTION('',(-0.,0.,-1.));
#464 = DIRECTION('',(-0.,-1.,0.));
#465 = FACE_BOUND('',#466,.F.);
#466 = EDGE_LOOP('',(#467));
#467 = ORIENTED_EDGE('',*,*,#468,.T.);
#468 = EDGE_CURVE('',#469,#469,#471,.T.);
#469 = VERTEX_POINT('',#470);
#470 = CARTESIAN_POINT('',(84.7725,-109.9762,0.));
#471 = CIRCLE('',#472,0.45);
#472 = AXIS2_PLACEMENT_3D('',#473,#474,#475);
#473 = CARTESIAN_POINT('',(84.7725,-109.5262,0.));
#474 = DIRECTION('',(-0.,0.,-1.));
#475 = DIRECTION('',(-3.157967714489E-14,-1.,0.));
#476 = FACE_BOUND('',#477,.F.);
#477 = EDGE_LOOP('',(#478));
#478 = ORIENTED_EDGE('',*,*,#479,.T.);
#479 = EDGE_CURVE('',#480,#480,#482,.T.);
#480 = VERTEX_POINT('',#481);
#481 = CARTESIAN_POINT('',(84.7725,-106.9762,0.));
#482 = CIRCLE('',#483,0.45);
#483 = AXIS2_PLACEMENT_3D('',#484,#485,#486);
#484 = CARTESIAN_POINT('',(84.7725,-106.5262,0.));
#485 = DIRECTION('',(-0.,0.,-1.));
#486 = DIRECTION('',(-3.157967714489E-14,-1.,0.));
#487 = FACE_BOUND('',#488,.F.);
#488 = EDGE_LOOP('',(#489));
#489 = ORIENTED_EDGE('',*,*,#490,.T.);
#490 = EDGE_CURVE('',#491,#491,#493,.T.);
#491 = VERTEX_POINT('',#492);
#492 = CARTESIAN_POINT('',(94.5261,-109.9856,0.));
#493 = CIRCLE('',#494,0.45);
#494 = AXIS2_PLACEMENT_3D('',#495,#496,#497);
#495 = CARTESIAN_POINT('',(94.5261,-109.5356,0.));
#496 = DIRECTION('',(-0.,0.,-1.));
#497 = DIRECTION('',(-0.,-1.,0.));
#498 = FACE_BOUND('',#499,.F.);
#499 = EDGE_LOOP('',(#500));
#500 = ORIENTED_EDGE('',*,*,#501,.T.);
#501 = EDGE_CURVE('',#502,#502,#504,.T.);
#502 = VERTEX_POINT('',#503);
#503 = CARTESIAN_POINT('',(109.3597,-136.6868,0.));
#504 = CIRCLE('',#505,1.);
#505 = AXIS2_PLACEMENT_3D('',#506,#507,#508);
#506 = CARTESIAN_POINT('',(109.3597,-135.6868,0.));
#507 = DIRECTION('',(-0.,0.,-1.));
#508 = DIRECTION('',(-0.,-1.,0.));
#509 = FACE_BOUND('',#510,.F.);
#510 = EDGE_LOOP('',(#511));
#511 = ORIENTED_EDGE('',*,*,#512,.T.);
#512 = EDGE_CURVE('',#513,#513,#515,.T.);
#513 = VERTEX_POINT('',#514);
#514 = CARTESIAN_POINT('',(122.01995,-134.7586,0.));
#515 = CIRCLE('',#516,1.);
#516 = AXIS2_PLACEMENT_3D('',#517,#518,#519);
#517 = CARTESIAN_POINT('',(122.01995,-133.7586,0.));
#518 = DIRECTION('',(-0.,0.,-1.));
#519 = DIRECTION('',(-0.,-1.,0.));
#520 = FACE_BOUND('',#521,.F.);
#521 = EDGE_LOOP('',(#522));
#522 = ORIENTED_EDGE('',*,*,#523,.T.);
#523 = EDGE_CURVE('',#524,#524,#526,.T.);
#524 = VERTEX_POINT('',#525);
#525 = CARTESIAN_POINT('',(113.3597,-129.7586,0.));
#526 = CIRCLE('',#527,1.);
#527 = AXIS2_PLACEMENT_3D('',#528,#529,#530);
#528 = CARTESIAN_POINT('',(113.3597,-128.7586,0.));
#529 = DIRECTION('',(-0.,0.,-1.));
#530 = DIRECTION('',(-0.,-1.,0.));
#531 = FACE_BOUND('',#532,.F.);
#532 = EDGE_LOOP('',(#533));
#533 = ORIENTED_EDGE('',*,*,#534,.T.);
#534 = EDGE_CURVE('',#535,#535,#537,.T.);
#535 = VERTEX_POINT('',#536);
#536 = CARTESIAN_POINT('',(110.1065,-122.8196,0.));
#537 = CIRCLE('',#538,0.925);
#538 = AXIS2_PLACEMENT_3D('',#539,#540,#541);
#539 = CARTESIAN_POINT('',(110.1065,-121.8946,0.));
#540 = DIRECTION('',(-0.,0.,-1.));
#541 = DIRECTION('',(-0.,-1.,0.));
#542 = FACE_BOUND('',#543,.F.);
#543 = EDGE_LOOP('',(#544));
#544 = ORIENTED_EDGE('',*,*,#545,.T.);
#545 = EDGE_CURVE('',#546,#546,#548,.T.);
#546 = VERTEX_POINT('',#547);
#547 = CARTESIAN_POINT('',(115.6065,-122.8196,0.));
#548 = CIRCLE('',#549,0.925);
#549 = AXIS2_PLACEMENT_3D('',#550,#551,#552);
#550 = CARTESIAN_POINT('',(115.6065,-121.8946,0.));
#551 = DIRECTION('',(-0.,0.,-1.));
#552 = DIRECTION('',(-0.,-1.,0.));
#553 = FACE_BOUND('',#554,.F.);
#554 = EDGE_LOOP('',(#555));
#555 = ORIENTED_EDGE('',*,*,#556,.T.);
#556 = EDGE_CURVE('',#557,#557,#559,.T.);
#557 = VERTEX_POINT('',#558);
#558 = CARTESIAN_POINT('',(166.9161,-168.6804,0.));
#559 = CIRCLE('',#560,0.85);
#560 = AXIS2_PLACEMENT_3D('',#561,#562,#563);
#561 = CARTESIAN_POINT('',(166.9161,-167.8304,0.));
#562 = DIRECTION('',(-0.,0.,-1.));
#563 = DIRECTION('',(-0.,-1.,0.));
#564 = FACE_BOUND('',#565,.F.);
#565 = EDGE_LOOP('',(#566));
#566 = ORIENTED_EDGE('',*,*,#567,.T.);
#567 = EDGE_CURVE('',#568,#568,#570,.T.);
#568 = VERTEX_POINT('',#569);
#569 = CARTESIAN_POINT('',(172.9161,-166.1804,0.));
#570 = CIRCLE('',#571,1.5);
#571 = AXIS2_PLACEMENT_3D('',#572,#573,#574);
#572 = CARTESIAN_POINT('',(172.9161,-164.6804,0.));
#573 = DIRECTION('',(-0.,0.,-1.));
#574 = DIRECTION('',(-0.,-1.,0.));
#575 = FACE_BOUND('',#576,.F.);
#576 = EDGE_LOOP('',(#577));
#577 = ORIENTED_EDGE('',*,*,#578,.T.);
#578 = EDGE_CURVE('',#579,#579,#581,.T.);
#579 = VERTEX_POINT('',#580);
#580 = CARTESIAN_POINT('',(166.9161,-155.1804,0.));
#581 = CIRCLE('',#582,0.85);
#582 = AXIS2_PLACEMENT_3D('',#583,#584,#585);
#583 = CARTESIAN_POINT('',(166.9161,-154.3304,0.));
#584 = DIRECTION('',(-0.,0.,-1.));
#585 = DIRECTION('',(-0.,-1.,0.));
#586 = FACE_BOUND('',#587,.F.);
#587 = EDGE_LOOP('',(#588));
#588 = ORIENTED_EDGE('',*,*,#589,.T.);
#589 = EDGE_CURVE('',#590,#590,#592,.T.);
#590 = VERTEX_POINT('',#591);
#591 = CARTESIAN_POINT('',(172.9161,-158.9804,0.));
#592 = CIRCLE('',#593,1.5);
#593 = AXIS2_PLACEMENT_3D('',#594,#595,#596);
#594 = CARTESIAN_POINT('',(172.9161,-157.4804,0.));
#595 = DIRECTION('',(-0.,0.,-1.));
#596 = DIRECTION('',(-0.,-1.,0.));
#597 = FACE_BOUND('',#598,.F.);
#598 = EDGE_LOOP('',(#599));
#599 = ORIENTED_EDGE('',*,*,#600,.T.);
#600 = EDGE_CURVE('',#601,#601,#603,.T.);
#601 = VERTEX_POINT('',#602);
#602 = CARTESIAN_POINT('',(186.26214,-157.7464,0.));
#603 = CIRCLE('',#604,0.75);
#604 = AXIS2_PLACEMENT_3D('',#605,#606,#607);
#605 = CARTESIAN_POINT('',(186.26214,-156.9964,0.));
#606 = DIRECTION('',(-0.,0.,-1.));
#607 = DIRECTION('',(-0.,-1.,0.));
#608 = FACE_BOUND('',#609,.F.);
#609 = EDGE_LOOP('',(#610));
#610 = ORIENTED_EDGE('',*,*,#611,.T.);
#611 = EDGE_CURVE('',#612,#612,#614,.T.);
#612 = VERTEX_POINT('',#613);
#613 = CARTESIAN_POINT('',(187.93421,-155.99086,0.));
#614 = CIRCLE('',#615,0.5);
#615 = AXIS2_PLACEMENT_3D('',#616,#617,#618);
#616 = CARTESIAN_POINT('',(187.93421,-155.49086,0.));
#617 = DIRECTION('',(-0.,0.,-1.));
#618 = DIRECTION('',(-0.,-1.,0.));
#619 = FACE_BOUND('',#620,.F.);
#620 = EDGE_LOOP('',(#621));
#621 = ORIENTED_EDGE('',*,*,#622,.T.);
#622 = EDGE_CURVE('',#623,#623,#625,.T.);
#623 = VERTEX_POINT('',#624);
#624 = CARTESIAN_POINT('',(189.4205,-154.6526,0.));
#625 = CIRCLE('',#626,0.5);
#626 = AXIS2_PLACEMENT_3D('',#627,#628,#629);
#627 = CARTESIAN_POINT('',(189.4205,-154.1526,0.));
#628 = DIRECTION('',(-0.,0.,-1.));
#629 = DIRECTION('',(-0.,-1.,0.));
#630 = FACE_BOUND('',#631,.F.);
#631 = EDGE_LOOP('',(#632));
#632 = ORIENTED_EDGE('',*,*,#633,.T.);
#633 = EDGE_CURVE('',#634,#634,#636,.T.);
#634 = VERTEX_POINT('',#635);
#635 = CARTESIAN_POINT('',(190.90679,-153.31434,0.));
#636 = CIRCLE('',#637,0.5);
#637 = AXIS2_PLACEMENT_3D('',#638,#639,#640);
#638 = CARTESIAN_POINT('',(190.90679,-152.81434,0.));
#639 = DIRECTION('',(-0.,0.,-1.));
#640 = DIRECTION('',(-0.,-1.,0.));
#641 = FACE_BOUND('',#642,.F.);
#642 = EDGE_LOOP('',(#643));
#643 = ORIENTED_EDGE('',*,*,#644,.T.);
#644 = EDGE_CURVE('',#645,#645,#647,.T.);
#645 = VERTEX_POINT('',#646);
#646 = CARTESIAN_POINT('',(192.57887,-152.05879,0.));
#647 = CIRCLE('',#648,0.75);
#648 = AXIS2_PLACEMENT_3D('',#649,#650,#651);
#649 = CARTESIAN_POINT('',(192.57887,-151.30879,0.));
#650 = DIRECTION('',(-0.,0.,-1.));
#651 = DIRECTION('',(-0.,-1.,0.));
#652 = FACE_BOUND('',#653,.F.);
#653 = EDGE_LOOP('',(#654));
#654 = ORIENTED_EDGE('',*,*,#655,.T.);
#655 = EDGE_CURVE('',#656,#656,#658,.T.);
#656 = VERTEX_POINT('',#657);
#657 = CARTESIAN_POINT('',(172.4041,-123.8864,0.));
#658 = CIRCLE('',#659,0.925);
#659 = AXIS2_PLACEMENT_3D('',#660,#661,#662);
#660 = CARTESIAN_POINT('',(172.4041,-122.9614,0.));
#661 = DIRECTION('',(-0.,0.,-1.));
#662 = DIRECTION('',(-0.,-1.,0.));
#663 = FACE_BOUND('',#664,.F.);
#664 = EDGE_LOOP('',(#665));
#665 = ORIENTED_EDGE('',*,*,#666,.T.);
#666 = EDGE_CURVE('',#667,#667,#669,.T.);
#667 = VERTEX_POINT('',#668);
#668 = CARTESIAN_POINT('',(177.9041,-123.8864,0.));
#669 = CIRCLE('',#670,0.925);
#670 = AXIS2_PLACEMENT_3D('',#671,#672,#673);
#671 = CARTESIAN_POINT('',(177.9041,-122.9614,0.));
#672 = DIRECTION('',(-0.,0.,-1.));
#673 = DIRECTION('',(-0.,-1.,0.));
#674 = FACE_BOUND('',#675,.F.);
#675 = EDGE_LOOP('',(#676));
#676 = ORIENTED_EDGE('',*,*,#677,.T.);
#677 = EDGE_CURVE('',#678,#678,#680,.T.);
#678 = VERTEX_POINT('',#679);
#679 = CARTESIAN_POINT('',(185.2041,-124.4864,0.));
#680 = CIRCLE('',#681,1.525);
#681 = AXIS2_PLACEMENT_3D('',#682,#683,#684);
#682 = CARTESIAN_POINT('',(185.2041,-122.9614,0.));
#683 = DIRECTION('',(-0.,0.,-1.));
#684 = DIRECTION('',(1.863718651174E-14,-1.,-0.));
#685 = FACE_BOUND('',#686,.F.);
#686 = EDGE_LOOP('',(#687));
#687 = ORIENTED_EDGE('',*,*,#688,.T.);
#688 = EDGE_CURVE('',#689,#689,#691,.T.);
#689 = VERTEX_POINT('',#690);
#690 = CARTESIAN_POINT('',(209.5371,-114.9832,0.));
#691 = CIRCLE('',#692,1.75);
#692 = AXIS2_PLACEMENT_3D('',#693,#694,#695);
#693 = CARTESIAN_POINT('',(209.5371,-113.2332,0.));
#694 = DIRECTION('',(-0.,0.,-1.));
#695 = DIRECTION('',(-0.,-1.,0.));
#696 = FACE_BOUND('',#697,.F.);
#697 = EDGE_LOOP('',(#698));
#698 = ORIENTED_EDGE('',*,*,#699,.T.);
#699 = EDGE_CURVE('',#700,#700,#702,.T.);
#700 = VERTEX_POINT('',#701);
#701 = CARTESIAN_POINT('',(94.5261,-104.9856,0.));
#702 = CIRCLE('',#703,0.45);
#703 = AXIS2_PLACEMENT_3D('',#704,#705,#706);
#704 = CARTESIAN_POINT('',(94.5261,-104.5356,0.));
#705 = DIRECTION('',(-0.,0.,-1.));
#706 = DIRECTION('',(-0.,-1.,0.));
#707 = FACE_BOUND('',#708,.F.);
#708 = EDGE_LOOP('',(#709));
#709 = ORIENTED_EDGE('',*,*,#710,.T.);
#710 = EDGE_CURVE('',#711,#711,#713,.T.);
#711 = VERTEX_POINT('',#712);
#712 = CARTESIAN_POINT('',(74.2821,-77.0102,0.));
#713 = CIRCLE('',#714,1.75);
#714 = AXIS2_PLACEMENT_3D('',#715,#716,#717);
#715 = CARTESIAN_POINT('',(74.2821,-75.2602,0.));
#716 = DIRECTION('',(-0.,0.,-1.));
#717 = DIRECTION('',(-0.,-1.,0.));
#718 = FACE_BOUND('',#719,.F.);
#719 = EDGE_LOOP('',(#720));
#720 = ORIENTED_EDGE('',*,*,#721,.T.);
#721 = EDGE_CURVE('',#722,#722,#724,.T.);
#722 = VERTEX_POINT('',#723);
#723 = CARTESIAN_POINT('',(85.2803,-69.4872,0.));
#724 = CIRCLE('',#725,0.45);
#725 = AXIS2_PLACEMENT_3D('',#726,#727,#728);
#726 = CARTESIAN_POINT('',(85.2803,-69.0372,0.));
#727 = DIRECTION('',(-0.,0.,-1.));
#728 = DIRECTION('',(-0.,-1.,0.));
#729 = FACE_BOUND('',#730,.F.);
#730 = EDGE_LOOP('',(#731));
#731 = ORIENTED_EDGE('',*,*,#732,.T.);
#732 = EDGE_CURVE('',#733,#733,#735,.T.);
#733 = VERTEX_POINT('',#734);
#734 = CARTESIAN_POINT('',(85.2803,-66.9472,0.));
#735 = CIRCLE('',#736,0.45);
#736 = AXIS2_PLACEMENT_3D('',#737,#738,#739);
#737 = CARTESIAN_POINT('',(85.2803,-66.4972,0.));
#738 = DIRECTION('',(-0.,0.,-1.));
#739 = DIRECTION('',(-0.,-1.,0.));
#740 = FACE_BOUND('',#741,.F.);
#741 = EDGE_LOOP('',(#742));
#742 = ORIENTED_EDGE('',*,*,#743,.T.);
#743 = EDGE_CURVE('',#744,#744,#746,.T.);
#744 = VERTEX_POINT('',#745);
#745 = CARTESIAN_POINT('',(87.8203,-69.4872,0.));
#746 = CIRCLE('',#747,0.45);
#747 = AXIS2_PLACEMENT_3D('',#748,#749,#750);
#748 = CARTESIAN_POINT('',(87.8203,-69.0372,0.));
#749 = DIRECTION('',(-0.,0.,-1.));
#750 = DIRECTION('',(-0.,-1.,0.));
#751 = FACE_BOUND('',#752,.F.);
#752 = EDGE_LOOP('',(#753));
#753 = ORIENTED_EDGE('',*,*,#754,.T.);
#754 = EDGE_CURVE('',#755,#755,#757,.T.);
#755 = VERTEX_POINT('',#756);
#756 = CARTESIAN_POINT('',(87.8203,-66.9472,0.));
#757 = CIRCLE('',#758,0.45);
#758 = AXIS2_PLACEMENT_3D('',#759,#760,#761);
#759 = CARTESIAN_POINT('',(87.8203,-66.4972,0.));
#760 = DIRECTION('',(-0.,0.,-1.));
#761 = DIRECTION('',(-0.,-1.,0.));
#762 = FACE_BOUND('',#763,.F.);
#763 = EDGE_LOOP('',(#764));
#764 = ORIENTED_EDGE('',*,*,#765,.T.);
#765 = EDGE_CURVE('',#766,#766,#768,.T.);
#766 = VERTEX_POINT('',#767);
#767 = CARTESIAN_POINT('',(85.2803,-64.4072,0.));
#768 = CIRCLE('',#769,0.45);
#769 = AXIS2_PLACEMENT_3D('',#770,#771,#772);
#770 = CARTESIAN_POINT('',(85.2803,-63.9572,0.));
#771 = DIRECTION('',(-0.,0.,-1.));
#772 = DIRECTION('',(-0.,-1.,0.));
#773 = FACE_BOUND('',#774,.F.);
#774 = EDGE_LOOP('',(#775));
#775 = ORIENTED_EDGE('',*,*,#776,.T.);
#776 = EDGE_CURVE('',#777,#777,#779,.T.);
#777 = VERTEX_POINT('',#778);
#778 = CARTESIAN_POINT('',(87.8203,-64.4072,0.));
#779 = CIRCLE('',#780,0.45);
#780 = AXIS2_PLACEMENT_3D('',#781,#782,#783);
#781 = CARTESIAN_POINT('',(87.8203,-63.9572,0.));
#782 = DIRECTION('',(-0.,0.,-1.));
#783 = DIRECTION('',(-0.,-1.,0.));
#784 = FACE_BOUND('',#785,.F.);
#785 = EDGE_LOOP('',(#786));
#786 = ORIENTED_EDGE('',*,*,#787,.T.);
#787 = EDGE_CURVE('',#788,#788,#790,.T.);
#788 = VERTEX_POINT('',#789);
#789 = CARTESIAN_POINT('',(85.2803,-61.8672,0.));
#790 = CIRCLE('',#791,0.45);
#791 = AXIS2_PLACEMENT_3D('',#792,#793,#794);
#792 = CARTESIAN_POINT('',(85.2803,-61.4172,0.));
#793 = DIRECTION('',(-0.,0.,-1.));
#794 = DIRECTION('',(-0.,-1.,0.));
#795 = FACE_BOUND('',#796,.F.);
#796 = EDGE_LOOP('',(#797));
#797 = ORIENTED_EDGE('',*,*,#798,.T.);
#798 = EDGE_CURVE('',#799,#799,#801,.T.);
#799 = VERTEX_POINT('',#800);
#800 = CARTESIAN_POINT('',(85.2803,-59.3272,0.));
#801 = CIRCLE('',#802,0.45);
#802 = AXIS2_PLACEMENT_3D('',#803,#804,#805);
#803 = CARTESIAN_POINT('',(85.2803,-58.8772,0.));
#804 = DIRECTION('',(-0.,0.,-1.));
#805 = DIRECTION('',(-0.,-1.,0.));
#806 = FACE_BOUND('',#807,.F.);
#807 = EDGE_LOOP('',(#808));
#808 = ORIENTED_EDGE('',*,*,#809,.T.);
#809 = EDGE_CURVE('',#810,#810,#812,.T.);
#810 = VERTEX_POINT('',#811);
#811 = CARTESIAN_POINT('',(87.8203,-61.8672,0.));
#812 = CIRCLE('',#813,0.45);
#813 = AXIS2_PLACEMENT_3D('',#814,#815,#816);
#814 = CARTESIAN_POINT('',(87.8203,-61.4172,0.));
#815 = DIRECTION('',(-0.,0.,-1.));
#816 = DIRECTION('',(-0.,-1.,0.));
#817 = FACE_BOUND('',#818,.F.);
#818 = EDGE_LOOP('',(#819));
#819 = ORIENTED_EDGE('',*,*,#820,.T.);
#820 = EDGE_CURVE('',#821,#821,#823,.T.);
#821 = VERTEX_POINT('',#822);
#822 = CARTESIAN_POINT('',(87.8203,-59.3272,0.));
#823 = CIRCLE('',#824,0.45);
#824 = AXIS2_PLACEMENT_3D('',#825,#826,#827);
#825 = CARTESIAN_POINT('',(87.8203,-58.8772,0.));
#826 = DIRECTION('',(-0.,0.,-1.));
#827 = DIRECTION('',(-0.,-1.,0.));
#828 = FACE_BOUND('',#829,.F.);
#829 = EDGE_LOOP('',(#830));
#830 = ORIENTED_EDGE('',*,*,#831,.T.);
#831 = EDGE_CURVE('',#832,#832,#834,.T.);
#832 = VERTEX_POINT('',#833);
#833 = CARTESIAN_POINT('',(85.2803,-56.7872,0.));
#834 = CIRCLE('',#835,0.45);
#835 = AXIS2_PLACEMENT_3D('',#836,#837,#838);
#836 = CARTESIAN_POINT('',(85.2803,-56.3372,0.));
#837 = DIRECTION('',(-0.,0.,-1.));
#838 = DIRECTION('',(-0.,-1.,0.));
#839 = FACE_BOUND('',#840,.F.);
#840 = EDGE_LOOP('',(#841));
#841 = ORIENTED_EDGE('',*,*,#842,.T.);
#842 = EDGE_CURVE('',#843,#843,#845,.T.);
#843 = VERTEX_POINT('',#844);
#844 = CARTESIAN_POINT('',(87.8203,-56.7872,0.));
#845 = CIRCLE('',#846,0.45);
#846 = AXIS2_PLACEMENT_3D('',#847,#848,#849);
#847 = CARTESIAN_POINT('',(87.8203,-56.3372,0.));
#848 = DIRECTION('',(-0.,0.,-1.));
#849 = DIRECTION('',(-0.,-1.,0.));
#850 = FACE_BOUND('',#851,.F.);
#851 = EDGE_LOOP('',(#852));
#852 = ORIENTED_EDGE('',*,*,#853,.F.);
#853 = EDGE_CURVE('',#854,#854,#856,.T.);
#854 = VERTEX_POINT('',#855);
#855 = CARTESIAN_POINT('',(130.93311,-43.4232,0.));
#856 = CIRCLE('',#857,1.75001);
#857 = AXIS2_PLACEMENT_3D('',#858,#859,#860);
#858 = CARTESIAN_POINT('',(129.1831,-43.4232,0.));
#859 = DIRECTION('',(0.,0.,1.));
#860 = DIRECTION('',(1.,0.,-0.));
#861 = FACE_BOUND('',#862,.F.);
#862 = EDGE_LOOP('',(#863));
#863 = ORIENTED_EDGE('',*,*,#864,.T.);
#864 = EDGE_CURVE('',#865,#865,#867,.T.);
#865 = VERTEX_POINT('',#866);
#866 = CARTESIAN_POINT('',(182.3995,-102.8386,0.));
#867 = CIRCLE('',#868,0.53);
#868 = AXIS2_PLACEMENT_3D('',#869,#870,#871);
#869 = CARTESIAN_POINT('',(182.3995,-102.3086,0.));
#870 = DIRECTION('',(-0.,0.,-1.));
#871 = DIRECTION('',(-0.,-1.,0.));
#872 = FACE_BOUND('',#873,.F.);
#873 = EDGE_LOOP('',(#874));
#874 = ORIENTED_EDGE('',*,*,#875,.T.);
#875 = EDGE_CURVE('',#876,#876,#878,.T.);
#876 = VERTEX_POINT('',#877);
#877 = CARTESIAN_POINT('',(182.3995,-99.3386,0.));
#878 = CIRCLE('',#879,0.53);
#879 = AXIS2_PLACEMENT_3D('',#880,#881,#882);
#880 = CARTESIAN_POINT('',(182.3995,-98.8086,0.));
#881 = DIRECTION('',(-0.,0.,-1.));
#882 = DIRECTION('',(-0.,-1.,0.));
#883 = FACE_BOUND('',#884,.F.);
#884 = EDGE_LOOP('',(#885));
#885 = ORIENTED_EDGE('',*,*,#886,.T.);
#886 = EDGE_CURVE('',#887,#887,#889,.T.);
#887 = VERTEX_POINT('',#888);
#888 = CARTESIAN_POINT('',(190.3095,-102.1036,0.));
#889 = CIRCLE('',#890,1.545);
#890 = AXIS2_PLACEMENT_3D('',#891,#892,#893);
#891 = CARTESIAN_POINT('',(190.3095,-100.5586,0.));
#892 = DIRECTION('',(-0.,0.,-1.));
#893 = DIRECTION('',(-0.,-1.,0.));
#894 = FACE_BOUND('',#895,.F.);
#895 = EDGE_LOOP('',(#896));
#896 = ORIENTED_EDGE('',*,*,#897,.T.);
#897 = EDGE_CURVE('',#898,#898,#900,.T.);
#898 = VERTEX_POINT('',#899);
#899 = CARTESIAN_POINT('',(182.3995,-90.9514,0.));
#900 = CIRCLE('',#901,0.53);
#901 = AXIS2_PLACEMENT_3D('',#902,#903,#904);
#902 = CARTESIAN_POINT('',(182.3995,-90.4214,0.));
#903 = DIRECTION('',(-0.,0.,-1.));
#904 = DIRECTION('',(-0.,-1.,0.));
#905 = FACE_BOUND('',#906,.F.);
#906 = EDGE_LOOP('',(#907));
#907 = ORIENTED_EDGE('',*,*,#908,.T.);
#908 = EDGE_CURVE('',#909,#909,#911,.T.);
#909 = VERTEX_POINT('',#910);
#910 = CARTESIAN_POINT('',(182.3995,-87.4514,0.));
#911 = CIRCLE('',#912,0.53);
#912 = AXIS2_PLACEMENT_3D('',#913,#914,#915);
#913 = CARTESIAN_POINT('',(182.3995,-86.9214,0.));
#914 = DIRECTION('',(-0.,0.,-1.));
#915 = DIRECTION('',(-0.,-1.,0.));
#916 = FACE_BOUND('',#917,.F.);
#917 = EDGE_LOOP('',(#918));
#918 = ORIENTED_EDGE('',*,*,#919,.T.);
#919 = EDGE_CURVE('',#920,#920,#922,.T.);
#920 = VERTEX_POINT('',#921);
#921 = CARTESIAN_POINT('',(190.3095,-90.2164,0.));
#922 = CIRCLE('',#923,1.545);
#923 = AXIS2_PLACEMENT_3D('',#924,#925,#926);
#924 = CARTESIAN_POINT('',(190.3095,-88.6714,0.));
#925 = DIRECTION('',(-0.,0.,-1.));
#926 = DIRECTION('',(-0.,-1.,0.));
#927 = FACE_BOUND('',#928,.F.);
#928 = EDGE_LOOP('',(#929));
#929 = ORIENTED_EDGE('',*,*,#930,.T.);
#930 = EDGE_CURVE('',#931,#931,#933,.T.);
#931 = VERTEX_POINT('',#932);
#932 = CARTESIAN_POINT('',(213.0931,-77.1118,0.));
#933 = CIRCLE('',#934,1.75);
#934 = AXIS2_PLACEMENT_3D('',#935,#936,#937);
#935 = CARTESIAN_POINT('',(213.0931,-75.3618,0.));
#936 = DIRECTION('',(-0.,0.,-1.));
#937 = DIRECTION('',(-0.,-1.,0.));
#938 = FACE_BOUND('',#939,.F.);
#939 = EDGE_LOOP('',(#940));
#940 = ORIENTED_EDGE('',*,*,#941,.F.);
#941 = EDGE_CURVE('',#942,#942,#944,.T.);
#942 = VERTEX_POINT('',#943);
#943 = CARTESIAN_POINT('',(160.93311,-43.4232,0.));
#944 = CIRCLE('',#945,1.75001);
#945 = AXIS2_PLACEMENT_3D('',#946,#947,#948);
#946 = CARTESIAN_POINT('',(159.1831,-43.4232,0.));
#947 = DIRECTION('',(0.,0.,1.));
#948 = DIRECTION('',(1.,0.,-0.));
#949 = PLANE('',#950);
#950 = AXIS2_PLACEMENT_3D('',#951,#952,#953);
#951 = CARTESIAN_POINT('',(0.,0.,0.));
#952 = DIRECTION('',(0.,0.,1.));
#953 = DIRECTION('',(1.,0.,-0.));
#954 = ADVANCED_FACE('',(#955,#1247,#1258,#1269,#1280,#1291,#1302,#1313,
    #1324,#1335,#1346,#1357,#1368,#1379,#1390,#1401,#1412,#1423,#1434,
    #1445,#1456,#1467,#1478,#1489,#1500,#1511,#1522,#1533,#1544,#1555,
    #1566,#1577,#1588,#1599,#1610,#1621,#1632,#1643,#1654,#1665,#1676,
    #1687,#1698,#1709,#1720,#1731,#1742,#1753),#1764,.T.);
#955 = FACE_BOUND('',#956,.T.);
#956 = EDGE_LOOP('',(#957,#958,#959,#968,#976,#984,#993,#1001,#1010,
    #1018,#1026,#1034,#1042,#1050,#1058,#1066,#1075,#1083,#1091,#1099,
    #1108,#1116,#1125,#1133,#1142,#1150,#1159,#1167,#1175,#1183,#1191,
    #1199,#1207,#1215,#1224,#1232,#1240,#1246));
#957 = ORIENTED_EDGE('',*,*,#49,.F.);
#958 = ORIENTED_EDGE('',*,*,#91,.F.);
#959 = ORIENTED_EDGE('',*,*,#960,.F.);
#960 = EDGE_CURVE('',#961,#84,#963,.T.);
#961 = VERTEX_POINT('',#962);
#962 = CARTESIAN_POINT('',(71.85874,-43.483,0.32116));
#963 = CIRCLE('',#964,3.058560056902);
#964 = AXIS2_PLACEMENT_3D('',#965,#966,#967);
#965 = CARTESIAN_POINT('',(74.917300056902,-43.4830000569,0.32116));
#966 = DIRECTION('',(0.,0.,-1.));
#967 = DIRECTION('',(-1.,1.860360892566E-08,0.));
#968 = ORIENTED_EDGE('',*,*,#969,.F.);
#969 = EDGE_CURVE('',#970,#961,#972,.T.);
#970 = VERTEX_POINT('',#971);
#971 = CARTESIAN_POINT('',(71.9201,-70.4596,0.32116));
#972 = LINE('',#973,#974);
#973 = CARTESIAN_POINT('',(71.9201,-70.4596,0.32116));
#974 = VECTOR('',#975,1.);
#975 = DIRECTION('',(-2.274557997425E-03,0.99999741319,0.));
#976 = ORIENTED_EDGE('',*,*,#977,.F.);
#977 = EDGE_CURVE('',#978,#970,#980,.T.);
#978 = VERTEX_POINT('',#979);
#979 = CARTESIAN_POINT('',(70.276839,-72.10285,0.32116));
#980 = LINE('',#981,#982);
#981 = CARTESIAN_POINT('',(70.276839,-72.10285,0.32116));
#982 = VECTOR('',#983,1.);
#983 = DIRECTION('',(0.707109147879,0.707104414486,0.));
#984 = ORIENTED_EDGE('',*,*,#985,.F.);
#985 = EDGE_CURVE('',#986,#978,#988,.T.);
#986 = VERTEX_POINT('',#987);
#987 = CARTESIAN_POINT('',(69.844011,-73.507511,0.32116));
#988 = CIRCLE('',#989,2.087688515566);
#989 = AXIS2_PLACEMENT_3D('',#990,#991,#992);
#990 = CARTESIAN_POINT('',(71.927838451003,-73.38059964324,0.32116));
#991 = DIRECTION('',(0.,0.,-1.));
#992 = DIRECTION('',(-0.998150555251,-6.079036973578E-02,-0.));
#993 = ORIENTED_EDGE('',*,*,#994,.F.);
#994 = EDGE_CURVE('',#995,#986,#997,.T.);
#995 = VERTEX_POINT('',#996);
#996 = CARTESIAN_POINT('',(69.844022,-106.095799,0.32116));
#997 = LINE('',#998,#999);
#998 = CARTESIAN_POINT('',(69.844022,-106.095799,0.32116));
#999 = VECTOR('',#1000,1.);
#1000 = DIRECTION('',(-3.375445804532E-07,1.,0.));
#1001 = ORIENTED_EDGE('',*,*,#1002,.F.);
#1002 = EDGE_CURVE('',#1003,#995,#1005,.T.);
#1003 = VERTEX_POINT('',#1004);
#1004 = CARTESIAN_POINT('',(70.932093,-108.272396,0.32116));
#1005 = CIRCLE('',#1006,3.074981939787);
#1006 = AXIS2_PLACEMENT_3D('',#1007,#1008,#1009);
#1007 = CARTESIAN_POINT('',(72.914052356937,-105.9213640909,0.32116));
#1008 = DIRECTION('',(0.,0.,-1.));
#1009 = DIRECTION('',(-0.64454341383,-0.764567712952,-0.));
#1010 = ORIENTED_EDGE('',*,*,#1011,.F.);
#1011 = EDGE_CURVE('',#1012,#1003,#1014,.T.);
#1012 = VERTEX_POINT('',#1013);
#1013 = CARTESIAN_POINT('',(74.2061,-111.6076,0.32116));
#1014 = LINE('',#1015,#1016);
#1015 = CARTESIAN_POINT('',(74.2061,-111.6076,0.32116));
#1016 = VECTOR('',#1017,1.);
#1017 = DIRECTION('',(-0.700529402285,0.713623539784,0.));
#1018 = ORIENTED_EDGE('',*,*,#1019,.F.);
#1019 = EDGE_CURVE('',#1020,#1012,#1022,.T.);
#1020 = VERTEX_POINT('',#1021);
#1021 = CARTESIAN_POINT('',(74.2061,-112.3696,0.32116));
#1022 = LINE('',#1023,#1024);
#1023 = CARTESIAN_POINT('',(74.2061,-112.3696,0.32116));
#1024 = VECTOR('',#1025,1.);
#1025 = DIRECTION('',(0.,1.,0.));
#1026 = ORIENTED_EDGE('',*,*,#1027,.F.);
#1027 = EDGE_CURVE('',#1028,#1020,#1030,.T.);
#1028 = VERTEX_POINT('',#1029);
#1029 = CARTESIAN_POINT('',(74.2315,-117.3212,0.32116));
#1030 = LINE('',#1031,#1032);
#1031 = CARTESIAN_POINT('',(74.2315,-117.3212,0.32116));
#1032 = VECTOR('',#1033,1.);
#1033 = DIRECTION('',(-5.129587573088E-03,0.999986843579,0.));
#1034 = ORIENTED_EDGE('',*,*,#1035,.F.);
#1035 = EDGE_CURVE('',#1036,#1028,#1038,.T.);
#1036 = VERTEX_POINT('',#1037);
#1037 = CARTESIAN_POINT('',(88.0541,-117.3212,0.32116));
#1038 = LINE('',#1039,#1040);
#1039 = CARTESIAN_POINT('',(88.0541,-117.3212,0.32116));
#1040 = VECTOR('',#1041,1.);
#1041 = DIRECTION('',(-1.,0.,0.));
#1042 = ORIENTED_EDGE('',*,*,#1043,.F.);
#1043 = EDGE_CURVE('',#1044,#1036,#1046,.T.);
#1044 = VERTEX_POINT('',#1045);
#1045 = CARTESIAN_POINT('',(88.0541,-126.6712,0.32116));
#1046 = LINE('',#1047,#1048);
#1047 = CARTESIAN_POINT('',(88.0541,-126.6712,0.32116));
#1048 = VECTOR('',#1049,1.);
#1049 = DIRECTION('',(0.,1.,0.));
#1050 = ORIENTED_EDGE('',*,*,#1051,.F.);
#1051 = EDGE_CURVE('',#1052,#1044,#1054,.T.);
#1052 = VERTEX_POINT('',#1053);
#1053 = CARTESIAN_POINT('',(74.23386,-126.69895,0.32116));
#1054 = LINE('',#1055,#1056);
#1055 = CARTESIAN_POINT('',(74.23386,-126.69895,0.32116));
#1056 = VECTOR('',#1057,1.);
#1057 = DIRECTION('',(0.999997984125,2.0079205614E-03,0.));
#1058 = ORIENTED_EDGE('',*,*,#1059,.F.);
#1059 = EDGE_CURVE('',#1060,#1052,#1062,.T.);
#1060 = VERTEX_POINT('',#1061);
#1061 = CARTESIAN_POINT('',(74.233856,-131.92607,0.32116));
#1062 = LINE('',#1063,#1064);
#1063 = CARTESIAN_POINT('',(74.233856,-131.92607,0.32116));
#1064 = VECTOR('',#1065,1.);
#1065 = DIRECTION('',(7.652397504E-07,1.,0.));
#1066 = ORIENTED_EDGE('',*,*,#1067,.F.);
#1067 = EDGE_CURVE('',#1068,#1060,#1070,.T.);
#1068 = VERTEX_POINT('',#1069);
#1069 = CARTESIAN_POINT('',(75.1967,-133.299199,0.32116));
#1070 = CIRCLE('',#1071,1.58755009961);
#1071 = AXIS2_PLACEMENT_3D('',#1072,#1073,#1074);
#1072 = CARTESIAN_POINT('',(75.819000083749,-131.8386997961,0.32116));
#1073 = DIRECTION('',(0.,0.,-1.));
#1074 = DIRECTION('',(-0.391987682091,-0.919970465335,-0.));
#1075 = ORIENTED_EDGE('',*,*,#1076,.F.);
#1076 = EDGE_CURVE('',#1077,#1068,#1079,.T.);
#1077 = VERTEX_POINT('',#1078);
#1078 = CARTESIAN_POINT('',(112.12664,-154.48711,0.32116));
#1079 = LINE('',#1080,#1081);
#1080 = CARTESIAN_POINT('',(112.12664,-154.48711,0.32116));
#1081 = VECTOR('',#1082,1.);
#1082 = DIRECTION('',(-0.86738095035,0.497644739718,0.));
#1083 = ORIENTED_EDGE('',*,*,#1084,.F.);
#1084 = EDGE_CURVE('',#1085,#1077,#1087,.T.);
#1085 = VERTEX_POINT('',#1086);
#1086 = CARTESIAN_POINT('',(142.07504,-154.4401,0.32116));
#1087 = LINE('',#1088,#1089);
#1088 = CARTESIAN_POINT('',(142.07504,-154.4401,0.32116));
#1089 = VECTOR('',#1090,1.);
#1090 = DIRECTION('',(-0.999998768023,-1.569697949967E-03,0.));
#1091 = ORIENTED_EDGE('',*,*,#1092,.F.);
#1092 = EDGE_CURVE('',#1093,#1085,#1095,.T.);
#1093 = VERTEX_POINT('',#1094);
#1094 = CARTESIAN_POINT('',(155.4353,-154.457397,0.32116));
#1095 = LINE('',#1096,#1097);
#1096 = CARTESIAN_POINT('',(155.4353,-154.457397,0.32116));
#1097 = VECTOR('',#1098,1.);
#1098 = DIRECTION('',(-0.999999161928,1.294659348236E-03,0.));
#1099 = ORIENTED_EDGE('',*,*,#1100,.F.);
#1100 = EDGE_CURVE('',#1101,#1093,#1103,.T.);
#1101 = VERTEX_POINT('',#1102);
#1102 = CARTESIAN_POINT('',(156.197303,-155.2956,0.32116));
#1103 = CIRCLE('',#1104,0.801010464456);
#1104 = AXIS2_PLACEMENT_3D('',#1105,#1106,#1107);
#1105 = CARTESIAN_POINT('',(155.39719912239,-155.2575007978,0.32116));
#1106 = DIRECTION('',(0.,0.,1.));
#1107 = DIRECTION('',(0.998868195998,-4.756392564868E-02,0.));
#1108 = ORIENTED_EDGE('',*,*,#1109,.F.);
#1109 = EDGE_CURVE('',#1110,#1101,#1112,.T.);
#1110 = VERTEX_POINT('',#1111);
#1111 = CARTESIAN_POINT('',(156.197295,-168.787758,0.32116));
#1112 = LINE('',#1113,#1114);
#1113 = CARTESIAN_POINT('',(156.197295,-168.787758,0.32116));
#1114 = VECTOR('',#1115,1.);
#1115 = DIRECTION('',(5.929370237305E-07,1.,0.));
#1116 = ORIENTED_EDGE('',*,*,#1117,.F.);
#1117 = EDGE_CURVE('',#1118,#1110,#1120,.T.);
#1118 = VERTEX_POINT('',#1119);
#1119 = CARTESIAN_POINT('',(156.959298,-169.494205,0.32116));
#1120 = CIRCLE('',#1121,0.734751902884);
#1121 = AXIS2_PLACEMENT_3D('',#1122,#1123,#1124);
#1122 = CARTESIAN_POINT('',(156.93152156432,-168.7599783126,0.32116));
#1123 = DIRECTION('',(0.,0.,-1.));
#1124 = DIRECTION('',(3.780382951599E-02,-0.999285179753,0.));
#1125 = ORIENTED_EDGE('',*,*,#1126,.F.);
#1126 = EDGE_CURVE('',#1127,#1118,#1129,.T.);
#1127 = VERTEX_POINT('',#1128);
#1128 = CARTESIAN_POINT('',(174.028494,-169.479985,0.32116));
#1129 = LINE('',#1130,#1131);
#1130 = CARTESIAN_POINT('',(174.028494,-169.479985,0.32116));
#1131 = VECTOR('',#1132,1.);
#1132 = DIRECTION('',(-0.999999652989,-8.330793709032E-04,0.));
#1133 = ORIENTED_EDGE('',*,*,#1134,.F.);
#1134 = EDGE_CURVE('',#1135,#1127,#1137,.T.);
#1135 = VERTEX_POINT('',#1136);
#1136 = CARTESIAN_POINT('',(178.650901,-167.468143,0.32116));
#1137 = CIRCLE('',#1138,6.175521520598);
#1138 = AXIS2_PLACEMENT_3D('',#1139,#1140,#1141);
#1139 = CARTESIAN_POINT('',(174.0898292719,-163.3047680778,0.32116));
#1140 = DIRECTION('',(0.,0.,-1.));
#1141 = DIRECTION('',(0.738572720196,-0.674173818078,0.));
#1142 = ORIENTED_EDGE('',*,*,#1143,.F.);
#1143 = EDGE_CURVE('',#1144,#1135,#1146,.T.);
#1144 = VERTEX_POINT('',#1145);
#1145 = CARTESIAN_POINT('',(212.955778,-136.501631,0.32116));
#1146 = LINE('',#1147,#1148);
#1147 = CARTESIAN_POINT('',(212.955778,-136.501631,0.32116));
#1148 = VECTOR('',#1149,1.);
#1149 = DIRECTION('',(-0.742302143707,-0.670065315807,0.));
#1150 = ORIENTED_EDGE('',*,*,#1151,.F.);
#1151 = EDGE_CURVE('',#1152,#1144,#1154,.T.);
#1152 = VERTEX_POINT('',#1153);
#1153 = CARTESIAN_POINT('',(213.889596,-134.442198,0.32116));
#1154 = CIRCLE('',#1155,2.7476508872);
#1155 = AXIS2_PLACEMENT_3D('',#1156,#1157,#1158);
#1156 = CARTESIAN_POINT('',(211.14194871464,-134.4377490456,0.32116));
#1157 = DIRECTION('',(0.,0.,-1.));
#1158 = DIRECTION('',(0.99999868912,-1.619184727912E-03,0.));
#1159 = ORIENTED_EDGE('',*,*,#1160,.F.);
#1160 = EDGE_CURVE('',#1161,#1152,#1163,.T.);
#1161 = VERTEX_POINT('',#1162);
#1162 = CARTESIAN_POINT('',(213.8896,-127.68881,0.32116));
#1163 = LINE('',#1164,#1165);
#1164 = CARTESIAN_POINT('',(213.8896,-127.68881,0.32116));
#1165 = VECTOR('',#1166,1.);
#1166 = DIRECTION('',(-5.922953027281E-07,-1.,0.));
#1167 = ORIENTED_EDGE('',*,*,#1168,.F.);
#1168 = EDGE_CURVE('',#1169,#1161,#1171,.T.);
#1169 = VERTEX_POINT('',#1170);
#1170 = CARTESIAN_POINT('',(200.067,-127.68881,0.32116));
#1171 = LINE('',#1172,#1173);
#1172 = CARTESIAN_POINT('',(200.067,-127.68881,0.32116));
#1173 = VECTOR('',#1174,1.);
#1174 = DIRECTION('',(1.,0.,0.));
#1175 = ORIENTED_EDGE('',*,*,#1176,.F.);
#1176 = EDGE_CURVE('',#1177,#1169,#1179,.T.);
#1177 = VERTEX_POINT('',#1178);
#1178 = CARTESIAN_POINT('',(200.067,-118.33881,0.32116));
#1179 = LINE('',#1180,#1181);
#1180 = CARTESIAN_POINT('',(200.067,-118.33881,0.32116));
#1181 = VECTOR('',#1182,1.);
#1182 = DIRECTION('',(0.,-1.,0.));
#1183 = ORIENTED_EDGE('',*,*,#1184,.F.);
#1184 = EDGE_CURVE('',#1185,#1177,#1187,.T.);
#1185 = VERTEX_POINT('',#1186);
#1186 = CARTESIAN_POINT('',(213.91801,-118.3358,0.32116));
#1187 = LINE('',#1188,#1189);
#1188 = CARTESIAN_POINT('',(213.91801,-118.3358,0.32116));
#1189 = VECTOR('',#1190,1.);
#1190 = DIRECTION('',(-0.999999976388,-2.173126673734E-04,0.));
#1191 = ORIENTED_EDGE('',*,*,#1192,.F.);
#1192 = EDGE_CURVE('',#1193,#1185,#1195,.T.);
#1193 = VERTEX_POINT('',#1194);
#1194 = CARTESIAN_POINT('',(213.91801,-116.96976,0.32116));
#1195 = LINE('',#1196,#1197);
#1196 = CARTESIAN_POINT('',(213.91801,-116.96976,0.32116));
#1197 = VECTOR('',#1198,1.);
#1198 = DIRECTION('',(0.,-1.,0.));
#1199 = ORIENTED_EDGE('',*,*,#1200,.F.);
#1200 = EDGE_CURVE('',#1201,#1193,#1203,.T.);
#1201 = VERTEX_POINT('',#1202);
#1202 = CARTESIAN_POINT('',(213.89741,-110.60029,0.32116));
#1203 = LINE('',#1204,#1205);
#1204 = CARTESIAN_POINT('',(213.89741,-110.60029,0.32116));
#1205 = VECTOR('',#1206,1.);
#1206 = DIRECTION('',(3.234161125462E-03,-0.999994770087,0.));
#1207 = ORIENTED_EDGE('',*,*,#1208,.F.);
#1208 = EDGE_CURVE('',#1209,#1201,#1211,.T.);
#1209 = VERTEX_POINT('',#1210);
#1210 = CARTESIAN_POINT('',(214.952597,-109.589639,0.32116));
#1211 = LINE('',#1212,#1213);
#1212 = CARTESIAN_POINT('',(214.952597,-109.589639,0.32116));
#1213 = VECTOR('',#1214,1.);
#1214 = DIRECTION('',(-0.72218301475,-0.691702026314,0.));
#1215 = ORIENTED_EDGE('',*,*,#1216,.F.);
#1216 = EDGE_CURVE('',#1217,#1209,#1219,.T.);
#1217 = VERTEX_POINT('',#1218);
#1218 = CARTESIAN_POINT('',(217.081427,-107.629538,0.32116));
#1219 = CIRCLE('',#1220,3.75920122819);
#1220 = AXIS2_PLACEMENT_3D('',#1221,#1222,#1223);
#1221 = CARTESIAN_POINT('',(218.36715062425,-111.1620312605,0.32116));
#1222 = DIRECTION('',(0.,0.,1.));
#1223 = DIRECTION('',(-0.342020430992,0.939692516084,0.));
#1224 = ORIENTED_EDGE('',*,*,#1225,.F.);
#1225 = EDGE_CURVE('',#1226,#1217,#1228,.T.);
#1226 = VERTEX_POINT('',#1227);
#1227 = CARTESIAN_POINT('',(217.5481,-107.2516,0.32116));
#1228 = LINE('',#1229,#1230);
#1229 = CARTESIAN_POINT('',(217.5481,-107.2516,0.32116));
#1230 = VECTOR('',#1231,1.);
#1231 = DIRECTION('',(-0.777118550665,-0.629354239052,0.));
#1232 = ORIENTED_EDGE('',*,*,#1233,.F.);
#1233 = EDGE_CURVE('',#1234,#1226,#1236,.T.);
#1234 = VERTEX_POINT('',#1235);
#1235 = CARTESIAN_POINT('',(217.5481,-71.4756,0.32116));
#1236 = LINE('',#1237,#1238);
#1237 = CARTESIAN_POINT('',(217.5481,-71.4756,0.32116));
#1238 = VECTOR('',#1239,1.);
#1239 = DIRECTION('',(0.,-1.,0.));
#1240 = ORIENTED_EDGE('',*,*,#1241,.F.);
#1241 = EDGE_CURVE('',#114,#1234,#1242,.T.);
#1242 = LINE('',#1243,#1244);
#1243 = CARTESIAN_POINT('',(216.48133,-70.32282,0.32116));
#1244 = VECTOR('',#1245,1.);
#1245 = DIRECTION('',(0.67919585176,-0.733957079775,0.));
#1246 = ORIENTED_EDGE('',*,*,#113,.F.);
#1247 = FACE_BOUND('',#1248,.T.);
#1248 = EDGE_LOOP('',(#1249));
#1249 = ORIENTED_EDGE('',*,*,#1250,.T.);
#1250 = EDGE_CURVE('',#1251,#1251,#1253,.T.);
#1251 = VERTEX_POINT('',#1252);
#1252 = CARTESIAN_POINT('',(118.01995,-141.6868,0.32116));
#1253 = CIRCLE('',#1254,1.);
#1254 = AXIS2_PLACEMENT_3D('',#1255,#1256,#1257);
#1255 = CARTESIAN_POINT('',(118.01995,-140.6868,0.32116));
#1256 = DIRECTION('',(-0.,0.,-1.));
#1257 = DIRECTION('',(-0.,-1.,0.));
#1258 = FACE_BOUND('',#1259,.T.);
#1259 = EDGE_LOOP('',(#1260));
#1260 = ORIENTED_EDGE('',*,*,#1261,.T.);
#1261 = EDGE_CURVE('',#1262,#1262,#1264,.T.);
#1262 = VERTEX_POINT('',#1263);
#1263 = CARTESIAN_POINT('',(102.8065,-123.4196,0.32116));
#1264 = CIRCLE('',#1265,1.525);
#1265 = AXIS2_PLACEMENT_3D('',#1266,#1267,#1268);
#1266 = CARTESIAN_POINT('',(102.8065,-121.8946,0.32116));
#1267 = DIRECTION('',(-0.,0.,-1.));
#1268 = DIRECTION('',(-0.,-1.,0.));
#1269 = FACE_BOUND('',#1270,.T.);
#1270 = EDGE_LOOP('',(#1271));
#1271 = ORIENTED_EDGE('',*,*,#1272,.T.);
#1272 = EDGE_CURVE('',#1273,#1273,#1275,.T.);
#1273 = VERTEX_POINT('',#1274);
#1274 = CARTESIAN_POINT('',(77.8381,-115.1102,0.32116));
#1275 = CIRCLE('',#1276,1.75);
#1276 = AXIS2_PLACEMENT_3D('',#1277,#1278,#1279);
#1277 = CARTESIAN_POINT('',(77.8381,-113.3602,0.32116));
#1278 = DIRECTION('',(-0.,0.,-1.));
#1279 = DIRECTION('',(-0.,-1.,0.));
#1280 = FACE_BOUND('',#1281,.T.);
#1281 = EDGE_LOOP('',(#1282));
#1282 = ORIENTED_EDGE('',*,*,#1283,.T.);
#1283 = EDGE_CURVE('',#1284,#1284,#1286,.T.);
#1284 = VERTEX_POINT('',#1285);
#1285 = CARTESIAN_POINT('',(84.7725,-109.9762,0.32116));
#1286 = CIRCLE('',#1287,0.45);
#1287 = AXIS2_PLACEMENT_3D('',#1288,#1289,#1290);
#1288 = CARTESIAN_POINT('',(84.7725,-109.5262,0.32116));
#1289 = DIRECTION('',(-0.,0.,-1.));
#1290 = DIRECTION('',(-3.157967714489E-14,-1.,0.));
#1291 = FACE_BOUND('',#1292,.T.);
#1292 = EDGE_LOOP('',(#1293));
#1293 = ORIENTED_EDGE('',*,*,#1294,.T.);
#1294 = EDGE_CURVE('',#1295,#1295,#1297,.T.);
#1295 = VERTEX_POINT('',#1296);
#1296 = CARTESIAN_POINT('',(84.7725,-106.9762,0.32116));
#1297 = CIRCLE('',#1298,0.45);
#1298 = AXIS2_PLACEMENT_3D('',#1299,#1300,#1301);
#1299 = CARTESIAN_POINT('',(84.7725,-106.5262,0.32116));
#1300 = DIRECTION('',(-0.,0.,-1.));
#1301 = DIRECTION('',(-3.157967714489E-14,-1.,0.));
#1302 = FACE_BOUND('',#1303,.T.);
#1303 = EDGE_LOOP('',(#1304));
#1304 = ORIENTED_EDGE('',*,*,#1305,.T.);
#1305 = EDGE_CURVE('',#1306,#1306,#1308,.T.);
#1306 = VERTEX_POINT('',#1307);
#1307 = CARTESIAN_POINT('',(94.5261,-109.9856,0.32116));
#1308 = CIRCLE('',#1309,0.45);
#1309 = AXIS2_PLACEMENT_3D('',#1310,#1311,#1312);
#1310 = CARTESIAN_POINT('',(94.5261,-109.5356,0.32116));
#1311 = DIRECTION('',(-0.,0.,-1.));
#1312 = DIRECTION('',(-0.,-1.,0.));
#1313 = FACE_BOUND('',#1314,.T.);
#1314 = EDGE_LOOP('',(#1315));
#1315 = ORIENTED_EDGE('',*,*,#1316,.T.);
#1316 = EDGE_CURVE('',#1317,#1317,#1319,.T.);
#1317 = VERTEX_POINT('',#1318);
#1318 = CARTESIAN_POINT('',(109.3597,-136.6868,0.32116));
#1319 = CIRCLE('',#1320,1.);
#1320 = AXIS2_PLACEMENT_3D('',#1321,#1322,#1323);
#1321 = CARTESIAN_POINT('',(109.3597,-135.6868,0.32116));
#1322 = DIRECTION('',(-0.,0.,-1.));
#1323 = DIRECTION('',(-0.,-1.,0.));
#1324 = FACE_BOUND('',#1325,.T.);
#1325 = EDGE_LOOP('',(#1326));
#1326 = ORIENTED_EDGE('',*,*,#1327,.T.);
#1327 = EDGE_CURVE('',#1328,#1328,#1330,.T.);
#1328 = VERTEX_POINT('',#1329);
#1329 = CARTESIAN_POINT('',(122.01995,-134.7586,0.32116));
#1330 = CIRCLE('',#1331,1.);
#1331 = AXIS2_PLACEMENT_3D('',#1332,#1333,#1334);
#1332 = CARTESIAN_POINT('',(122.01995,-133.7586,0.32116));
#1333 = DIRECTION('',(-0.,0.,-1.));
#1334 = DIRECTION('',(-0.,-1.,0.));
#1335 = FACE_BOUND('',#1336,.T.);
#1336 = EDGE_LOOP('',(#1337));
#1337 = ORIENTED_EDGE('',*,*,#1338,.T.);
#1338 = EDGE_CURVE('',#1339,#1339,#1341,.T.);
#1339 = VERTEX_POINT('',#1340);
#1340 = CARTESIAN_POINT('',(113.3597,-129.7586,0.32116));
#1341 = CIRCLE('',#1342,1.);
#1342 = AXIS2_PLACEMENT_3D('',#1343,#1344,#1345);
#1343 = CARTESIAN_POINT('',(113.3597,-128.7586,0.32116));
#1344 = DIRECTION('',(-0.,0.,-1.));
#1345 = DIRECTION('',(-0.,-1.,0.));
#1346 = FACE_BOUND('',#1347,.T.);
#1347 = EDGE_LOOP('',(#1348));
#1348 = ORIENTED_EDGE('',*,*,#1349,.T.);
#1349 = EDGE_CURVE('',#1350,#1350,#1352,.T.);
#1350 = VERTEX_POINT('',#1351);
#1351 = CARTESIAN_POINT('',(110.1065,-122.8196,0.32116));
#1352 = CIRCLE('',#1353,0.925);
#1353 = AXIS2_PLACEMENT_3D('',#1354,#1355,#1356);
#1354 = CARTESIAN_POINT('',(110.1065,-121.8946,0.32116));
#1355 = DIRECTION('',(-0.,0.,-1.));
#1356 = DIRECTION('',(-0.,-1.,0.));
#1357 = FACE_BOUND('',#1358,.T.);
#1358 = EDGE_LOOP('',(#1359));
#1359 = ORIENTED_EDGE('',*,*,#1360,.T.);
#1360 = EDGE_CURVE('',#1361,#1361,#1363,.T.);
#1361 = VERTEX_POINT('',#1362);
#1362 = CARTESIAN_POINT('',(115.6065,-122.8196,0.32116));
#1363 = CIRCLE('',#1364,0.925);
#1364 = AXIS2_PLACEMENT_3D('',#1365,#1366,#1367);
#1365 = CARTESIAN_POINT('',(115.6065,-121.8946,0.32116));
#1366 = DIRECTION('',(-0.,0.,-1.));
#1367 = DIRECTION('',(-0.,-1.,0.));
#1368 = FACE_BOUND('',#1369,.T.);
#1369 = EDGE_LOOP('',(#1370));
#1370 = ORIENTED_EDGE('',*,*,#1371,.T.);
#1371 = EDGE_CURVE('',#1372,#1372,#1374,.T.);
#1372 = VERTEX_POINT('',#1373);
#1373 = CARTESIAN_POINT('',(166.9161,-168.6804,0.32116));
#1374 = CIRCLE('',#1375,0.85);
#1375 = AXIS2_PLACEMENT_3D('',#1376,#1377,#1378);
#1376 = CARTESIAN_POINT('',(166.9161,-167.8304,0.32116));
#1377 = DIRECTION('',(-0.,0.,-1.));
#1378 = DIRECTION('',(-0.,-1.,0.));
#1379 = FACE_BOUND('',#1380,.T.);
#1380 = EDGE_LOOP('',(#1381));
#1381 = ORIENTED_EDGE('',*,*,#1382,.T.);
#1382 = EDGE_CURVE('',#1383,#1383,#1385,.T.);
#1383 = VERTEX_POINT('',#1384);
#1384 = CARTESIAN_POINT('',(172.9161,-166.1804,0.32116));
#1385 = CIRCLE('',#1386,1.5);
#1386 = AXIS2_PLACEMENT_3D('',#1387,#1388,#1389);
#1387 = CARTESIAN_POINT('',(172.9161,-164.6804,0.32116));
#1388 = DIRECTION('',(-0.,0.,-1.));
#1389 = DIRECTION('',(-0.,-1.,0.));
#1390 = FACE_BOUND('',#1391,.T.);
#1391 = EDGE_LOOP('',(#1392));
#1392 = ORIENTED_EDGE('',*,*,#1393,.T.);
#1393 = EDGE_CURVE('',#1394,#1394,#1396,.T.);
#1394 = VERTEX_POINT('',#1395);
#1395 = CARTESIAN_POINT('',(166.9161,-155.1804,0.32116));
#1396 = CIRCLE('',#1397,0.85);
#1397 = AXIS2_PLACEMENT_3D('',#1398,#1399,#1400);
#1398 = CARTESIAN_POINT('',(166.9161,-154.3304,0.32116));
#1399 = DIRECTION('',(-0.,0.,-1.));
#1400 = DIRECTION('',(-0.,-1.,0.));
#1401 = FACE_BOUND('',#1402,.T.);
#1402 = EDGE_LOOP('',(#1403));
#1403 = ORIENTED_EDGE('',*,*,#1404,.T.);
#1404 = EDGE_CURVE('',#1405,#1405,#1407,.T.);
#1405 = VERTEX_POINT('',#1406);
#1406 = CARTESIAN_POINT('',(172.9161,-158.9804,0.32116));
#1407 = CIRCLE('',#1408,1.5);
#1408 = AXIS2_PLACEMENT_3D('',#1409,#1410,#1411);
#1409 = CARTESIAN_POINT('',(172.9161,-157.4804,0.32116));
#1410 = DIRECTION('',(-0.,0.,-1.));
#1411 = DIRECTION('',(-0.,-1.,0.));
#1412 = FACE_BOUND('',#1413,.T.);
#1413 = EDGE_LOOP('',(#1414));
#1414 = ORIENTED_EDGE('',*,*,#1415,.T.);
#1415 = EDGE_CURVE('',#1416,#1416,#1418,.T.);
#1416 = VERTEX_POINT('',#1417);
#1417 = CARTESIAN_POINT('',(186.26214,-157.7464,0.32116));
#1418 = CIRCLE('',#1419,0.75);
#1419 = AXIS2_PLACEMENT_3D('',#1420,#1421,#1422);
#1420 = CARTESIAN_POINT('',(186.26214,-156.9964,0.32116));
#1421 = DIRECTION('',(-0.,0.,-1.));
#1422 = DIRECTION('',(-0.,-1.,0.));
#1423 = FACE_BOUND('',#1424,.T.);
#1424 = EDGE_LOOP('',(#1425));
#1425 = ORIENTED_EDGE('',*,*,#1426,.T.);
#1426 = EDGE_CURVE('',#1427,#1427,#1429,.T.);
#1427 = VERTEX_POINT('',#1428);
#1428 = CARTESIAN_POINT('',(187.93421,-155.99086,0.32116));
#1429 = CIRCLE('',#1430,0.5);
#1430 = AXIS2_PLACEMENT_3D('',#1431,#1432,#1433);
#1431 = CARTESIAN_POINT('',(187.93421,-155.49086,0.32116));
#1432 = DIRECTION('',(-0.,0.,-1.));
#1433 = DIRECTION('',(-0.,-1.,0.));
#1434 = FACE_BOUND('',#1435,.T.);
#1435 = EDGE_LOOP('',(#1436));
#1436 = ORIENTED_EDGE('',*,*,#1437,.T.);
#1437 = EDGE_CURVE('',#1438,#1438,#1440,.T.);
#1438 = VERTEX_POINT('',#1439);
#1439 = CARTESIAN_POINT('',(189.4205,-154.6526,0.32116));
#1440 = CIRCLE('',#1441,0.5);
#1441 = AXIS2_PLACEMENT_3D('',#1442,#1443,#1444);
#1442 = CARTESIAN_POINT('',(189.4205,-154.1526,0.32116));
#1443 = DIRECTION('',(-0.,0.,-1.));
#1444 = DIRECTION('',(-0.,-1.,0.));
#1445 = FACE_BOUND('',#1446,.T.);
#1446 = EDGE_LOOP('',(#1447));
#1447 = ORIENTED_EDGE('',*,*,#1448,.T.);
#1448 = EDGE_CURVE('',#1449,#1449,#1451,.T.);
#1449 = VERTEX_POINT('',#1450);
#1450 = CARTESIAN_POINT('',(190.90679,-153.31434,0.32116));
#1451 = CIRCLE('',#1452,0.5);
#1452 = AXIS2_PLACEMENT_3D('',#1453,#1454,#1455);
#1453 = CARTESIAN_POINT('',(190.90679,-152.81434,0.32116));
#1454 = DIRECTION('',(-0.,0.,-1.));
#1455 = DIRECTION('',(-0.,-1.,0.));
#1456 = FACE_BOUND('',#1457,.T.);
#1457 = EDGE_LOOP('',(#1458));
#1458 = ORIENTED_EDGE('',*,*,#1459,.T.);
#1459 = EDGE_CURVE('',#1460,#1460,#1462,.T.);
#1460 = VERTEX_POINT('',#1461);
#1461 = CARTESIAN_POINT('',(192.57887,-152.05879,0.32116));
#1462 = CIRCLE('',#1463,0.75);
#1463 = AXIS2_PLACEMENT_3D('',#1464,#1465,#1466);
#1464 = CARTESIAN_POINT('',(192.57887,-151.30879,0.32116));
#1465 = DIRECTION('',(-0.,0.,-1.));
#1466 = DIRECTION('',(-0.,-1.,0.));
#1467 = FACE_BOUND('',#1468,.T.);
#1468 = EDGE_LOOP('',(#1469));
#1469 = ORIENTED_EDGE('',*,*,#1470,.T.);
#1470 = EDGE_CURVE('',#1471,#1471,#1473,.T.);
#1471 = VERTEX_POINT('',#1472);
#1472 = CARTESIAN_POINT('',(172.4041,-123.8864,0.32116));
#1473 = CIRCLE('',#1474,0.925);
#1474 = AXIS2_PLACEMENT_3D('',#1475,#1476,#1477);
#1475 = CARTESIAN_POINT('',(172.4041,-122.9614,0.32116));
#1476 = DIRECTION('',(-0.,0.,-1.));
#1477 = DIRECTION('',(-0.,-1.,0.));
#1478 = FACE_BOUND('',#1479,.T.);
#1479 = EDGE_LOOP('',(#1480));
#1480 = ORIENTED_EDGE('',*,*,#1481,.T.);
#1481 = EDGE_CURVE('',#1482,#1482,#1484,.T.);
#1482 = VERTEX_POINT('',#1483);
#1483 = CARTESIAN_POINT('',(177.9041,-123.8864,0.32116));
#1484 = CIRCLE('',#1485,0.925);
#1485 = AXIS2_PLACEMENT_3D('',#1486,#1487,#1488);
#1486 = CARTESIAN_POINT('',(177.9041,-122.9614,0.32116));
#1487 = DIRECTION('',(-0.,0.,-1.));
#1488 = DIRECTION('',(-0.,-1.,0.));
#1489 = FACE_BOUND('',#1490,.T.);
#1490 = EDGE_LOOP('',(#1491));
#1491 = ORIENTED_EDGE('',*,*,#1492,.T.);
#1492 = EDGE_CURVE('',#1493,#1493,#1495,.T.);
#1493 = VERTEX_POINT('',#1494);
#1494 = CARTESIAN_POINT('',(185.2041,-124.4864,0.32116));
#1495 = CIRCLE('',#1496,1.525);
#1496 = AXIS2_PLACEMENT_3D('',#1497,#1498,#1499);
#1497 = CARTESIAN_POINT('',(185.2041,-122.9614,0.32116));
#1498 = DIRECTION('',(-0.,0.,-1.));
#1499 = DIRECTION('',(1.863718651174E-14,-1.,-0.));
#1500 = FACE_BOUND('',#1501,.T.);
#1501 = EDGE_LOOP('',(#1502));
#1502 = ORIENTED_EDGE('',*,*,#1503,.T.);
#1503 = EDGE_CURVE('',#1504,#1504,#1506,.T.);
#1504 = VERTEX_POINT('',#1505);
#1505 = CARTESIAN_POINT('',(209.5371,-114.9832,0.32116));
#1506 = CIRCLE('',#1507,1.75);
#1507 = AXIS2_PLACEMENT_3D('',#1508,#1509,#1510);
#1508 = CARTESIAN_POINT('',(209.5371,-113.2332,0.32116));
#1509 = DIRECTION('',(-0.,0.,-1.));
#1510 = DIRECTION('',(-0.,-1.,0.));
#1511 = FACE_BOUND('',#1512,.T.);
#1512 = EDGE_LOOP('',(#1513));
#1513 = ORIENTED_EDGE('',*,*,#1514,.T.);
#1514 = EDGE_CURVE('',#1515,#1515,#1517,.T.);
#1515 = VERTEX_POINT('',#1516);
#1516 = CARTESIAN_POINT('',(94.5261,-104.9856,0.32116));
#1517 = CIRCLE('',#1518,0.45);
#1518 = AXIS2_PLACEMENT_3D('',#1519,#1520,#1521);
#1519 = CARTESIAN_POINT('',(94.5261,-104.5356,0.32116));
#1520 = DIRECTION('',(-0.,0.,-1.));
#1521 = DIRECTION('',(-0.,-1.,0.));
#1522 = FACE_BOUND('',#1523,.T.);
#1523 = EDGE_LOOP('',(#1524));
#1524 = ORIENTED_EDGE('',*,*,#1525,.T.);
#1525 = EDGE_CURVE('',#1526,#1526,#1528,.T.);
#1526 = VERTEX_POINT('',#1527);
#1527 = CARTESIAN_POINT('',(74.2821,-77.0102,0.32116));
#1528 = CIRCLE('',#1529,1.75);
#1529 = AXIS2_PLACEMENT_3D('',#1530,#1531,#1532);
#1530 = CARTESIAN_POINT('',(74.2821,-75.2602,0.32116));
#1531 = DIRECTION('',(-0.,0.,-1.));
#1532 = DIRECTION('',(-0.,-1.,0.));
#1533 = FACE_BOUND('',#1534,.T.);
#1534 = EDGE_LOOP('',(#1535));
#1535 = ORIENTED_EDGE('',*,*,#1536,.T.);
#1536 = EDGE_CURVE('',#1537,#1537,#1539,.T.);
#1537 = VERTEX_POINT('',#1538);
#1538 = CARTESIAN_POINT('',(85.2803,-69.4872,0.32116));
#1539 = CIRCLE('',#1540,0.45);
#1540 = AXIS2_PLACEMENT_3D('',#1541,#1542,#1543);
#1541 = CARTESIAN_POINT('',(85.2803,-69.0372,0.32116));
#1542 = DIRECTION('',(-0.,0.,-1.));
#1543 = DIRECTION('',(-0.,-1.,0.));
#1544 = FACE_BOUND('',#1545,.T.);
#1545 = EDGE_LOOP('',(#1546));
#1546 = ORIENTED_EDGE('',*,*,#1547,.T.);
#1547 = EDGE_CURVE('',#1548,#1548,#1550,.T.);
#1548 = VERTEX_POINT('',#1549);
#1549 = CARTESIAN_POINT('',(85.2803,-66.9472,0.32116));
#1550 = CIRCLE('',#1551,0.45);
#1551 = AXIS2_PLACEMENT_3D('',#1552,#1553,#1554);
#1552 = CARTESIAN_POINT('',(85.2803,-66.4972,0.32116));
#1553 = DIRECTION('',(-0.,0.,-1.));
#1554 = DIRECTION('',(-0.,-1.,0.));
#1555 = FACE_BOUND('',#1556,.T.);
#1556 = EDGE_LOOP('',(#1557));
#1557 = ORIENTED_EDGE('',*,*,#1558,.T.);
#1558 = EDGE_CURVE('',#1559,#1559,#1561,.T.);
#1559 = VERTEX_POINT('',#1560);
#1560 = CARTESIAN_POINT('',(87.8203,-69.4872,0.32116));
#1561 = CIRCLE('',#1562,0.45);
#1562 = AXIS2_PLACEMENT_3D('',#1563,#1564,#1565);
#1563 = CARTESIAN_POINT('',(87.8203,-69.0372,0.32116));
#1564 = DIRECTION('',(-0.,0.,-1.));
#1565 = DIRECTION('',(-0.,-1.,0.));
#1566 = FACE_BOUND('',#1567,.T.);
#1567 = EDGE_LOOP('',(#1568));
#1568 = ORIENTED_EDGE('',*,*,#1569,.T.);
#1569 = EDGE_CURVE('',#1570,#1570,#1572,.T.);
#1570 = VERTEX_POINT('',#1571);
#1571 = CARTESIAN_POINT('',(87.8203,-66.9472,0.32116));
#1572 = CIRCLE('',#1573,0.45);
#1573 = AXIS2_PLACEMENT_3D('',#1574,#1575,#1576);
#1574 = CARTESIAN_POINT('',(87.8203,-66.4972,0.32116));
#1575 = DIRECTION('',(-0.,0.,-1.));
#1576 = DIRECTION('',(-0.,-1.,0.));
#1577 = FACE_BOUND('',#1578,.T.);
#1578 = EDGE_LOOP('',(#1579));
#1579 = ORIENTED_EDGE('',*,*,#1580,.T.);
#1580 = EDGE_CURVE('',#1581,#1581,#1583,.T.);
#1581 = VERTEX_POINT('',#1582);
#1582 = CARTESIAN_POINT('',(85.2803,-64.4072,0.32116));
#1583 = CIRCLE('',#1584,0.45);
#1584 = AXIS2_PLACEMENT_3D('',#1585,#1586,#1587);
#1585 = CARTESIAN_POINT('',(85.2803,-63.9572,0.32116));
#1586 = DIRECTION('',(-0.,0.,-1.));
#1587 = DIRECTION('',(-0.,-1.,0.));
#1588 = FACE_BOUND('',#1589,.T.);
#1589 = EDGE_LOOP('',(#1590));
#1590 = ORIENTED_EDGE('',*,*,#1591,.T.);
#1591 = EDGE_CURVE('',#1592,#1592,#1594,.T.);
#1592 = VERTEX_POINT('',#1593);
#1593 = CARTESIAN_POINT('',(87.8203,-64.4072,0.32116));
#1594 = CIRCLE('',#1595,0.45);
#1595 = AXIS2_PLACEMENT_3D('',#1596,#1597,#1598);
#1596 = CARTESIAN_POINT('',(87.8203,-63.9572,0.32116));
#1597 = DIRECTION('',(-0.,0.,-1.));
#1598 = DIRECTION('',(-0.,-1.,0.));
#1599 = FACE_BOUND('',#1600,.T.);
#1600 = EDGE_LOOP('',(#1601));
#1601 = ORIENTED_EDGE('',*,*,#1602,.T.);
#1602 = EDGE_CURVE('',#1603,#1603,#1605,.T.);
#1603 = VERTEX_POINT('',#1604);
#1604 = CARTESIAN_POINT('',(85.2803,-61.8672,0.32116));
#1605 = CIRCLE('',#1606,0.45);
#1606 = AXIS2_PLACEMENT_3D('',#1607,#1608,#1609);
#1607 = CARTESIAN_POINT('',(85.2803,-61.4172,0.32116));
#1608 = DIRECTION('',(-0.,0.,-1.));
#1609 = DIRECTION('',(-0.,-1.,0.));
#1610 = FACE_BOUND('',#1611,.T.);
#1611 = EDGE_LOOP('',(#1612));
#1612 = ORIENTED_EDGE('',*,*,#1613,.T.);
#1613 = EDGE_CURVE('',#1614,#1614,#1616,.T.);
#1614 = VERTEX_POINT('',#1615);
#1615 = CARTESIAN_POINT('',(85.2803,-59.3272,0.32116));
#1616 = CIRCLE('',#1617,0.45);
#1617 = AXIS2_PLACEMENT_3D('',#1618,#1619,#1620);
#1618 = CARTESIAN_POINT('',(85.2803,-58.8772,0.32116));
#1619 = DIRECTION('',(-0.,0.,-1.));
#1620 = DIRECTION('',(-0.,-1.,0.));
#1621 = FACE_BOUND('',#1622,.T.);
#1622 = EDGE_LOOP('',(#1623));
#1623 = ORIENTED_EDGE('',*,*,#1624,.T.);
#1624 = EDGE_CURVE('',#1625,#1625,#1627,.T.);
#1625 = VERTEX_POINT('',#1626);
#1626 = CARTESIAN_POINT('',(87.8203,-61.8672,0.32116));
#1627 = CIRCLE('',#1628,0.45);
#1628 = AXIS2_PLACEMENT_3D('',#1629,#1630,#1631);
#1629 = CARTESIAN_POINT('',(87.8203,-61.4172,0.32116));
#1630 = DIRECTION('',(-0.,0.,-1.));
#1631 = DIRECTION('',(-0.,-1.,0.));
#1632 = FACE_BOUND('',#1633,.T.);
#1633 = EDGE_LOOP('',(#1634));
#1634 = ORIENTED_EDGE('',*,*,#1635,.T.);
#1635 = EDGE_CURVE('',#1636,#1636,#1638,.T.);
#1636 = VERTEX_POINT('',#1637);
#1637 = CARTESIAN_POINT('',(87.8203,-59.3272,0.32116));
#1638 = CIRCLE('',#1639,0.45);
#1639 = AXIS2_PLACEMENT_3D('',#1640,#1641,#1642);
#1640 = CARTESIAN_POINT('',(87.8203,-58.8772,0.32116));
#1641 = DIRECTION('',(-0.,0.,-1.));
#1642 = DIRECTION('',(-0.,-1.,0.));
#1643 = FACE_BOUND('',#1644,.T.);
#1644 = EDGE_LOOP('',(#1645));
#1645 = ORIENTED_EDGE('',*,*,#1646,.T.);
#1646 = EDGE_CURVE('',#1647,#1647,#1649,.T.);
#1647 = VERTEX_POINT('',#1648);
#1648 = CARTESIAN_POINT('',(85.2803,-56.7872,0.32116));
#1649 = CIRCLE('',#1650,0.45);
#1650 = AXIS2_PLACEMENT_3D('',#1651,#1652,#1653);
#1651 = CARTESIAN_POINT('',(85.2803,-56.3372,0.32116));
#1652 = DIRECTION('',(-0.,0.,-1.));
#1653 = DIRECTION('',(-0.,-1.,0.));
#1654 = FACE_BOUND('',#1655,.T.);
#1655 = EDGE_LOOP('',(#1656));
#1656 = ORIENTED_EDGE('',*,*,#1657,.T.);
#1657 = EDGE_CURVE('',#1658,#1658,#1660,.T.);
#1658 = VERTEX_POINT('',#1659);
#1659 = CARTESIAN_POINT('',(87.8203,-56.7872,0.32116));
#1660 = CIRCLE('',#1661,0.45);
#1661 = AXIS2_PLACEMENT_3D('',#1662,#1663,#1664);
#1662 = CARTESIAN_POINT('',(87.8203,-56.3372,0.32116));
#1663 = DIRECTION('',(-0.,0.,-1.));
#1664 = DIRECTION('',(-0.,-1.,0.));
#1665 = FACE_BOUND('',#1666,.T.);
#1666 = EDGE_LOOP('',(#1667));
#1667 = ORIENTED_EDGE('',*,*,#1668,.F.);
#1668 = EDGE_CURVE('',#1669,#1669,#1671,.T.);
#1669 = VERTEX_POINT('',#1670);
#1670 = CARTESIAN_POINT('',(130.93311,-43.4232,0.32116));
#1671 = CIRCLE('',#1672,1.75001);
#1672 = AXIS2_PLACEMENT_3D('',#1673,#1674,#1675);
#1673 = CARTESIAN_POINT('',(129.1831,-43.4232,0.32116));
#1674 = DIRECTION('',(0.,0.,1.));
#1675 = DIRECTION('',(1.,0.,-0.));
#1676 = FACE_BOUND('',#1677,.T.);
#1677 = EDGE_LOOP('',(#1678));
#1678 = ORIENTED_EDGE('',*,*,#1679,.T.);
#1679 = EDGE_CURVE('',#1680,#1680,#1682,.T.);
#1680 = VERTEX_POINT('',#1681);
#1681 = CARTESIAN_POINT('',(182.3995,-102.8386,0.32116));
#1682 = CIRCLE('',#1683,0.53);
#1683 = AXIS2_PLACEMENT_3D('',#1684,#1685,#1686);
#1684 = CARTESIAN_POINT('',(182.3995,-102.3086,0.32116));
#1685 = DIRECTION('',(-0.,0.,-1.));
#1686 = DIRECTION('',(-0.,-1.,0.));
#1687 = FACE_BOUND('',#1688,.T.);
#1688 = EDGE_LOOP('',(#1689));
#1689 = ORIENTED_EDGE('',*,*,#1690,.T.);
#1690 = EDGE_CURVE('',#1691,#1691,#1693,.T.);
#1691 = VERTEX_POINT('',#1692);
#1692 = CARTESIAN_POINT('',(182.3995,-99.3386,0.32116));
#1693 = CIRCLE('',#1694,0.53);
#1694 = AXIS2_PLACEMENT_3D('',#1695,#1696,#1697);
#1695 = CARTESIAN_POINT('',(182.3995,-98.8086,0.32116));
#1696 = DIRECTION('',(-0.,0.,-1.));
#1697 = DIRECTION('',(-0.,-1.,0.));
#1698 = FACE_BOUND('',#1699,.T.);
#1699 = EDGE_LOOP('',(#1700));
#1700 = ORIENTED_EDGE('',*,*,#1701,.T.);
#1701 = EDGE_CURVE('',#1702,#1702,#1704,.T.);
#1702 = VERTEX_POINT('',#1703);
#1703 = CARTESIAN_POINT('',(190.3095,-102.1036,0.32116));
#1704 = CIRCLE('',#1705,1.545);
#1705 = AXIS2_PLACEMENT_3D('',#1706,#1707,#1708);
#1706 = CARTESIAN_POINT('',(190.3095,-100.5586,0.32116));
#1707 = DIRECTION('',(-0.,0.,-1.));
#1708 = DIRECTION('',(-0.,-1.,0.));
#1709 = FACE_BOUND('',#1710,.T.);
#1710 = EDGE_LOOP('',(#1711));
#1711 = ORIENTED_EDGE('',*,*,#1712,.T.);
#1712 = EDGE_CURVE('',#1713,#1713,#1715,.T.);
#1713 = VERTEX_POINT('',#1714);
#1714 = CARTESIAN_POINT('',(182.3995,-90.9514,0.32116));
#1715 = CIRCLE('',#1716,0.53);
#1716 = AXIS2_PLACEMENT_3D('',#1717,#1718,#1719);
#1717 = CARTESIAN_POINT('',(182.3995,-90.4214,0.32116));
#1718 = DIRECTION('',(-0.,0.,-1.));
#1719 = DIRECTION('',(-0.,-1.,0.));
#1720 = FACE_BOUND('',#1721,.T.);
#1721 = EDGE_LOOP('',(#1722));
#1722 = ORIENTED_EDGE('',*,*,#1723,.T.);
#1723 = EDGE_CURVE('',#1724,#1724,#1726,.T.);
#1724 = VERTEX_POINT('',#1725);
#1725 = CARTESIAN_POINT('',(182.3995,-87.4514,0.32116));
#1726 = CIRCLE('',#1727,0.53);
#1727 = AXIS2_PLACEMENT_3D('',#1728,#1729,#1730);
#1728 = CARTESIAN_POINT('',(182.3995,-86.9214,0.32116));
#1729 = DIRECTION('',(-0.,0.,-1.));
#1730 = DIRECTION('',(-0.,-1.,0.));
#1731 = FACE_BOUND('',#1732,.T.);
#1732 = EDGE_LOOP('',(#1733));
#1733 = ORIENTED_EDGE('',*,*,#1734,.T.);
#1734 = EDGE_CURVE('',#1735,#1735,#1737,.T.);
#1735 = VERTEX_POINT('',#1736);
#1736 = CARTESIAN_POINT('',(190.3095,-90.2164,0.32116));
#1737 = CIRCLE('',#1738,1.545);
#1738 = AXIS2_PLACEMENT_3D('',#1739,#1740,#1741);
#1739 = CARTESIAN_POINT('',(190.3095,-88.6714,0.32116));
#1740 = DIRECTION('',(-0.,0.,-1.));
#1741 = DIRECTION('',(-0.,-1.,0.));
#1742 = FACE_BOUND('',#1743,.T.);
#1743 = EDGE_LOOP('',(#1744));
#1744 = ORIENTED_EDGE('',*,*,#1745,.T.);
#1745 = EDGE_CURVE('',#1746,#1746,#1748,.T.);
#1746 = VERTEX_POINT('',#1747);
#1747 = CARTESIAN_POINT('',(213.0931,-77.1118,0.32116));
#1748 = CIRCLE('',#1749,1.75);
#1749 = AXIS2_PLACEMENT_3D('',#1750,#1751,#1752);
#1750 = CARTESIAN_POINT('',(213.0931,-75.3618,0.32116));
#1751 = DIRECTION('',(-0.,0.,-1.));
#1752 = DIRECTION('',(-0.,-1.,0.));
#1753 = FACE_BOUND('',#1754,.T.);
#1754 = EDGE_LOOP('',(#1755));
#1755 = ORIENTED_EDGE('',*,*,#1756,.F.);
#1756 = EDGE_CURVE('',#1757,#1757,#1759,.T.);
#1757 = VERTEX_POINT('',#1758);
#1758 = CARTESIAN_POINT('',(160.93311,-43.4232,0.32116));
#1759 = CIRCLE('',#1760,1.75001);
#1760 = AXIS2_PLACEMENT_3D('',#1761,#1762,#1763);
#1761 = CARTESIAN_POINT('',(159.1831,-43.4232,0.32116));
#1762 = DIRECTION('',(0.,0.,1.));
#1763 = DIRECTION('',(1.,0.,-0.));
#1764 = PLANE('',#1765);
#1765 = AXIS2_PLACEMENT_3D('',#1766,#1767,#1768);
#1766 = CARTESIAN_POINT('',(0.,0.,0.32116));
#1767 = DIRECTION('',(0.,0.,1.));
#1768 = DIRECTION('',(1.,0.,-0.));
#1769 = ADVANCED_FACE('',(#1770),#1781,.T.);
#1770 = FACE_BOUND('',#1771,.T.);
#1771 = EDGE_LOOP('',(#1772,#1778,#1779,#1780));
#1772 = ORIENTED_EDGE('',*,*,#1773,.T.);
#1773 = EDGE_CURVE('',#146,#961,#1774,.T.);
#1774 = LINE('',#1775,#1776);
#1775 = CARTESIAN_POINT('',(71.85874,-43.483,0.));
#1776 = VECTOR('',#1777,1.);
#1777 = DIRECTION('',(0.,0.,1.));
#1778 = ORIENTED_EDGE('',*,*,#960,.T.);
#1779 = ORIENTED_EDGE('',*,*,#81,.F.);
#1780 = ORIENTED_EDGE('',*,*,#145,.F.);
#1781 = CYLINDRICAL_SURFACE('',#1782,3.058560056902);
#1782 = AXIS2_PLACEMENT_3D('',#1783,#1784,#1785);
#1783 = CARTESIAN_POINT('',(74.917300056902,-43.4830000569,0.));
#1784 = DIRECTION('',(0.,0.,-1.));
#1785 = DIRECTION('',(-1.,1.860360892566E-08,0.));
#1786 = ADVANCED_FACE('',(#1787),#1798,.T.);
#1787 = FACE_BOUND('',#1788,.T.);
#1788 = EDGE_LOOP('',(#1789,#1790,#1791,#1797));
#1789 = ORIENTED_EDGE('',*,*,#121,.T.);
#1790 = ORIENTED_EDGE('',*,*,#1241,.T.);
#1791 = ORIENTED_EDGE('',*,*,#1792,.F.);
#1792 = EDGE_CURVE('',#419,#1234,#1793,.T.);
#1793 = LINE('',#1794,#1795);
#1794 = CARTESIAN_POINT('',(217.5481,-71.4756,0.));
#1795 = VECTOR('',#1796,1.);
#1796 = DIRECTION('',(0.,0.,1.));
#1797 = ORIENTED_EDGE('',*,*,#426,.F.);
#1798 = PLANE('',#1799);
#1799 = AXIS2_PLACEMENT_3D('',#1800,#1801,#1802);
#1800 = CARTESIAN_POINT('',(216.48133,-70.32282,0.));
#1801 = DIRECTION('',(0.733957079775,0.67919585176,-0.));
#1802 = DIRECTION('',(0.67919585176,-0.733957079775,0.));
#1803 = ADVANCED_FACE('',(#1804),#1815,.T.);
#1804 = FACE_BOUND('',#1805,.T.);
#1805 = EDGE_LOOP('',(#1806,#1812,#1813,#1814));
#1806 = ORIENTED_EDGE('',*,*,#1807,.T.);
#1807 = EDGE_CURVE('',#155,#970,#1808,.T.);
#1808 = LINE('',#1809,#1810);
#1809 = CARTESIAN_POINT('',(71.9201,-70.4596,0.));
#1810 = VECTOR('',#1811,1.);
#1811 = DIRECTION('',(0.,0.,1.));
#1812 = ORIENTED_EDGE('',*,*,#969,.T.);
#1813 = ORIENTED_EDGE('',*,*,#1773,.F.);
#1814 = ORIENTED_EDGE('',*,*,#154,.F.);
#1815 = PLANE('',#1816);
#1816 = AXIS2_PLACEMENT_3D('',#1817,#1818,#1819);
#1817 = CARTESIAN_POINT('',(71.9201,-70.4596,0.));
#1818 = DIRECTION('',(-0.99999741319,-2.274557997425E-03,0.));
#1819 = DIRECTION('',(-2.274557997425E-03,0.99999741319,0.));
#1820 = ADVANCED_FACE('',(#1821),#1832,.T.);
#1821 = FACE_BOUND('',#1822,.T.);
#1822 = EDGE_LOOP('',(#1823,#1824,#1825,#1831));
#1823 = ORIENTED_EDGE('',*,*,#1792,.T.);
#1824 = ORIENTED_EDGE('',*,*,#1233,.T.);
#1825 = ORIENTED_EDGE('',*,*,#1826,.F.);
#1826 = EDGE_CURVE('',#411,#1226,#1827,.T.);
#1827 = LINE('',#1828,#1829);
#1828 = CARTESIAN_POINT('',(217.5481,-107.2516,0.));
#1829 = VECTOR('',#1830,1.);
#1830 = DIRECTION('',(0.,0.,1.));
#1831 = ORIENTED_EDGE('',*,*,#418,.F.);
#1832 = PLANE('',#1833);
#1833 = AXIS2_PLACEMENT_3D('',#1834,#1835,#1836);
#1834 = CARTESIAN_POINT('',(217.5481,-71.4756,0.));
#1835 = DIRECTION('',(1.,0.,-0.));
#1836 = DIRECTION('',(0.,-1.,0.));
#1837 = ADVANCED_FACE('',(#1838),#1849,.T.);
#1838 = FACE_BOUND('',#1839,.T.);
#1839 = EDGE_LOOP('',(#1840,#1846,#1847,#1848));
#1840 = ORIENTED_EDGE('',*,*,#1841,.T.);
#1841 = EDGE_CURVE('',#163,#978,#1842,.T.);
#1842 = LINE('',#1843,#1844);
#1843 = CARTESIAN_POINT('',(70.276839,-72.10285,0.));
#1844 = VECTOR('',#1845,1.);
#1845 = DIRECTION('',(0.,0.,1.));
#1846 = ORIENTED_EDGE('',*,*,#977,.T.);
#1847 = ORIENTED_EDGE('',*,*,#1807,.F.);
#1848 = ORIENTED_EDGE('',*,*,#162,.F.);
#1849 = PLANE('',#1850);
#1850 = AXIS2_PLACEMENT_3D('',#1851,#1852,#1853);
#1851 = CARTESIAN_POINT('',(70.276839,-72.10285,0.));
#1852 = DIRECTION('',(-0.707104414486,0.707109147879,0.));
#1853 = DIRECTION('',(0.707109147879,0.707104414486,0.));
#1854 = ADVANCED_FACE('',(#1855),#1866,.T.);
#1855 = FACE_BOUND('',#1856,.T.);
#1856 = EDGE_LOOP('',(#1857,#1858,#1859,#1865));
#1857 = ORIENTED_EDGE('',*,*,#1826,.T.);
#1858 = ORIENTED_EDGE('',*,*,#1225,.T.);
#1859 = ORIENTED_EDGE('',*,*,#1860,.F.);
#1860 = EDGE_CURVE('',#402,#1217,#1861,.T.);
#1861 = LINE('',#1862,#1863);
#1862 = CARTESIAN_POINT('',(217.081427,-107.629538,0.));
#1863 = VECTOR('',#1864,1.);
#1864 = DIRECTION('',(0.,0.,1.));
#1865 = ORIENTED_EDGE('',*,*,#410,.F.);
#1866 = PLANE('',#1867);
#1867 = AXIS2_PLACEMENT_3D('',#1868,#1869,#1870);
#1868 = CARTESIAN_POINT('',(217.5481,-107.2516,0.));
#1869 = DIRECTION('',(0.629354239052,-0.777118550665,0.));
#1870 = DIRECTION('',(-0.777118550665,-0.629354239052,0.));
#1871 = ADVANCED_FACE('',(#1872),#1883,.T.);
#1872 = FACE_BOUND('',#1873,.T.);
#1873 = EDGE_LOOP('',(#1874,#1880,#1881,#1882));
#1874 = ORIENTED_EDGE('',*,*,#1875,.T.);
#1875 = EDGE_CURVE('',#171,#986,#1876,.T.);
#1876 = LINE('',#1877,#1878);
#1877 = CARTESIAN_POINT('',(69.844011,-73.507511,0.));
#1878 = VECTOR('',#1879,1.);
#1879 = DIRECTION('',(0.,0.,1.));
#1880 = ORIENTED_EDGE('',*,*,#985,.T.);
#1881 = ORIENTED_EDGE('',*,*,#1841,.F.);
#1882 = ORIENTED_EDGE('',*,*,#170,.F.);
#1883 = CYLINDRICAL_SURFACE('',#1884,2.087688515566);
#1884 = AXIS2_PLACEMENT_3D('',#1885,#1886,#1887);
#1885 = CARTESIAN_POINT('',(71.927838451003,-73.38059964324,0.));
#1886 = DIRECTION('',(0.,0.,-1.));
#1887 = DIRECTION('',(-0.998150555251,-6.079036973578E-02,-0.));
#1888 = ADVANCED_FACE('',(#1889),#1900,.F.);
#1889 = FACE_BOUND('',#1890,.T.);
#1890 = EDGE_LOOP('',(#1891,#1892,#1893,#1899));
#1891 = ORIENTED_EDGE('',*,*,#1860,.T.);
#1892 = ORIENTED_EDGE('',*,*,#1216,.T.);
#1893 = ORIENTED_EDGE('',*,*,#1894,.F.);
#1894 = EDGE_CURVE('',#394,#1209,#1895,.T.);
#1895 = LINE('',#1896,#1897);
#1896 = CARTESIAN_POINT('',(214.952597,-109.589639,0.));
#1897 = VECTOR('',#1898,1.);
#1898 = DIRECTION('',(0.,0.,1.));
#1899 = ORIENTED_EDGE('',*,*,#401,.F.);
#1900 = CYLINDRICAL_SURFACE('',#1901,3.75920122819);
#1901 = AXIS2_PLACEMENT_3D('',#1902,#1903,#1904);
#1902 = CARTESIAN_POINT('',(218.36715062425,-111.1620312605,0.));
#1903 = DIRECTION('',(-0.,-0.,-1.));
#1904 = DIRECTION('',(-0.342020430992,0.939692516084,0.));
#1905 = ADVANCED_FACE('',(#1906),#1917,.T.);
#1906 = FACE_BOUND('',#1907,.T.);
#1907 = EDGE_LOOP('',(#1908,#1914,#1915,#1916));
#1908 = ORIENTED_EDGE('',*,*,#1909,.T.);
#1909 = EDGE_CURVE('',#180,#995,#1910,.T.);
#1910 = LINE('',#1911,#1912);
#1911 = CARTESIAN_POINT('',(69.844022,-106.095799,0.));
#1912 = VECTOR('',#1913,1.);
#1913 = DIRECTION('',(0.,0.,1.));
#1914 = ORIENTED_EDGE('',*,*,#994,.T.);
#1915 = ORIENTED_EDGE('',*,*,#1875,.F.);
#1916 = ORIENTED_EDGE('',*,*,#179,.F.);
#1917 = PLANE('',#1918);
#1918 = AXIS2_PLACEMENT_3D('',#1919,#1920,#1921);
#1919 = CARTESIAN_POINT('',(69.844022,-106.095799,0.));
#1920 = DIRECTION('',(-1.,-3.375445804532E-07,0.));
#1921 = DIRECTION('',(-3.375445804532E-07,1.,0.));
#1922 = ADVANCED_FACE('',(#1923),#1934,.T.);
#1923 = FACE_BOUND('',#1924,.T.);
#1924 = EDGE_LOOP('',(#1925,#1926,#1927,#1933));
#1925 = ORIENTED_EDGE('',*,*,#1894,.T.);
#1926 = ORIENTED_EDGE('',*,*,#1208,.T.);
#1927 = ORIENTED_EDGE('',*,*,#1928,.F.);
#1928 = EDGE_CURVE('',#386,#1201,#1929,.T.);
#1929 = LINE('',#1930,#1931);
#1930 = CARTESIAN_POINT('',(213.89741,-110.60029,0.));
#1931 = VECTOR('',#1932,1.);
#1932 = DIRECTION('',(0.,0.,1.));
#1933 = ORIENTED_EDGE('',*,*,#393,.F.);
#1934 = PLANE('',#1935);
#1935 = AXIS2_PLACEMENT_3D('',#1936,#1937,#1938);
#1936 = CARTESIAN_POINT('',(214.952597,-109.589639,0.));
#1937 = DIRECTION('',(0.691702026314,-0.72218301475,0.));
#1938 = DIRECTION('',(-0.72218301475,-0.691702026314,0.));
#1939 = ADVANCED_FACE('',(#1940),#1951,.T.);
#1940 = FACE_BOUND('',#1941,.T.);
#1941 = EDGE_LOOP('',(#1942,#1948,#1949,#1950));
#1942 = ORIENTED_EDGE('',*,*,#1943,.T.);
#1943 = EDGE_CURVE('',#188,#1003,#1944,.T.);
#1944 = LINE('',#1945,#1946);
#1945 = CARTESIAN_POINT('',(70.932093,-108.272396,0.));
#1946 = VECTOR('',#1947,1.);
#1947 = DIRECTION('',(0.,0.,1.));
#1948 = ORIENTED_EDGE('',*,*,#1002,.T.);
#1949 = ORIENTED_EDGE('',*,*,#1909,.F.);
#1950 = ORIENTED_EDGE('',*,*,#187,.F.);
#1951 = CYLINDRICAL_SURFACE('',#1952,3.074981939787);
#1952 = AXIS2_PLACEMENT_3D('',#1953,#1954,#1955);
#1953 = CARTESIAN_POINT('',(72.914052356937,-105.9213640909,0.));
#1954 = DIRECTION('',(0.,0.,-1.));
#1955 = DIRECTION('',(-0.64454341383,-0.764567712952,-0.));
#1956 = ADVANCED_FACE('',(#1957),#1968,.T.);
#1957 = FACE_BOUND('',#1958,.T.);
#1958 = EDGE_LOOP('',(#1959,#1960,#1961,#1967));
#1959 = ORIENTED_EDGE('',*,*,#1928,.T.);
#1960 = ORIENTED_EDGE('',*,*,#1200,.T.);
#1961 = ORIENTED_EDGE('',*,*,#1962,.F.);
#1962 = EDGE_CURVE('',#378,#1193,#1963,.T.);
#1963 = LINE('',#1964,#1965);
#1964 = CARTESIAN_POINT('',(213.91801,-116.96976,0.));
#1965 = VECTOR('',#1966,1.);
#1966 = DIRECTION('',(0.,0.,1.));
#1967 = ORIENTED_EDGE('',*,*,#385,.F.);
#1968 = PLANE('',#1969);
#1969 = AXIS2_PLACEMENT_3D('',#1970,#1971,#1972);
#1970 = CARTESIAN_POINT('',(213.89741,-110.60029,0.));
#1971 = DIRECTION('',(0.999994770087,3.234161125462E-03,-0.));
#1972 = DIRECTION('',(3.234161125462E-03,-0.999994770087,0.));
#1973 = ADVANCED_FACE('',(#1974),#1985,.T.);
#1974 = FACE_BOUND('',#1975,.T.);
#1975 = EDGE_LOOP('',(#1976,#1982,#1983,#1984));
#1976 = ORIENTED_EDGE('',*,*,#1977,.T.);
#1977 = EDGE_CURVE('',#197,#1012,#1978,.T.);
#1978 = LINE('',#1979,#1980);
#1979 = CARTESIAN_POINT('',(74.2061,-111.6076,0.));
#1980 = VECTOR('',#1981,1.);
#1981 = DIRECTION('',(0.,0.,1.));
#1982 = ORIENTED_EDGE('',*,*,#1011,.T.);
#1983 = ORIENTED_EDGE('',*,*,#1943,.F.);
#1984 = ORIENTED_EDGE('',*,*,#196,.F.);
#1985 = PLANE('',#1986);
#1986 = AXIS2_PLACEMENT_3D('',#1987,#1988,#1989);
#1987 = CARTESIAN_POINT('',(74.2061,-111.6076,0.));
#1988 = DIRECTION('',(-0.713623539784,-0.700529402285,0.));
#1989 = DIRECTION('',(-0.700529402285,0.713623539784,0.));
#1990 = ADVANCED_FACE('',(#1991),#2002,.T.);
#1991 = FACE_BOUND('',#1992,.T.);
#1992 = EDGE_LOOP('',(#1993,#1994,#1995,#2001));
#1993 = ORIENTED_EDGE('',*,*,#1962,.T.);
#1994 = ORIENTED_EDGE('',*,*,#1192,.T.);
#1995 = ORIENTED_EDGE('',*,*,#1996,.F.);
#1996 = EDGE_CURVE('',#370,#1185,#1997,.T.);
#1997 = LINE('',#1998,#1999);
#1998 = CARTESIAN_POINT('',(213.91801,-118.3358,0.));
#1999 = VECTOR('',#2000,1.);
#2000 = DIRECTION('',(0.,0.,1.));
#2001 = ORIENTED_EDGE('',*,*,#377,.F.);
#2002 = PLANE('',#2003);
#2003 = AXIS2_PLACEMENT_3D('',#2004,#2005,#2006);
#2004 = CARTESIAN_POINT('',(213.91801,-116.96976,0.));
#2005 = DIRECTION('',(1.,0.,-0.));
#2006 = DIRECTION('',(0.,-1.,0.));
#2007 = ADVANCED_FACE('',(#2008),#2019,.T.);
#2008 = FACE_BOUND('',#2009,.T.);
#2009 = EDGE_LOOP('',(#2010,#2016,#2017,#2018));
#2010 = ORIENTED_EDGE('',*,*,#2011,.T.);
#2011 = EDGE_CURVE('',#205,#1020,#2012,.T.);
#2012 = LINE('',#2013,#2014);
#2013 = CARTESIAN_POINT('',(74.2061,-112.3696,0.));
#2014 = VECTOR('',#2015,1.);
#2015 = DIRECTION('',(0.,0.,1.));
#2016 = ORIENTED_EDGE('',*,*,#1019,.T.);
#2017 = ORIENTED_EDGE('',*,*,#1977,.F.);
#2018 = ORIENTED_EDGE('',*,*,#204,.F.);
#2019 = PLANE('',#2020);
#2020 = AXIS2_PLACEMENT_3D('',#2021,#2022,#2023);
#2021 = CARTESIAN_POINT('',(74.2061,-112.3696,0.));
#2022 = DIRECTION('',(-1.,0.,0.));
#2023 = DIRECTION('',(0.,1.,0.));
#2024 = ADVANCED_FACE('',(#2025),#2036,.T.);
#2025 = FACE_BOUND('',#2026,.T.);
#2026 = EDGE_LOOP('',(#2027,#2028,#2029,#2035));
#2027 = ORIENTED_EDGE('',*,*,#1996,.T.);
#2028 = ORIENTED_EDGE('',*,*,#1184,.T.);
#2029 = ORIENTED_EDGE('',*,*,#2030,.F.);
#2030 = EDGE_CURVE('',#362,#1177,#2031,.T.);
#2031 = LINE('',#2032,#2033);
#2032 = CARTESIAN_POINT('',(200.067,-118.33881,0.));
#2033 = VECTOR('',#2034,1.);
#2034 = DIRECTION('',(0.,0.,1.));
#2035 = ORIENTED_EDGE('',*,*,#369,.F.);
#2036 = PLANE('',#2037);
#2037 = AXIS2_PLACEMENT_3D('',#2038,#2039,#2040);
#2038 = CARTESIAN_POINT('',(213.91801,-118.3358,0.));
#2039 = DIRECTION('',(2.173126673734E-04,-0.999999976388,0.));
#2040 = DIRECTION('',(-0.999999976388,-2.173126673734E-04,0.));
#2041 = ADVANCED_FACE('',(#2042),#2053,.T.);
#2042 = FACE_BOUND('',#2043,.T.);
#2043 = EDGE_LOOP('',(#2044,#2050,#2051,#2052));
#2044 = ORIENTED_EDGE('',*,*,#2045,.T.);
#2045 = EDGE_CURVE('',#213,#1028,#2046,.T.);
#2046 = LINE('',#2047,#2048);
#2047 = CARTESIAN_POINT('',(74.2315,-117.3212,0.));
#2048 = VECTOR('',#2049,1.);
#2049 = DIRECTION('',(0.,0.,1.));
#2050 = ORIENTED_EDGE('',*,*,#1027,.T.);
#2051 = ORIENTED_EDGE('',*,*,#2011,.F.);
#2052 = ORIENTED_EDGE('',*,*,#212,.F.);
#2053 = PLANE('',#2054);
#2054 = AXIS2_PLACEMENT_3D('',#2055,#2056,#2057);
#2055 = CARTESIAN_POINT('',(74.2315,-117.3212,0.));
#2056 = DIRECTION('',(-0.999986843579,-5.129587573088E-03,0.));
#2057 = DIRECTION('',(-5.129587573088E-03,0.999986843579,0.));
#2058 = ADVANCED_FACE('',(#2059),#2070,.T.);
#2059 = FACE_BOUND('',#2060,.T.);
#2060 = EDGE_LOOP('',(#2061,#2062,#2063,#2069));
#2061 = ORIENTED_EDGE('',*,*,#2030,.T.);
#2062 = ORIENTED_EDGE('',*,*,#1176,.T.);
#2063 = ORIENTED_EDGE('',*,*,#2064,.F.);
#2064 = EDGE_CURVE('',#354,#1169,#2065,.T.);
#2065 = LINE('',#2066,#2067);
#2066 = CARTESIAN_POINT('',(200.067,-127.68881,0.));
#2067 = VECTOR('',#2068,1.);
#2068 = DIRECTION('',(0.,0.,1.));
#2069 = ORIENTED_EDGE('',*,*,#361,.F.);
#2070 = PLANE('',#2071);
#2071 = AXIS2_PLACEMENT_3D('',#2072,#2073,#2074);
#2072 = CARTESIAN_POINT('',(200.067,-118.33881,0.));
#2073 = DIRECTION('',(1.,0.,-0.));
#2074 = DIRECTION('',(0.,-1.,0.));
#2075 = ADVANCED_FACE('',(#2076),#2087,.T.);
#2076 = FACE_BOUND('',#2077,.T.);
#2077 = EDGE_LOOP('',(#2078,#2084,#2085,#2086));
#2078 = ORIENTED_EDGE('',*,*,#2079,.T.);
#2079 = EDGE_CURVE('',#221,#1036,#2080,.T.);
#2080 = LINE('',#2081,#2082);
#2081 = CARTESIAN_POINT('',(88.0541,-117.3212,0.));
#2082 = VECTOR('',#2083,1.);
#2083 = DIRECTION('',(0.,0.,1.));
#2084 = ORIENTED_EDGE('',*,*,#1035,.T.);
#2085 = ORIENTED_EDGE('',*,*,#2045,.F.);
#2086 = ORIENTED_EDGE('',*,*,#220,.F.);
#2087 = PLANE('',#2088);
#2088 = AXIS2_PLACEMENT_3D('',#2089,#2090,#2091);
#2089 = CARTESIAN_POINT('',(88.0541,-117.3212,0.));
#2090 = DIRECTION('',(0.,-1.,0.));
#2091 = DIRECTION('',(-1.,0.,0.));
#2092 = ADVANCED_FACE('',(#2093),#2104,.T.);
#2093 = FACE_BOUND('',#2094,.T.);
#2094 = EDGE_LOOP('',(#2095,#2096,#2097,#2103));
#2095 = ORIENTED_EDGE('',*,*,#2064,.T.);
#2096 = ORIENTED_EDGE('',*,*,#1168,.T.);
#2097 = ORIENTED_EDGE('',*,*,#2098,.F.);
#2098 = EDGE_CURVE('',#346,#1161,#2099,.T.);
#2099 = LINE('',#2100,#2101);
#2100 = CARTESIAN_POINT('',(213.8896,-127.68881,0.));
#2101 = VECTOR('',#2102,1.);
#2102 = DIRECTION('',(0.,0.,1.));
#2103 = ORIENTED_EDGE('',*,*,#353,.F.);
#2104 = PLANE('',#2105);
#2105 = AXIS2_PLACEMENT_3D('',#2106,#2107,#2108);
#2106 = CARTESIAN_POINT('',(200.067,-127.68881,0.));
#2107 = DIRECTION('',(0.,1.,0.));
#2108 = DIRECTION('',(1.,0.,0.));
#2109 = ADVANCED_FACE('',(#2110),#2121,.T.);
#2110 = FACE_BOUND('',#2111,.T.);
#2111 = EDGE_LOOP('',(#2112,#2118,#2119,#2120));
#2112 = ORIENTED_EDGE('',*,*,#2113,.T.);
#2113 = EDGE_CURVE('',#229,#1044,#2114,.T.);
#2114 = LINE('',#2115,#2116);
#2115 = CARTESIAN_POINT('',(88.0541,-126.6712,0.));
#2116 = VECTOR('',#2117,1.);
#2117 = DIRECTION('',(0.,0.,1.));
#2118 = ORIENTED_EDGE('',*,*,#1043,.T.);
#2119 = ORIENTED_EDGE('',*,*,#2079,.F.);
#2120 = ORIENTED_EDGE('',*,*,#228,.F.);
#2121 = PLANE('',#2122);
#2122 = AXIS2_PLACEMENT_3D('',#2123,#2124,#2125);
#2123 = CARTESIAN_POINT('',(88.0541,-126.6712,0.));
#2124 = DIRECTION('',(-1.,0.,0.));
#2125 = DIRECTION('',(0.,1.,0.));
#2126 = ADVANCED_FACE('',(#2127),#2138,.T.);
#2127 = FACE_BOUND('',#2128,.T.);
#2128 = EDGE_LOOP('',(#2129,#2130,#2131,#2137));
#2129 = ORIENTED_EDGE('',*,*,#2098,.T.);
#2130 = ORIENTED_EDGE('',*,*,#1160,.T.);
#2131 = ORIENTED_EDGE('',*,*,#2132,.F.);
#2132 = EDGE_CURVE('',#337,#1152,#2133,.T.);
#2133 = LINE('',#2134,#2135);
#2134 = CARTESIAN_POINT('',(213.889596,-134.442198,0.));
#2135 = VECTOR('',#2136,1.);
#2136 = DIRECTION('',(0.,0.,1.));
#2137 = ORIENTED_EDGE('',*,*,#345,.F.);
#2138 = PLANE('',#2139);
#2139 = AXIS2_PLACEMENT_3D('',#2140,#2141,#2142);
#2140 = CARTESIAN_POINT('',(213.8896,-127.68881,0.));
#2141 = DIRECTION('',(1.,-5.922953027281E-07,0.));
#2142 = DIRECTION('',(-5.922953027281E-07,-1.,0.));
#2143 = ADVANCED_FACE('',(#2144),#2155,.T.);
#2144 = FACE_BOUND('',#2145,.T.);
#2145 = EDGE_LOOP('',(#2146,#2152,#2153,#2154));
#2146 = ORIENTED_EDGE('',*,*,#2147,.T.);
#2147 = EDGE_CURVE('',#237,#1052,#2148,.T.);
#2148 = LINE('',#2149,#2150);
#2149 = CARTESIAN_POINT('',(74.23386,-126.69895,0.));
#2150 = VECTOR('',#2151,1.);
#2151 = DIRECTION('',(0.,0.,1.));
#2152 = ORIENTED_EDGE('',*,*,#1051,.T.);
#2153 = ORIENTED_EDGE('',*,*,#2113,.F.);
#2154 = ORIENTED_EDGE('',*,*,#236,.F.);
#2155 = PLANE('',#2156);
#2156 = AXIS2_PLACEMENT_3D('',#2157,#2158,#2159);
#2157 = CARTESIAN_POINT('',(74.23386,-126.69895,0.));
#2158 = DIRECTION('',(-2.0079205614E-03,0.999997984125,0.));
#2159 = DIRECTION('',(0.999997984125,2.0079205614E-03,0.));
#2160 = ADVANCED_FACE('',(#2161),#2172,.T.);
#2161 = FACE_BOUND('',#2162,.T.);
#2162 = EDGE_LOOP('',(#2163,#2164,#2165,#2171));
#2163 = ORIENTED_EDGE('',*,*,#2132,.T.);
#2164 = ORIENTED_EDGE('',*,*,#1151,.T.);
#2165 = ORIENTED_EDGE('',*,*,#2166,.F.);
#2166 = EDGE_CURVE('',#329,#1144,#2167,.T.);
#2167 = LINE('',#2168,#2169);
#2168 = CARTESIAN_POINT('',(212.955778,-136.501631,0.));
#2169 = VECTOR('',#2170,1.);
#2170 = DIRECTION('',(0.,0.,1.));
#2171 = ORIENTED_EDGE('',*,*,#336,.F.);
#2172 = CYLINDRICAL_SURFACE('',#2173,2.7476508872);
#2173 = AXIS2_PLACEMENT_3D('',#2174,#2175,#2176);
#2174 = CARTESIAN_POINT('',(211.14194871464,-134.4377490456,0.));
#2175 = DIRECTION('',(0.,0.,-1.));
#2176 = DIRECTION('',(0.99999868912,-1.619184727912E-03,0.));
#2177 = ADVANCED_FACE('',(#2178),#2189,.T.);
#2178 = FACE_BOUND('',#2179,.T.);
#2179 = EDGE_LOOP('',(#2180,#2186,#2187,#2188));
#2180 = ORIENTED_EDGE('',*,*,#2181,.T.);
#2181 = EDGE_CURVE('',#245,#1060,#2182,.T.);
#2182 = LINE('',#2183,#2184);
#2183 = CARTESIAN_POINT('',(74.233856,-131.92607,0.));
#2184 = VECTOR('',#2185,1.);
#2185 = DIRECTION('',(0.,0.,1.));
#2186 = ORIENTED_EDGE('',*,*,#1059,.T.);
#2187 = ORIENTED_EDGE('',*,*,#2147,.F.);
#2188 = ORIENTED_EDGE('',*,*,#244,.F.);
#2189 = PLANE('',#2190);
#2190 = AXIS2_PLACEMENT_3D('',#2191,#2192,#2193);
#2191 = CARTESIAN_POINT('',(74.233856,-131.92607,0.));
#2192 = DIRECTION('',(-1.,7.652397504E-07,0.));
#2193 = DIRECTION('',(7.652397504E-07,1.,0.));
#2194 = ADVANCED_FACE('',(#2195),#2206,.T.);
#2195 = FACE_BOUND('',#2196,.T.);
#2196 = EDGE_LOOP('',(#2197,#2198,#2199,#2205));
#2197 = ORIENTED_EDGE('',*,*,#2166,.T.);
#2198 = ORIENTED_EDGE('',*,*,#1143,.T.);
#2199 = ORIENTED_EDGE('',*,*,#2200,.F.);
#2200 = EDGE_CURVE('',#320,#1135,#2201,.T.);
#2201 = LINE('',#2202,#2203);
#2202 = CARTESIAN_POINT('',(178.650901,-167.468143,0.));
#2203 = VECTOR('',#2204,1.);
#2204 = DIRECTION('',(0.,0.,1.));
#2205 = ORIENTED_EDGE('',*,*,#328,.F.);
#2206 = PLANE('',#2207);
#2207 = AXIS2_PLACEMENT_3D('',#2208,#2209,#2210);
#2208 = CARTESIAN_POINT('',(212.955778,-136.501631,0.));
#2209 = DIRECTION('',(0.670065315807,-0.742302143707,0.));
#2210 = DIRECTION('',(-0.742302143707,-0.670065315807,0.));
#2211 = ADVANCED_FACE('',(#2212),#2223,.T.);
#2212 = FACE_BOUND('',#2213,.T.);
#2213 = EDGE_LOOP('',(#2214,#2220,#2221,#2222));
#2214 = ORIENTED_EDGE('',*,*,#2215,.T.);
#2215 = EDGE_CURVE('',#253,#1068,#2216,.T.);
#2216 = LINE('',#2217,#2218);
#2217 = CARTESIAN_POINT('',(75.1967,-133.299199,0.));
#2218 = VECTOR('',#2219,1.);
#2219 = DIRECTION('',(0.,0.,1.));
#2220 = ORIENTED_EDGE('',*,*,#1067,.T.);
#2221 = ORIENTED_EDGE('',*,*,#2181,.F.);
#2222 = ORIENTED_EDGE('',*,*,#252,.F.);
#2223 = CYLINDRICAL_SURFACE('',#2224,1.58755009961);
#2224 = AXIS2_PLACEMENT_3D('',#2225,#2226,#2227);
#2225 = CARTESIAN_POINT('',(75.819000083749,-131.8386997961,0.));
#2226 = DIRECTION('',(0.,0.,-1.));
#2227 = DIRECTION('',(-0.391987682091,-0.919970465335,-0.));
#2228 = ADVANCED_FACE('',(#2229),#2240,.T.);
#2229 = FACE_BOUND('',#2230,.T.);
#2230 = EDGE_LOOP('',(#2231,#2232,#2233,#2239));
#2231 = ORIENTED_EDGE('',*,*,#2200,.T.);
#2232 = ORIENTED_EDGE('',*,*,#1134,.T.);
#2233 = ORIENTED_EDGE('',*,*,#2234,.F.);
#2234 = EDGE_CURVE('',#312,#1127,#2235,.T.);
#2235 = LINE('',#2236,#2237);
#2236 = CARTESIAN_POINT('',(174.028494,-169.479985,0.));
#2237 = VECTOR('',#2238,1.);
#2238 = DIRECTION('',(0.,0.,1.));
#2239 = ORIENTED_EDGE('',*,*,#319,.F.);
#2240 = CYLINDRICAL_SURFACE('',#2241,6.175521520598);
#2241 = AXIS2_PLACEMENT_3D('',#2242,#2243,#2244);
#2242 = CARTESIAN_POINT('',(174.0898292719,-163.3047680778,0.));
#2243 = DIRECTION('',(0.,0.,-1.));
#2244 = DIRECTION('',(0.738572720196,-0.674173818078,0.));
#2245 = ADVANCED_FACE('',(#2246),#2257,.T.);
#2246 = FACE_BOUND('',#2247,.T.);
#2247 = EDGE_LOOP('',(#2248,#2254,#2255,#2256));
#2248 = ORIENTED_EDGE('',*,*,#2249,.T.);
#2249 = EDGE_CURVE('',#262,#1077,#2250,.T.);
#2250 = LINE('',#2251,#2252);
#2251 = CARTESIAN_POINT('',(112.12664,-154.48711,0.));
#2252 = VECTOR('',#2253,1.);
#2253 = DIRECTION('',(0.,0.,1.));
#2254 = ORIENTED_EDGE('',*,*,#1076,.T.);
#2255 = ORIENTED_EDGE('',*,*,#2215,.F.);
#2256 = ORIENTED_EDGE('',*,*,#261,.F.);
#2257 = PLANE('',#2258);
#2258 = AXIS2_PLACEMENT_3D('',#2259,#2260,#2261);
#2259 = CARTESIAN_POINT('',(112.12664,-154.48711,0.));
#2260 = DIRECTION('',(-0.497644739718,-0.86738095035,0.));
#2261 = DIRECTION('',(-0.86738095035,0.497644739718,0.));
#2262 = ADVANCED_FACE('',(#2263),#2274,.T.);
#2263 = FACE_BOUND('',#2264,.T.);
#2264 = EDGE_LOOP('',(#2265,#2266,#2267,#2273));
#2265 = ORIENTED_EDGE('',*,*,#2234,.T.);
#2266 = ORIENTED_EDGE('',*,*,#1126,.T.);
#2267 = ORIENTED_EDGE('',*,*,#2268,.F.);
#2268 = EDGE_CURVE('',#303,#1118,#2269,.T.);
#2269 = LINE('',#2270,#2271);
#2270 = CARTESIAN_POINT('',(156.959298,-169.494205,0.));
#2271 = VECTOR('',#2272,1.);
#2272 = DIRECTION('',(0.,0.,1.));
#2273 = ORIENTED_EDGE('',*,*,#311,.F.);
#2274 = PLANE('',#2275);
#2275 = AXIS2_PLACEMENT_3D('',#2276,#2277,#2278);
#2276 = CARTESIAN_POINT('',(174.028494,-169.479985,0.));
#2277 = DIRECTION('',(8.330793709032E-04,-0.999999652989,0.));
#2278 = DIRECTION('',(-0.999999652989,-8.330793709032E-04,0.));
#2279 = ADVANCED_FACE('',(#2280),#2291,.T.);
#2280 = FACE_BOUND('',#2281,.T.);
#2281 = EDGE_LOOP('',(#2282,#2288,#2289,#2290));
#2282 = ORIENTED_EDGE('',*,*,#2283,.T.);
#2283 = EDGE_CURVE('',#270,#1085,#2284,.T.);
#2284 = LINE('',#2285,#2286);
#2285 = CARTESIAN_POINT('',(142.07504,-154.4401,0.));
#2286 = VECTOR('',#2287,1.);
#2287 = DIRECTION('',(0.,0.,1.));
#2288 = ORIENTED_EDGE('',*,*,#1084,.T.);
#2289 = ORIENTED_EDGE('',*,*,#2249,.F.);
#2290 = ORIENTED_EDGE('',*,*,#269,.F.);
#2291 = PLANE('',#2292);
#2292 = AXIS2_PLACEMENT_3D('',#2293,#2294,#2295);
#2293 = CARTESIAN_POINT('',(142.07504,-154.4401,0.));
#2294 = DIRECTION('',(1.569697949967E-03,-0.999998768023,0.));
#2295 = DIRECTION('',(-0.999998768023,-1.569697949967E-03,0.));
#2296 = ADVANCED_FACE('',(#2297),#2308,.T.);
#2297 = FACE_BOUND('',#2298,.T.);
#2298 = EDGE_LOOP('',(#2299,#2300,#2301,#2307));
#2299 = ORIENTED_EDGE('',*,*,#2268,.T.);
#2300 = ORIENTED_EDGE('',*,*,#1117,.T.);
#2301 = ORIENTED_EDGE('',*,*,#2302,.F.);
#2302 = EDGE_CURVE('',#295,#1110,#2303,.T.);
#2303 = LINE('',#2304,#2305);
#2304 = CARTESIAN_POINT('',(156.197295,-168.787758,0.));
#2305 = VECTOR('',#2306,1.);
#2306 = DIRECTION('',(0.,0.,1.));
#2307 = ORIENTED_EDGE('',*,*,#302,.F.);
#2308 = CYLINDRICAL_SURFACE('',#2309,0.734751902884);
#2309 = AXIS2_PLACEMENT_3D('',#2310,#2311,#2312);
#2310 = CARTESIAN_POINT('',(156.93152156432,-168.7599783126,0.));
#2311 = DIRECTION('',(0.,0.,-1.));
#2312 = DIRECTION('',(3.780382951599E-02,-0.999285179753,0.));
#2313 = ADVANCED_FACE('',(#2314),#2325,.T.);
#2314 = FACE_BOUND('',#2315,.T.);
#2315 = EDGE_LOOP('',(#2316,#2322,#2323,#2324));
#2316 = ORIENTED_EDGE('',*,*,#2317,.T.);
#2317 = EDGE_CURVE('',#278,#1093,#2318,.T.);
#2318 = LINE('',#2319,#2320);
#2319 = CARTESIAN_POINT('',(155.4353,-154.457397,0.));
#2320 = VECTOR('',#2321,1.);
#2321 = DIRECTION('',(0.,0.,1.));
#2322 = ORIENTED_EDGE('',*,*,#1092,.T.);
#2323 = ORIENTED_EDGE('',*,*,#2283,.F.);
#2324 = ORIENTED_EDGE('',*,*,#277,.F.);
#2325 = PLANE('',#2326);
#2326 = AXIS2_PLACEMENT_3D('',#2327,#2328,#2329);
#2327 = CARTESIAN_POINT('',(155.4353,-154.457397,0.));
#2328 = DIRECTION('',(-1.294659348236E-03,-0.999999161928,0.));
#2329 = DIRECTION('',(-0.999999161928,1.294659348236E-03,0.));
#2330 = ADVANCED_FACE('',(#2331),#2342,.T.);
#2331 = FACE_BOUND('',#2332,.T.);
#2332 = EDGE_LOOP('',(#2333,#2334,#2335,#2341));
#2333 = ORIENTED_EDGE('',*,*,#2302,.T.);
#2334 = ORIENTED_EDGE('',*,*,#1109,.T.);
#2335 = ORIENTED_EDGE('',*,*,#2336,.F.);
#2336 = EDGE_CURVE('',#286,#1101,#2337,.T.);
#2337 = LINE('',#2338,#2339);
#2338 = CARTESIAN_POINT('',(156.197303,-155.2956,0.));
#2339 = VECTOR('',#2340,1.);
#2340 = DIRECTION('',(0.,0.,1.));
#2341 = ORIENTED_EDGE('',*,*,#294,.F.);
#2342 = PLANE('',#2343);
#2343 = AXIS2_PLACEMENT_3D('',#2344,#2345,#2346);
#2344 = CARTESIAN_POINT('',(156.197295,-168.787758,0.));
#2345 = DIRECTION('',(-1.,5.929370237305E-07,0.));
#2346 = DIRECTION('',(5.929370237305E-07,1.,0.));
#2347 = ADVANCED_FACE('',(#2348),#2354,.F.);
#2348 = FACE_BOUND('',#2349,.T.);
#2349 = EDGE_LOOP('',(#2350,#2351,#2352,#2353));
#2350 = ORIENTED_EDGE('',*,*,#2336,.T.);
#2351 = ORIENTED_EDGE('',*,*,#1100,.T.);
#2352 = ORIENTED_EDGE('',*,*,#2317,.F.);
#2353 = ORIENTED_EDGE('',*,*,#285,.F.);
#2354 = CYLINDRICAL_SURFACE('',#2355,0.801010464456);
#2355 = AXIS2_PLACEMENT_3D('',#2356,#2357,#2358);
#2356 = CARTESIAN_POINT('',(155.39719912239,-155.2575007978,0.));
#2357 = DIRECTION('',(-0.,-0.,-1.));
#2358 = DIRECTION('',(0.998868195998,-4.756392564868E-02,0.));
#2359 = ADVANCED_FACE('',(#2360),#2371,.F.);
#2360 = FACE_BOUND('',#2361,.T.);
#2361 = EDGE_LOOP('',(#2362,#2363,#2369,#2370));
#2362 = ORIENTED_EDGE('',*,*,#435,.T.);
#2363 = ORIENTED_EDGE('',*,*,#2364,.T.);
#2364 = EDGE_CURVE('',#436,#1251,#2365,.T.);
#2365 = LINE('',#2366,#2367);
#2366 = CARTESIAN_POINT('',(118.01995,-141.6868,-4.6E-02));
#2367 = VECTOR('',#2368,1.);
#2368 = DIRECTION('',(0.,0.,1.));
#2369 = ORIENTED_EDGE('',*,*,#1250,.F.);
#2370 = ORIENTED_EDGE('',*,*,#2364,.F.);
#2371 = CYLINDRICAL_SURFACE('',#2372,1.);
#2372 = AXIS2_PLACEMENT_3D('',#2373,#2374,#2375);
#2373 = CARTESIAN_POINT('',(118.01995,-140.6868,-4.6E-02));
#2374 = DIRECTION('',(-0.,-0.,-1.));
#2375 = DIRECTION('',(-0.,-1.,0.));
#2376 = ADVANCED_FACE('',(#2377),#2388,.F.);
#2377 = FACE_BOUND('',#2378,.T.);
#2378 = EDGE_LOOP('',(#2379,#2380,#2386,#2387));
#2379 = ORIENTED_EDGE('',*,*,#446,.T.);
#2380 = ORIENTED_EDGE('',*,*,#2381,.T.);
#2381 = EDGE_CURVE('',#447,#1262,#2382,.T.);
#2382 = LINE('',#2383,#2384);
#2383 = CARTESIAN_POINT('',(102.8065,-123.4196,-4.6E-02));
#2384 = VECTOR('',#2385,1.);
#2385 = DIRECTION('',(0.,0.,1.));
#2386 = ORIENTED_EDGE('',*,*,#1261,.F.);
#2387 = ORIENTED_EDGE('',*,*,#2381,.F.);
#2388 = CYLINDRICAL_SURFACE('',#2389,1.525);
#2389 = AXIS2_PLACEMENT_3D('',#2390,#2391,#2392);
#2390 = CARTESIAN_POINT('',(102.8065,-121.8946,-4.6E-02));
#2391 = DIRECTION('',(-0.,-0.,-1.));
#2392 = DIRECTION('',(-0.,-1.,0.));
#2393 = ADVANCED_FACE('',(#2394),#2405,.F.);
#2394 = FACE_BOUND('',#2395,.T.);
#2395 = EDGE_LOOP('',(#2396,#2397,#2403,#2404));
#2396 = ORIENTED_EDGE('',*,*,#457,.T.);
#2397 = ORIENTED_EDGE('',*,*,#2398,.T.);
#2398 = EDGE_CURVE('',#458,#1273,#2399,.T.);
#2399 = LINE('',#2400,#2401);
#2400 = CARTESIAN_POINT('',(77.8381,-115.1102,-4.6E-02));
#2401 = VECTOR('',#2402,1.);
#2402 = DIRECTION('',(0.,0.,1.));
#2403 = ORIENTED_EDGE('',*,*,#1272,.F.);
#2404 = ORIENTED_EDGE('',*,*,#2398,.F.);
#2405 = CYLINDRICAL_SURFACE('',#2406,1.75);
#2406 = AXIS2_PLACEMENT_3D('',#2407,#2408,#2409);
#2407 = CARTESIAN_POINT('',(77.8381,-113.3602,-4.6E-02));
#2408 = DIRECTION('',(-0.,-0.,-1.));
#2409 = DIRECTION('',(-0.,-1.,0.));
#2410 = ADVANCED_FACE('',(#2411),#2422,.F.);
#2411 = FACE_BOUND('',#2412,.T.);
#2412 = EDGE_LOOP('',(#2413,#2414,#2420,#2421));
#2413 = ORIENTED_EDGE('',*,*,#468,.T.);
#2414 = ORIENTED_EDGE('',*,*,#2415,.T.);
#2415 = EDGE_CURVE('',#469,#1284,#2416,.T.);
#2416 = LINE('',#2417,#2418);
#2417 = CARTESIAN_POINT('',(84.7725,-109.9762,-4.6E-02));
#2418 = VECTOR('',#2419,1.);
#2419 = DIRECTION('',(0.,0.,1.));
#2420 = ORIENTED_EDGE('',*,*,#1283,.F.);
#2421 = ORIENTED_EDGE('',*,*,#2415,.F.);
#2422 = CYLINDRICAL_SURFACE('',#2423,0.45);
#2423 = AXIS2_PLACEMENT_3D('',#2424,#2425,#2426);
#2424 = CARTESIAN_POINT('',(84.7725,-109.5262,-4.6E-02));
#2425 = DIRECTION('',(-0.,-0.,-1.));
#2426 = DIRECTION('',(-3.157967714489E-14,-1.,0.));
#2427 = ADVANCED_FACE('',(#2428),#2439,.F.);
#2428 = FACE_BOUND('',#2429,.T.);
#2429 = EDGE_LOOP('',(#2430,#2431,#2437,#2438));
#2430 = ORIENTED_EDGE('',*,*,#479,.T.);
#2431 = ORIENTED_EDGE('',*,*,#2432,.T.);
#2432 = EDGE_CURVE('',#480,#1295,#2433,.T.);
#2433 = LINE('',#2434,#2435);
#2434 = CARTESIAN_POINT('',(84.7725,-106.9762,-4.6E-02));
#2435 = VECTOR('',#2436,1.);
#2436 = DIRECTION('',(0.,0.,1.));
#2437 = ORIENTED_EDGE('',*,*,#1294,.F.);
#2438 = ORIENTED_EDGE('',*,*,#2432,.F.);
#2439 = CYLINDRICAL_SURFACE('',#2440,0.45);
#2440 = AXIS2_PLACEMENT_3D('',#2441,#2442,#2443);
#2441 = CARTESIAN_POINT('',(84.7725,-106.5262,-4.6E-02));
#2442 = DIRECTION('',(-0.,-0.,-1.));
#2443 = DIRECTION('',(-3.157967714489E-14,-1.,0.));
#2444 = ADVANCED_FACE('',(#2445),#2456,.F.);
#2445 = FACE_BOUND('',#2446,.T.);
#2446 = EDGE_LOOP('',(#2447,#2448,#2454,#2455));
#2447 = ORIENTED_EDGE('',*,*,#490,.T.);
#2448 = ORIENTED_EDGE('',*,*,#2449,.T.);
#2449 = EDGE_CURVE('',#491,#1306,#2450,.T.);
#2450 = LINE('',#2451,#2452);
#2451 = CARTESIAN_POINT('',(94.5261,-109.9856,-4.6E-02));
#2452 = VECTOR('',#2453,1.);
#2453 = DIRECTION('',(0.,0.,1.));
#2454 = ORIENTED_EDGE('',*,*,#1305,.F.);
#2455 = ORIENTED_EDGE('',*,*,#2449,.F.);
#2456 = CYLINDRICAL_SURFACE('',#2457,0.45);
#2457 = AXIS2_PLACEMENT_3D('',#2458,#2459,#2460);
#2458 = CARTESIAN_POINT('',(94.5261,-109.5356,-4.6E-02));
#2459 = DIRECTION('',(-0.,-0.,-1.));
#2460 = DIRECTION('',(-0.,-1.,0.));
#2461 = ADVANCED_FACE('',(#2462),#2473,.F.);
#2462 = FACE_BOUND('',#2463,.T.);
#2463 = EDGE_LOOP('',(#2464,#2465,#2471,#2472));
#2464 = ORIENTED_EDGE('',*,*,#501,.T.);
#2465 = ORIENTED_EDGE('',*,*,#2466,.T.);
#2466 = EDGE_CURVE('',#502,#1317,#2467,.T.);
#2467 = LINE('',#2468,#2469);
#2468 = CARTESIAN_POINT('',(109.3597,-136.6868,-4.6E-02));
#2469 = VECTOR('',#2470,1.);
#2470 = DIRECTION('',(0.,0.,1.));
#2471 = ORIENTED_EDGE('',*,*,#1316,.F.);
#2472 = ORIENTED_EDGE('',*,*,#2466,.F.);
#2473 = CYLINDRICAL_SURFACE('',#2474,1.);
#2474 = AXIS2_PLACEMENT_3D('',#2475,#2476,#2477);
#2475 = CARTESIAN_POINT('',(109.3597,-135.6868,-4.6E-02));
#2476 = DIRECTION('',(-0.,-0.,-1.));
#2477 = DIRECTION('',(-0.,-1.,0.));
#2478 = ADVANCED_FACE('',(#2479),#2490,.F.);
#2479 = FACE_BOUND('',#2480,.T.);
#2480 = EDGE_LOOP('',(#2481,#2482,#2488,#2489));
#2481 = ORIENTED_EDGE('',*,*,#512,.T.);
#2482 = ORIENTED_EDGE('',*,*,#2483,.T.);
#2483 = EDGE_CURVE('',#513,#1328,#2484,.T.);
#2484 = LINE('',#2485,#2486);
#2485 = CARTESIAN_POINT('',(122.01995,-134.7586,-4.6E-02));
#2486 = VECTOR('',#2487,1.);
#2487 = DIRECTION('',(0.,0.,1.));
#2488 = ORIENTED_EDGE('',*,*,#1327,.F.);
#2489 = ORIENTED_EDGE('',*,*,#2483,.F.);
#2490 = CYLINDRICAL_SURFACE('',#2491,1.);
#2491 = AXIS2_PLACEMENT_3D('',#2492,#2493,#2494);
#2492 = CARTESIAN_POINT('',(122.01995,-133.7586,-4.6E-02));
#2493 = DIRECTION('',(-0.,-0.,-1.));
#2494 = DIRECTION('',(-0.,-1.,0.));
#2495 = ADVANCED_FACE('',(#2496),#2507,.F.);
#2496 = FACE_BOUND('',#2497,.T.);
#2497 = EDGE_LOOP('',(#2498,#2499,#2505,#2506));
#2498 = ORIENTED_EDGE('',*,*,#523,.T.);
#2499 = ORIENTED_EDGE('',*,*,#2500,.T.);
#2500 = EDGE_CURVE('',#524,#1339,#2501,.T.);
#2501 = LINE('',#2502,#2503);
#2502 = CARTESIAN_POINT('',(113.3597,-129.7586,-4.6E-02));
#2503 = VECTOR('',#2504,1.);
#2504 = DIRECTION('',(0.,0.,1.));
#2505 = ORIENTED_EDGE('',*,*,#1338,.F.);
#2506 = ORIENTED_EDGE('',*,*,#2500,.F.);
#2507 = CYLINDRICAL_SURFACE('',#2508,1.);
#2508 = AXIS2_PLACEMENT_3D('',#2509,#2510,#2511);
#2509 = CARTESIAN_POINT('',(113.3597,-128.7586,-4.6E-02));
#2510 = DIRECTION('',(-0.,-0.,-1.));
#2511 = DIRECTION('',(-0.,-1.,0.));
#2512 = ADVANCED_FACE('',(#2513),#2524,.F.);
#2513 = FACE_BOUND('',#2514,.T.);
#2514 = EDGE_LOOP('',(#2515,#2516,#2522,#2523));
#2515 = ORIENTED_EDGE('',*,*,#534,.T.);
#2516 = ORIENTED_EDGE('',*,*,#2517,.T.);
#2517 = EDGE_CURVE('',#535,#1350,#2518,.T.);
#2518 = LINE('',#2519,#2520);
#2519 = CARTESIAN_POINT('',(110.1065,-122.8196,-4.6E-02));
#2520 = VECTOR('',#2521,1.);
#2521 = DIRECTION('',(0.,0.,1.));
#2522 = ORIENTED_EDGE('',*,*,#1349,.F.);
#2523 = ORIENTED_EDGE('',*,*,#2517,.F.);
#2524 = CYLINDRICAL_SURFACE('',#2525,0.925);
#2525 = AXIS2_PLACEMENT_3D('',#2526,#2527,#2528);
#2526 = CARTESIAN_POINT('',(110.1065,-121.8946,-4.6E-02));
#2527 = DIRECTION('',(-0.,-0.,-1.));
#2528 = DIRECTION('',(-0.,-1.,0.));
#2529 = ADVANCED_FACE('',(#2530),#2541,.F.);
#2530 = FACE_BOUND('',#2531,.T.);
#2531 = EDGE_LOOP('',(#2532,#2533,#2539,#2540));
#2532 = ORIENTED_EDGE('',*,*,#545,.T.);
#2533 = ORIENTED_EDGE('',*,*,#2534,.T.);
#2534 = EDGE_CURVE('',#546,#1361,#2535,.T.);
#2535 = LINE('',#2536,#2537);
#2536 = CARTESIAN_POINT('',(115.6065,-122.8196,-4.6E-02));
#2537 = VECTOR('',#2538,1.);
#2538 = DIRECTION('',(0.,0.,1.));
#2539 = ORIENTED_EDGE('',*,*,#1360,.F.);
#2540 = ORIENTED_EDGE('',*,*,#2534,.F.);
#2541 = CYLINDRICAL_SURFACE('',#2542,0.925);
#2542 = AXIS2_PLACEMENT_3D('',#2543,#2544,#2545);
#2543 = CARTESIAN_POINT('',(115.6065,-121.8946,-4.6E-02));
#2544 = DIRECTION('',(-0.,-0.,-1.));
#2545 = DIRECTION('',(-0.,-1.,0.));
#2546 = ADVANCED_FACE('',(#2547),#2558,.F.);
#2547 = FACE_BOUND('',#2548,.T.);
#2548 = EDGE_LOOP('',(#2549,#2550,#2556,#2557));
#2549 = ORIENTED_EDGE('',*,*,#556,.T.);
#2550 = ORIENTED_EDGE('',*,*,#2551,.T.);
#2551 = EDGE_CURVE('',#557,#1372,#2552,.T.);
#2552 = LINE('',#2553,#2554);
#2553 = CARTESIAN_POINT('',(166.9161,-168.6804,-4.6E-02));
#2554 = VECTOR('',#2555,1.);
#2555 = DIRECTION('',(0.,0.,1.));
#2556 = ORIENTED_EDGE('',*,*,#1371,.F.);
#2557 = ORIENTED_EDGE('',*,*,#2551,.F.);
#2558 = CYLINDRICAL_SURFACE('',#2559,0.85);
#2559 = AXIS2_PLACEMENT_3D('',#2560,#2561,#2562);
#2560 = CARTESIAN_POINT('',(166.9161,-167.8304,-4.6E-02));
#2561 = DIRECTION('',(-0.,-0.,-1.));
#2562 = DIRECTION('',(-0.,-1.,0.));
#2563 = ADVANCED_FACE('',(#2564),#2575,.F.);
#2564 = FACE_BOUND('',#2565,.T.);
#2565 = EDGE_LOOP('',(#2566,#2567,#2573,#2574));
#2566 = ORIENTED_EDGE('',*,*,#567,.T.);
#2567 = ORIENTED_EDGE('',*,*,#2568,.T.);
#2568 = EDGE_CURVE('',#568,#1383,#2569,.T.);
#2569 = LINE('',#2570,#2571);
#2570 = CARTESIAN_POINT('',(172.9161,-166.1804,-4.6E-02));
#2571 = VECTOR('',#2572,1.);
#2572 = DIRECTION('',(0.,0.,1.));
#2573 = ORIENTED_EDGE('',*,*,#1382,.F.);
#2574 = ORIENTED_EDGE('',*,*,#2568,.F.);
#2575 = CYLINDRICAL_SURFACE('',#2576,1.5);
#2576 = AXIS2_PLACEMENT_3D('',#2577,#2578,#2579);
#2577 = CARTESIAN_POINT('',(172.9161,-164.6804,-4.6E-02));
#2578 = DIRECTION('',(-0.,-0.,-1.));
#2579 = DIRECTION('',(-0.,-1.,0.));
#2580 = ADVANCED_FACE('',(#2581),#2592,.F.);
#2581 = FACE_BOUND('',#2582,.T.);
#2582 = EDGE_LOOP('',(#2583,#2584,#2590,#2591));
#2583 = ORIENTED_EDGE('',*,*,#578,.T.);
#2584 = ORIENTED_EDGE('',*,*,#2585,.T.);
#2585 = EDGE_CURVE('',#579,#1394,#2586,.T.);
#2586 = LINE('',#2587,#2588);
#2587 = CARTESIAN_POINT('',(166.9161,-155.1804,-4.6E-02));
#2588 = VECTOR('',#2589,1.);
#2589 = DIRECTION('',(0.,0.,1.));
#2590 = ORIENTED_EDGE('',*,*,#1393,.F.);
#2591 = ORIENTED_EDGE('',*,*,#2585,.F.);
#2592 = CYLINDRICAL_SURFACE('',#2593,0.85);
#2593 = AXIS2_PLACEMENT_3D('',#2594,#2595,#2596);
#2594 = CARTESIAN_POINT('',(166.9161,-154.3304,-4.6E-02));
#2595 = DIRECTION('',(-0.,-0.,-1.));
#2596 = DIRECTION('',(-0.,-1.,0.));
#2597 = ADVANCED_FACE('',(#2598),#2609,.F.);
#2598 = FACE_BOUND('',#2599,.T.);
#2599 = EDGE_LOOP('',(#2600,#2601,#2607,#2608));
#2600 = ORIENTED_EDGE('',*,*,#589,.T.);
#2601 = ORIENTED_EDGE('',*,*,#2602,.T.);
#2602 = EDGE_CURVE('',#590,#1405,#2603,.T.);
#2603 = LINE('',#2604,#2605);
#2604 = CARTESIAN_POINT('',(172.9161,-158.9804,-4.6E-02));
#2605 = VECTOR('',#2606,1.);
#2606 = DIRECTION('',(0.,0.,1.));
#2607 = ORIENTED_EDGE('',*,*,#1404,.F.);
#2608 = ORIENTED_EDGE('',*,*,#2602,.F.);
#2609 = CYLINDRICAL_SURFACE('',#2610,1.5);
#2610 = AXIS2_PLACEMENT_3D('',#2611,#2612,#2613);
#2611 = CARTESIAN_POINT('',(172.9161,-157.4804,-4.6E-02));
#2612 = DIRECTION('',(-0.,-0.,-1.));
#2613 = DIRECTION('',(-0.,-1.,0.));
#2614 = ADVANCED_FACE('',(#2615),#2626,.F.);
#2615 = FACE_BOUND('',#2616,.T.);
#2616 = EDGE_LOOP('',(#2617,#2618,#2624,#2625));
#2617 = ORIENTED_EDGE('',*,*,#600,.T.);
#2618 = ORIENTED_EDGE('',*,*,#2619,.T.);
#2619 = EDGE_CURVE('',#601,#1416,#2620,.T.);
#2620 = LINE('',#2621,#2622);
#2621 = CARTESIAN_POINT('',(186.26214,-157.7464,-4.6E-02));
#2622 = VECTOR('',#2623,1.);
#2623 = DIRECTION('',(0.,0.,1.));
#2624 = ORIENTED_EDGE('',*,*,#1415,.F.);
#2625 = ORIENTED_EDGE('',*,*,#2619,.F.);
#2626 = CYLINDRICAL_SURFACE('',#2627,0.75);
#2627 = AXIS2_PLACEMENT_3D('',#2628,#2629,#2630);
#2628 = CARTESIAN_POINT('',(186.26214,-156.9964,-4.6E-02));
#2629 = DIRECTION('',(-0.,-0.,-1.));
#2630 = DIRECTION('',(-0.,-1.,0.));
#2631 = ADVANCED_FACE('',(#2632),#2643,.F.);
#2632 = FACE_BOUND('',#2633,.T.);
#2633 = EDGE_LOOP('',(#2634,#2635,#2641,#2642));
#2634 = ORIENTED_EDGE('',*,*,#611,.T.);
#2635 = ORIENTED_EDGE('',*,*,#2636,.T.);
#2636 = EDGE_CURVE('',#612,#1427,#2637,.T.);
#2637 = LINE('',#2638,#2639);
#2638 = CARTESIAN_POINT('',(187.93421,-155.99086,-4.6E-02));
#2639 = VECTOR('',#2640,1.);
#2640 = DIRECTION('',(0.,0.,1.));
#2641 = ORIENTED_EDGE('',*,*,#1426,.F.);
#2642 = ORIENTED_EDGE('',*,*,#2636,.F.);
#2643 = CYLINDRICAL_SURFACE('',#2644,0.5);
#2644 = AXIS2_PLACEMENT_3D('',#2645,#2646,#2647);
#2645 = CARTESIAN_POINT('',(187.93421,-155.49086,-4.6E-02));
#2646 = DIRECTION('',(-0.,-0.,-1.));
#2647 = DIRECTION('',(-0.,-1.,0.));
#2648 = ADVANCED_FACE('',(#2649),#2660,.F.);
#2649 = FACE_BOUND('',#2650,.T.);
#2650 = EDGE_LOOP('',(#2651,#2652,#2658,#2659));
#2651 = ORIENTED_EDGE('',*,*,#622,.T.);
#2652 = ORIENTED_EDGE('',*,*,#2653,.T.);
#2653 = EDGE_CURVE('',#623,#1438,#2654,.T.);
#2654 = LINE('',#2655,#2656);
#2655 = CARTESIAN_POINT('',(189.4205,-154.6526,-4.6E-02));
#2656 = VECTOR('',#2657,1.);
#2657 = DIRECTION('',(0.,0.,1.));
#2658 = ORIENTED_EDGE('',*,*,#1437,.F.);
#2659 = ORIENTED_EDGE('',*,*,#2653,.F.);
#2660 = CYLINDRICAL_SURFACE('',#2661,0.5);
#2661 = AXIS2_PLACEMENT_3D('',#2662,#2663,#2664);
#2662 = CARTESIAN_POINT('',(189.4205,-154.1526,-4.6E-02));
#2663 = DIRECTION('',(-0.,-0.,-1.));
#2664 = DIRECTION('',(-0.,-1.,0.));
#2665 = ADVANCED_FACE('',(#2666),#2677,.F.);
#2666 = FACE_BOUND('',#2667,.T.);
#2667 = EDGE_LOOP('',(#2668,#2669,#2675,#2676));
#2668 = ORIENTED_EDGE('',*,*,#633,.T.);
#2669 = ORIENTED_EDGE('',*,*,#2670,.T.);
#2670 = EDGE_CURVE('',#634,#1449,#2671,.T.);
#2671 = LINE('',#2672,#2673);
#2672 = CARTESIAN_POINT('',(190.90679,-153.31434,-4.6E-02));
#2673 = VECTOR('',#2674,1.);
#2674 = DIRECTION('',(0.,0.,1.));
#2675 = ORIENTED_EDGE('',*,*,#1448,.F.);
#2676 = ORIENTED_EDGE('',*,*,#2670,.F.);
#2677 = CYLINDRICAL_SURFACE('',#2678,0.5);
#2678 = AXIS2_PLACEMENT_3D('',#2679,#2680,#2681);
#2679 = CARTESIAN_POINT('',(190.90679,-152.81434,-4.6E-02));
#2680 = DIRECTION('',(-0.,-0.,-1.));
#2681 = DIRECTION('',(-0.,-1.,0.));
#2682 = ADVANCED_FACE('',(#2683),#2694,.F.);
#2683 = FACE_BOUND('',#2684,.T.);
#2684 = EDGE_LOOP('',(#2685,#2686,#2692,#2693));
#2685 = ORIENTED_EDGE('',*,*,#644,.T.);
#2686 = ORIENTED_EDGE('',*,*,#2687,.T.);
#2687 = EDGE_CURVE('',#645,#1460,#2688,.T.);
#2688 = LINE('',#2689,#2690);
#2689 = CARTESIAN_POINT('',(192.57887,-152.05879,-4.6E-02));
#2690 = VECTOR('',#2691,1.);
#2691 = DIRECTION('',(0.,0.,1.));
#2692 = ORIENTED_EDGE('',*,*,#1459,.F.);
#2693 = ORIENTED_EDGE('',*,*,#2687,.F.);
#2694 = CYLINDRICAL_SURFACE('',#2695,0.75);
#2695 = AXIS2_PLACEMENT_3D('',#2696,#2697,#2698);
#2696 = CARTESIAN_POINT('',(192.57887,-151.30879,-4.6E-02));
#2697 = DIRECTION('',(-0.,-0.,-1.));
#2698 = DIRECTION('',(-0.,-1.,0.));
#2699 = ADVANCED_FACE('',(#2700),#2711,.F.);
#2700 = FACE_BOUND('',#2701,.T.);
#2701 = EDGE_LOOP('',(#2702,#2703,#2709,#2710));
#2702 = ORIENTED_EDGE('',*,*,#655,.T.);
#2703 = ORIENTED_EDGE('',*,*,#2704,.T.);
#2704 = EDGE_CURVE('',#656,#1471,#2705,.T.);
#2705 = LINE('',#2706,#2707);
#2706 = CARTESIAN_POINT('',(172.4041,-123.8864,-4.6E-02));
#2707 = VECTOR('',#2708,1.);
#2708 = DIRECTION('',(0.,0.,1.));
#2709 = ORIENTED_EDGE('',*,*,#1470,.F.);
#2710 = ORIENTED_EDGE('',*,*,#2704,.F.);
#2711 = CYLINDRICAL_SURFACE('',#2712,0.925);
#2712 = AXIS2_PLACEMENT_3D('',#2713,#2714,#2715);
#2713 = CARTESIAN_POINT('',(172.4041,-122.9614,-4.6E-02));
#2714 = DIRECTION('',(-0.,-0.,-1.));
#2715 = DIRECTION('',(-0.,-1.,0.));
#2716 = ADVANCED_FACE('',(#2717),#2728,.F.);
#2717 = FACE_BOUND('',#2718,.T.);
#2718 = EDGE_LOOP('',(#2719,#2720,#2726,#2727));
#2719 = ORIENTED_EDGE('',*,*,#666,.T.);
#2720 = ORIENTED_EDGE('',*,*,#2721,.T.);
#2721 = EDGE_CURVE('',#667,#1482,#2722,.T.);
#2722 = LINE('',#2723,#2724);
#2723 = CARTESIAN_POINT('',(177.9041,-123.8864,-4.6E-02));
#2724 = VECTOR('',#2725,1.);
#2725 = DIRECTION('',(0.,0.,1.));
#2726 = ORIENTED_EDGE('',*,*,#1481,.F.);
#2727 = ORIENTED_EDGE('',*,*,#2721,.F.);
#2728 = CYLINDRICAL_SURFACE('',#2729,0.925);
#2729 = AXIS2_PLACEMENT_3D('',#2730,#2731,#2732);
#2730 = CARTESIAN_POINT('',(177.9041,-122.9614,-4.6E-02));
#2731 = DIRECTION('',(-0.,-0.,-1.));
#2732 = DIRECTION('',(-0.,-1.,0.));
#2733 = ADVANCED_FACE('',(#2734),#2745,.F.);
#2734 = FACE_BOUND('',#2735,.T.);
#2735 = EDGE_LOOP('',(#2736,#2737,#2743,#2744));
#2736 = ORIENTED_EDGE('',*,*,#677,.T.);
#2737 = ORIENTED_EDGE('',*,*,#2738,.T.);
#2738 = EDGE_CURVE('',#678,#1493,#2739,.T.);
#2739 = LINE('',#2740,#2741);
#2740 = CARTESIAN_POINT('',(185.2041,-124.4864,-4.6E-02));
#2741 = VECTOR('',#2742,1.);
#2742 = DIRECTION('',(0.,0.,1.));
#2743 = ORIENTED_EDGE('',*,*,#1492,.F.);
#2744 = ORIENTED_EDGE('',*,*,#2738,.F.);
#2745 = CYLINDRICAL_SURFACE('',#2746,1.525);
#2746 = AXIS2_PLACEMENT_3D('',#2747,#2748,#2749);
#2747 = CARTESIAN_POINT('',(185.2041,-122.9614,-4.6E-02));
#2748 = DIRECTION('',(-0.,0.,-1.));
#2749 = DIRECTION('',(1.863718651174E-14,-1.,-0.));
#2750 = ADVANCED_FACE('',(#2751),#2762,.F.);
#2751 = FACE_BOUND('',#2752,.T.);
#2752 = EDGE_LOOP('',(#2753,#2754,#2760,#2761));
#2753 = ORIENTED_EDGE('',*,*,#688,.T.);
#2754 = ORIENTED_EDGE('',*,*,#2755,.T.);
#2755 = EDGE_CURVE('',#689,#1504,#2756,.T.);
#2756 = LINE('',#2757,#2758);
#2757 = CARTESIAN_POINT('',(209.5371,-114.9832,-4.6E-02));
#2758 = VECTOR('',#2759,1.);
#2759 = DIRECTION('',(0.,0.,1.));
#2760 = ORIENTED_EDGE('',*,*,#1503,.F.);
#2761 = ORIENTED_EDGE('',*,*,#2755,.F.);
#2762 = CYLINDRICAL_SURFACE('',#2763,1.75);
#2763 = AXIS2_PLACEMENT_3D('',#2764,#2765,#2766);
#2764 = CARTESIAN_POINT('',(209.5371,-113.2332,-4.6E-02));
#2765 = DIRECTION('',(-0.,-0.,-1.));
#2766 = DIRECTION('',(-0.,-1.,0.));
#2767 = ADVANCED_FACE('',(#2768),#2779,.F.);
#2768 = FACE_BOUND('',#2769,.T.);
#2769 = EDGE_LOOP('',(#2770,#2771,#2777,#2778));
#2770 = ORIENTED_EDGE('',*,*,#699,.T.);
#2771 = ORIENTED_EDGE('',*,*,#2772,.T.);
#2772 = EDGE_CURVE('',#700,#1515,#2773,.T.);
#2773 = LINE('',#2774,#2775);
#2774 = CARTESIAN_POINT('',(94.5261,-104.9856,-4.6E-02));
#2775 = VECTOR('',#2776,1.);
#2776 = DIRECTION('',(0.,0.,1.));
#2777 = ORIENTED_EDGE('',*,*,#1514,.F.);
#2778 = ORIENTED_EDGE('',*,*,#2772,.F.);
#2779 = CYLINDRICAL_SURFACE('',#2780,0.45);
#2780 = AXIS2_PLACEMENT_3D('',#2781,#2782,#2783);
#2781 = CARTESIAN_POINT('',(94.5261,-104.5356,-4.6E-02));
#2782 = DIRECTION('',(-0.,-0.,-1.));
#2783 = DIRECTION('',(-0.,-1.,0.));
#2784 = ADVANCED_FACE('',(#2785),#2796,.F.);
#2785 = FACE_BOUND('',#2786,.T.);
#2786 = EDGE_LOOP('',(#2787,#2788,#2794,#2795));
#2787 = ORIENTED_EDGE('',*,*,#710,.T.);
#2788 = ORIENTED_EDGE('',*,*,#2789,.T.);
#2789 = EDGE_CURVE('',#711,#1526,#2790,.T.);
#2790 = LINE('',#2791,#2792);
#2791 = CARTESIAN_POINT('',(74.2821,-77.0102,-4.6E-02));
#2792 = VECTOR('',#2793,1.);
#2793 = DIRECTION('',(0.,0.,1.));
#2794 = ORIENTED_EDGE('',*,*,#1525,.F.);
#2795 = ORIENTED_EDGE('',*,*,#2789,.F.);
#2796 = CYLINDRICAL_SURFACE('',#2797,1.75);
#2797 = AXIS2_PLACEMENT_3D('',#2798,#2799,#2800);
#2798 = CARTESIAN_POINT('',(74.2821,-75.2602,-4.6E-02));
#2799 = DIRECTION('',(-0.,-0.,-1.));
#2800 = DIRECTION('',(-0.,-1.,0.));
#2801 = ADVANCED_FACE('',(#2802),#2813,.F.);
#2802 = FACE_BOUND('',#2803,.T.);
#2803 = EDGE_LOOP('',(#2804,#2805,#2811,#2812));
#2804 = ORIENTED_EDGE('',*,*,#721,.T.);
#2805 = ORIENTED_EDGE('',*,*,#2806,.T.);
#2806 = EDGE_CURVE('',#722,#1537,#2807,.T.);
#2807 = LINE('',#2808,#2809);
#2808 = CARTESIAN_POINT('',(85.2803,-69.4872,-4.6E-02));
#2809 = VECTOR('',#2810,1.);
#2810 = DIRECTION('',(0.,0.,1.));
#2811 = ORIENTED_EDGE('',*,*,#1536,.F.);
#2812 = ORIENTED_EDGE('',*,*,#2806,.F.);
#2813 = CYLINDRICAL_SURFACE('',#2814,0.45);
#2814 = AXIS2_PLACEMENT_3D('',#2815,#2816,#2817);
#2815 = CARTESIAN_POINT('',(85.2803,-69.0372,-4.6E-02));
#2816 = DIRECTION('',(-0.,-0.,-1.));
#2817 = DIRECTION('',(-0.,-1.,0.));
#2818 = ADVANCED_FACE('',(#2819),#2830,.F.);
#2819 = FACE_BOUND('',#2820,.T.);
#2820 = EDGE_LOOP('',(#2821,#2822,#2828,#2829));
#2821 = ORIENTED_EDGE('',*,*,#732,.T.);
#2822 = ORIENTED_EDGE('',*,*,#2823,.T.);
#2823 = EDGE_CURVE('',#733,#1548,#2824,.T.);
#2824 = LINE('',#2825,#2826);
#2825 = CARTESIAN_POINT('',(85.2803,-66.9472,-4.6E-02));
#2826 = VECTOR('',#2827,1.);
#2827 = DIRECTION('',(0.,0.,1.));
#2828 = ORIENTED_EDGE('',*,*,#1547,.F.);
#2829 = ORIENTED_EDGE('',*,*,#2823,.F.);
#2830 = CYLINDRICAL_SURFACE('',#2831,0.45);
#2831 = AXIS2_PLACEMENT_3D('',#2832,#2833,#2834);
#2832 = CARTESIAN_POINT('',(85.2803,-66.4972,-4.6E-02));
#2833 = DIRECTION('',(-0.,-0.,-1.));
#2834 = DIRECTION('',(-0.,-1.,0.));
#2835 = ADVANCED_FACE('',(#2836),#2847,.F.);
#2836 = FACE_BOUND('',#2837,.T.);
#2837 = EDGE_LOOP('',(#2838,#2839,#2845,#2846));
#2838 = ORIENTED_EDGE('',*,*,#743,.T.);
#2839 = ORIENTED_EDGE('',*,*,#2840,.T.);
#2840 = EDGE_CURVE('',#744,#1559,#2841,.T.);
#2841 = LINE('',#2842,#2843);
#2842 = CARTESIAN_POINT('',(87.8203,-69.4872,-4.6E-02));
#2843 = VECTOR('',#2844,1.);
#2844 = DIRECTION('',(0.,0.,1.));
#2845 = ORIENTED_EDGE('',*,*,#1558,.F.);
#2846 = ORIENTED_EDGE('',*,*,#2840,.F.);
#2847 = CYLINDRICAL_SURFACE('',#2848,0.45);
#2848 = AXIS2_PLACEMENT_3D('',#2849,#2850,#2851);
#2849 = CARTESIAN_POINT('',(87.8203,-69.0372,-4.6E-02));
#2850 = DIRECTION('',(-0.,-0.,-1.));
#2851 = DIRECTION('',(-0.,-1.,0.));
#2852 = ADVANCED_FACE('',(#2853),#2864,.F.);
#2853 = FACE_BOUND('',#2854,.T.);
#2854 = EDGE_LOOP('',(#2855,#2856,#2862,#2863));
#2855 = ORIENTED_EDGE('',*,*,#754,.T.);
#2856 = ORIENTED_EDGE('',*,*,#2857,.T.);
#2857 = EDGE_CURVE('',#755,#1570,#2858,.T.);
#2858 = LINE('',#2859,#2860);
#2859 = CARTESIAN_POINT('',(87.8203,-66.9472,-4.6E-02));
#2860 = VECTOR('',#2861,1.);
#2861 = DIRECTION('',(0.,0.,1.));
#2862 = ORIENTED_EDGE('',*,*,#1569,.F.);
#2863 = ORIENTED_EDGE('',*,*,#2857,.F.);
#2864 = CYLINDRICAL_SURFACE('',#2865,0.45);
#2865 = AXIS2_PLACEMENT_3D('',#2866,#2867,#2868);
#2866 = CARTESIAN_POINT('',(87.8203,-66.4972,-4.6E-02));
#2867 = DIRECTION('',(-0.,-0.,-1.));
#2868 = DIRECTION('',(-0.,-1.,0.));
#2869 = ADVANCED_FACE('',(#2870),#2881,.F.);
#2870 = FACE_BOUND('',#2871,.T.);
#2871 = EDGE_LOOP('',(#2872,#2873,#2879,#2880));
#2872 = ORIENTED_EDGE('',*,*,#765,.T.);
#2873 = ORIENTED_EDGE('',*,*,#2874,.T.);
#2874 = EDGE_CURVE('',#766,#1581,#2875,.T.);
#2875 = LINE('',#2876,#2877);
#2876 = CARTESIAN_POINT('',(85.2803,-64.4072,-4.6E-02));
#2877 = VECTOR('',#2878,1.);
#2878 = DIRECTION('',(0.,0.,1.));
#2879 = ORIENTED_EDGE('',*,*,#1580,.F.);
#2880 = ORIENTED_EDGE('',*,*,#2874,.F.);
#2881 = CYLINDRICAL_SURFACE('',#2882,0.45);
#2882 = AXIS2_PLACEMENT_3D('',#2883,#2884,#2885);
#2883 = CARTESIAN_POINT('',(85.2803,-63.9572,-4.6E-02));
#2884 = DIRECTION('',(-0.,-0.,-1.));
#2885 = DIRECTION('',(-0.,-1.,0.));
#2886 = ADVANCED_FACE('',(#2887),#2898,.F.);
#2887 = FACE_BOUND('',#2888,.T.);
#2888 = EDGE_LOOP('',(#2889,#2890,#2896,#2897));
#2889 = ORIENTED_EDGE('',*,*,#776,.T.);
#2890 = ORIENTED_EDGE('',*,*,#2891,.T.);
#2891 = EDGE_CURVE('',#777,#1592,#2892,.T.);
#2892 = LINE('',#2893,#2894);
#2893 = CARTESIAN_POINT('',(87.8203,-64.4072,-4.6E-02));
#2894 = VECTOR('',#2895,1.);
#2895 = DIRECTION('',(0.,0.,1.));
#2896 = ORIENTED_EDGE('',*,*,#1591,.F.);
#2897 = ORIENTED_EDGE('',*,*,#2891,.F.);
#2898 = CYLINDRICAL_SURFACE('',#2899,0.45);
#2899 = AXIS2_PLACEMENT_3D('',#2900,#2901,#2902);
#2900 = CARTESIAN_POINT('',(87.8203,-63.9572,-4.6E-02));
#2901 = DIRECTION('',(-0.,-0.,-1.));
#2902 = DIRECTION('',(-0.,-1.,0.));
#2903 = ADVANCED_FACE('',(#2904),#2915,.F.);
#2904 = FACE_BOUND('',#2905,.T.);
#2905 = EDGE_LOOP('',(#2906,#2907,#2913,#2914));
#2906 = ORIENTED_EDGE('',*,*,#787,.T.);
#2907 = ORIENTED_EDGE('',*,*,#2908,.T.);
#2908 = EDGE_CURVE('',#788,#1603,#2909,.T.);
#2909 = LINE('',#2910,#2911);
#2910 = CARTESIAN_POINT('',(85.2803,-61.8672,-4.6E-02));
#2911 = VECTOR('',#2912,1.);
#2912 = DIRECTION('',(0.,0.,1.));
#2913 = ORIENTED_EDGE('',*,*,#1602,.F.);
#2914 = ORIENTED_EDGE('',*,*,#2908,.F.);
#2915 = CYLINDRICAL_SURFACE('',#2916,0.45);
#2916 = AXIS2_PLACEMENT_3D('',#2917,#2918,#2919);
#2917 = CARTESIAN_POINT('',(85.2803,-61.4172,-4.6E-02));
#2918 = DIRECTION('',(-0.,-0.,-1.));
#2919 = DIRECTION('',(-0.,-1.,0.));
#2920 = ADVANCED_FACE('',(#2921),#2932,.F.);
#2921 = FACE_BOUND('',#2922,.T.);
#2922 = EDGE_LOOP('',(#2923,#2924,#2930,#2931));
#2923 = ORIENTED_EDGE('',*,*,#798,.T.);
#2924 = ORIENTED_EDGE('',*,*,#2925,.T.);
#2925 = EDGE_CURVE('',#799,#1614,#2926,.T.);
#2926 = LINE('',#2927,#2928);
#2927 = CARTESIAN_POINT('',(85.2803,-59.3272,-4.6E-02));
#2928 = VECTOR('',#2929,1.);
#2929 = DIRECTION('',(0.,0.,1.));
#2930 = ORIENTED_EDGE('',*,*,#1613,.F.);
#2931 = ORIENTED_EDGE('',*,*,#2925,.F.);
#2932 = CYLINDRICAL_SURFACE('',#2933,0.45);
#2933 = AXIS2_PLACEMENT_3D('',#2934,#2935,#2936);
#2934 = CARTESIAN_POINT('',(85.2803,-58.8772,-4.6E-02));
#2935 = DIRECTION('',(-0.,-0.,-1.));
#2936 = DIRECTION('',(-0.,-1.,0.));
#2937 = ADVANCED_FACE('',(#2938),#2949,.F.);
#2938 = FACE_BOUND('',#2939,.T.);
#2939 = EDGE_LOOP('',(#2940,#2941,#2947,#2948));
#2940 = ORIENTED_EDGE('',*,*,#809,.T.);
#2941 = ORIENTED_EDGE('',*,*,#2942,.T.);
#2942 = EDGE_CURVE('',#810,#1625,#2943,.T.);
#2943 = LINE('',#2944,#2945);
#2944 = CARTESIAN_POINT('',(87.8203,-61.8672,-4.6E-02));
#2945 = VECTOR('',#2946,1.);
#2946 = DIRECTION('',(0.,0.,1.));
#2947 = ORIENTED_EDGE('',*,*,#1624,.F.);
#2948 = ORIENTED_EDGE('',*,*,#2942,.F.);
#2949 = CYLINDRICAL_SURFACE('',#2950,0.45);
#2950 = AXIS2_PLACEMENT_3D('',#2951,#2952,#2953);
#2951 = CARTESIAN_POINT('',(87.8203,-61.4172,-4.6E-02));
#2952 = DIRECTION('',(-0.,-0.,-1.));
#2953 = DIRECTION('',(-0.,-1.,0.));
#2954 = ADVANCED_FACE('',(#2955),#2966,.F.);
#2955 = FACE_BOUND('',#2956,.T.);
#2956 = EDGE_LOOP('',(#2957,#2958,#2964,#2965));
#2957 = ORIENTED_EDGE('',*,*,#820,.T.);
#2958 = ORIENTED_EDGE('',*,*,#2959,.T.);
#2959 = EDGE_CURVE('',#821,#1636,#2960,.T.);
#2960 = LINE('',#2961,#2962);
#2961 = CARTESIAN_POINT('',(87.8203,-59.3272,-4.6E-02));
#2962 = VECTOR('',#2963,1.);
#2963 = DIRECTION('',(0.,0.,1.));
#2964 = ORIENTED_EDGE('',*,*,#1635,.F.);
#2965 = ORIENTED_EDGE('',*,*,#2959,.F.);
#2966 = CYLINDRICAL_SURFACE('',#2967,0.45);
#2967 = AXIS2_PLACEMENT_3D('',#2968,#2969,#2970);
#2968 = CARTESIAN_POINT('',(87.8203,-58.8772,-4.6E-02));
#2969 = DIRECTION('',(-0.,-0.,-1.));
#2970 = DIRECTION('',(-0.,-1.,0.));
#2971 = ADVANCED_FACE('',(#2972),#2983,.F.);
#2972 = FACE_BOUND('',#2973,.T.);
#2973 = EDGE_LOOP('',(#2974,#2975,#2981,#2982));
#2974 = ORIENTED_EDGE('',*,*,#831,.T.);
#2975 = ORIENTED_EDGE('',*,*,#2976,.T.);
#2976 = EDGE_CURVE('',#832,#1647,#2977,.T.);
#2977 = LINE('',#2978,#2979);
#2978 = CARTESIAN_POINT('',(85.2803,-56.7872,-4.6E-02));
#2979 = VECTOR('',#2980,1.);
#2980 = DIRECTION('',(0.,0.,1.));
#2981 = ORIENTED_EDGE('',*,*,#1646,.F.);
#2982 = ORIENTED_EDGE('',*,*,#2976,.F.);
#2983 = CYLINDRICAL_SURFACE('',#2984,0.45);
#2984 = AXIS2_PLACEMENT_3D('',#2985,#2986,#2987);
#2985 = CARTESIAN_POINT('',(85.2803,-56.3372,-4.6E-02));
#2986 = DIRECTION('',(-0.,-0.,-1.));
#2987 = DIRECTION('',(-0.,-1.,0.));
#2988 = ADVANCED_FACE('',(#2989),#3000,.F.);
#2989 = FACE_BOUND('',#2990,.T.);
#2990 = EDGE_LOOP('',(#2991,#2992,#2998,#2999));
#2991 = ORIENTED_EDGE('',*,*,#842,.T.);
#2992 = ORIENTED_EDGE('',*,*,#2993,.T.);
#2993 = EDGE_CURVE('',#843,#1658,#2994,.T.);
#2994 = LINE('',#2995,#2996);
#2995 = CARTESIAN_POINT('',(87.8203,-56.7872,-4.6E-02));
#2996 = VECTOR('',#2997,1.);
#2997 = DIRECTION('',(0.,0.,1.));
#2998 = ORIENTED_EDGE('',*,*,#1657,.F.);
#2999 = ORIENTED_EDGE('',*,*,#2993,.F.);
#3000 = CYLINDRICAL_SURFACE('',#3001,0.45);
#3001 = AXIS2_PLACEMENT_3D('',#3002,#3003,#3004);
#3002 = CARTESIAN_POINT('',(87.8203,-56.3372,-4.6E-02));
#3003 = DIRECTION('',(-0.,-0.,-1.));
#3004 = DIRECTION('',(-0.,-1.,0.));
#3005 = ADVANCED_FACE('',(#3006),#3017,.F.);
#3006 = FACE_BOUND('',#3007,.T.);
#3007 = EDGE_LOOP('',(#3008,#3014,#3015,#3016));
#3008 = ORIENTED_EDGE('',*,*,#3009,.T.);
#3009 = EDGE_CURVE('',#854,#1669,#3010,.T.);
#3010 = LINE('',#3011,#3012);
#3011 = CARTESIAN_POINT('',(130.93311,-43.4232,0.));
#3012 = VECTOR('',#3013,1.);
#3013 = DIRECTION('',(0.,0.,1.));
#3014 = ORIENTED_EDGE('',*,*,#1668,.T.);
#3015 = ORIENTED_EDGE('',*,*,#3009,.F.);
#3016 = ORIENTED_EDGE('',*,*,#853,.F.);
#3017 = CYLINDRICAL_SURFACE('',#3018,1.75001);
#3018 = AXIS2_PLACEMENT_3D('',#3019,#3020,#3021);
#3019 = CARTESIAN_POINT('',(129.1831,-43.4232,0.));
#3020 = DIRECTION('',(-0.,-0.,-1.));
#3021 = DIRECTION('',(1.,0.,-0.));
#3022 = ADVANCED_FACE('',(#3023),#3034,.F.);
#3023 = FACE_BOUND('',#3024,.T.);
#3024 = EDGE_LOOP('',(#3025,#3026,#3032,#3033));
#3025 = ORIENTED_EDGE('',*,*,#864,.T.);
#3026 = ORIENTED_EDGE('',*,*,#3027,.T.);
#3027 = EDGE_CURVE('',#865,#1680,#3028,.T.);
#3028 = LINE('',#3029,#3030);
#3029 = CARTESIAN_POINT('',(182.3995,-102.8386,-4.6E-02));
#3030 = VECTOR('',#3031,1.);
#3031 = DIRECTION('',(0.,0.,1.));
#3032 = ORIENTED_EDGE('',*,*,#1679,.F.);
#3033 = ORIENTED_EDGE('',*,*,#3027,.F.);
#3034 = CYLINDRICAL_SURFACE('',#3035,0.53);
#3035 = AXIS2_PLACEMENT_3D('',#3036,#3037,#3038);
#3036 = CARTESIAN_POINT('',(182.3995,-102.3086,-4.6E-02));
#3037 = DIRECTION('',(-0.,-0.,-1.));
#3038 = DIRECTION('',(-0.,-1.,0.));
#3039 = ADVANCED_FACE('',(#3040),#3051,.F.);
#3040 = FACE_BOUND('',#3041,.T.);
#3041 = EDGE_LOOP('',(#3042,#3043,#3049,#3050));
#3042 = ORIENTED_EDGE('',*,*,#875,.T.);
#3043 = ORIENTED_EDGE('',*,*,#3044,.T.);
#3044 = EDGE_CURVE('',#876,#1691,#3045,.T.);
#3045 = LINE('',#3046,#3047);
#3046 = CARTESIAN_POINT('',(182.3995,-99.3386,-4.6E-02));
#3047 = VECTOR('',#3048,1.);
#3048 = DIRECTION('',(0.,0.,1.));
#3049 = ORIENTED_EDGE('',*,*,#1690,.F.);
#3050 = ORIENTED_EDGE('',*,*,#3044,.F.);
#3051 = CYLINDRICAL_SURFACE('',#3052,0.53);
#3052 = AXIS2_PLACEMENT_3D('',#3053,#3054,#3055);
#3053 = CARTESIAN_POINT('',(182.3995,-98.8086,-4.6E-02));
#3054 = DIRECTION('',(-0.,-0.,-1.));
#3055 = DIRECTION('',(-0.,-1.,0.));
#3056 = ADVANCED_FACE('',(#3057),#3068,.F.);
#3057 = FACE_BOUND('',#3058,.T.);
#3058 = EDGE_LOOP('',(#3059,#3060,#3066,#3067));
#3059 = ORIENTED_EDGE('',*,*,#886,.T.);
#3060 = ORIENTED_EDGE('',*,*,#3061,.T.);
#3061 = EDGE_CURVE('',#887,#1702,#3062,.T.);
#3062 = LINE('',#3063,#3064);
#3063 = CARTESIAN_POINT('',(190.3095,-102.1036,-4.6E-02));
#3064 = VECTOR('',#3065,1.);
#3065 = DIRECTION('',(0.,0.,1.));
#3066 = ORIENTED_EDGE('',*,*,#1701,.F.);
#3067 = ORIENTED_EDGE('',*,*,#3061,.F.);
#3068 = CYLINDRICAL_SURFACE('',#3069,1.545);
#3069 = AXIS2_PLACEMENT_3D('',#3070,#3071,#3072);
#3070 = CARTESIAN_POINT('',(190.3095,-100.5586,-4.6E-02));
#3071 = DIRECTION('',(-0.,-0.,-1.));
#3072 = DIRECTION('',(-0.,-1.,0.));
#3073 = ADVANCED_FACE('',(#3074),#3085,.F.);
#3074 = FACE_BOUND('',#3075,.T.);
#3075 = EDGE_LOOP('',(#3076,#3077,#3083,#3084));
#3076 = ORIENTED_EDGE('',*,*,#897,.T.);
#3077 = ORIENTED_EDGE('',*,*,#3078,.T.);
#3078 = EDGE_CURVE('',#898,#1713,#3079,.T.);
#3079 = LINE('',#3080,#3081);
#3080 = CARTESIAN_POINT('',(182.3995,-90.9514,-4.6E-02));
#3081 = VECTOR('',#3082,1.);
#3082 = DIRECTION('',(0.,0.,1.));
#3083 = ORIENTED_EDGE('',*,*,#1712,.F.);
#3084 = ORIENTED_EDGE('',*,*,#3078,.F.);
#3085 = CYLINDRICAL_SURFACE('',#3086,0.53);
#3086 = AXIS2_PLACEMENT_3D('',#3087,#3088,#3089);
#3087 = CARTESIAN_POINT('',(182.3995,-90.4214,-4.6E-02));
#3088 = DIRECTION('',(-0.,-0.,-1.));
#3089 = DIRECTION('',(-0.,-1.,0.));
#3090 = ADVANCED_FACE('',(#3091),#3102,.F.);
#3091 = FACE_BOUND('',#3092,.T.);
#3092 = EDGE_LOOP('',(#3093,#3094,#3100,#3101));
#3093 = ORIENTED_EDGE('',*,*,#908,.T.);
#3094 = ORIENTED_EDGE('',*,*,#3095,.T.);
#3095 = EDGE_CURVE('',#909,#1724,#3096,.T.);
#3096 = LINE('',#3097,#3098);
#3097 = CARTESIAN_POINT('',(182.3995,-87.4514,-4.6E-02));
#3098 = VECTOR('',#3099,1.);
#3099 = DIRECTION('',(0.,0.,1.));
#3100 = ORIENTED_EDGE('',*,*,#1723,.F.);
#3101 = ORIENTED_EDGE('',*,*,#3095,.F.);
#3102 = CYLINDRICAL_SURFACE('',#3103,0.53);
#3103 = AXIS2_PLACEMENT_3D('',#3104,#3105,#3106);
#3104 = CARTESIAN_POINT('',(182.3995,-86.9214,-4.6E-02));
#3105 = DIRECTION('',(-0.,-0.,-1.));
#3106 = DIRECTION('',(-0.,-1.,0.));
#3107 = ADVANCED_FACE('',(#3108),#3119,.F.);
#3108 = FACE_BOUND('',#3109,.T.);
#3109 = EDGE_LOOP('',(#3110,#3111,#3117,#3118));
#3110 = ORIENTED_EDGE('',*,*,#919,.T.);
#3111 = ORIENTED_EDGE('',*,*,#3112,.T.);
#3112 = EDGE_CURVE('',#920,#1735,#3113,.T.);
#3113 = LINE('',#3114,#3115);
#3114 = CARTESIAN_POINT('',(190.3095,-90.2164,-4.6E-02));
#3115 = VECTOR('',#3116,1.);
#3116 = DIRECTION('',(0.,0.,1.));
#3117 = ORIENTED_EDGE('',*,*,#1734,.F.);
#3118 = ORIENTED_EDGE('',*,*,#3112,.F.);
#3119 = CYLINDRICAL_SURFACE('',#3120,1.545);
#3120 = AXIS2_PLACEMENT_3D('',#3121,#3122,#3123);
#3121 = CARTESIAN_POINT('',(190.3095,-88.6714,-4.6E-02));
#3122 = DIRECTION('',(-0.,-0.,-1.));
#3123 = DIRECTION('',(-0.,-1.,0.));
#3124 = ADVANCED_FACE('',(#3125),#3136,.F.);
#3125 = FACE_BOUND('',#3126,.T.);
#3126 = EDGE_LOOP('',(#3127,#3128,#3134,#3135));
#3127 = ORIENTED_EDGE('',*,*,#930,.T.);
#3128 = ORIENTED_EDGE('',*,*,#3129,.T.);
#3129 = EDGE_CURVE('',#931,#1746,#3130,.T.);
#3130 = LINE('',#3131,#3132);
#3131 = CARTESIAN_POINT('',(213.0931,-77.1118,-4.6E-02));
#3132 = VECTOR('',#3133,1.);
#3133 = DIRECTION('',(0.,0.,1.));
#3134 = ORIENTED_EDGE('',*,*,#1745,.F.);
#3135 = ORIENTED_EDGE('',*,*,#3129,.F.);
#3136 = CYLINDRICAL_SURFACE('',#3137,1.75);
#3137 = AXIS2_PLACEMENT_3D('',#3138,#3139,#3140);
#3138 = CARTESIAN_POINT('',(213.0931,-75.3618,-4.6E-02));
#3139 = DIRECTION('',(-0.,-0.,-1.));
#3140 = DIRECTION('',(-0.,-1.,0.));
#3141 = ADVANCED_FACE('',(#3142),#3153,.F.);
#3142 = FACE_BOUND('',#3143,.T.);
#3143 = EDGE_LOOP('',(#3144,#3150,#3151,#3152));
#3144 = ORIENTED_EDGE('',*,*,#3145,.T.);
#3145 = EDGE_CURVE('',#942,#1757,#3146,.T.);
#3146 = LINE('',#3147,#3148);
#3147 = CARTESIAN_POINT('',(160.93311,-43.4232,0.));
#3148 = VECTOR('',#3149,1.);
#3149 = DIRECTION('',(0.,0.,1.));
#3150 = ORIENTED_EDGE('',*,*,#1756,.T.);
#3151 = ORIENTED_EDGE('',*,*,#3145,.F.);
#3152 = ORIENTED_EDGE('',*,*,#941,.F.);
#3153 = CYLINDRICAL_SURFACE('',#3154,1.75001);
#3154 = AXIS2_PLACEMENT_3D('',#3155,#3156,#3157);
#3155 = CARTESIAN_POINT('',(159.1831,-43.4232,0.));
#3156 = DIRECTION('',(-0.,-0.,-1.));
#3157 = DIRECTION('',(1.,0.,-0.));
#3158 = ( GEOMETRIC_REPRESENTATION_CONTEXT(3) 
GLOBAL_UNCERTAINTY_ASSIGNED_CONTEXT((#3162)) 
GLOBAL_UNIT_ASSIGNED_CONTEXT((#3159,#3160,#3161)) REPRESENTATION_CONTEXT
('Context #1','3D Context with UNIT and UNCERTAINTY') );
#3159 = ( LENGTH_UNIT() NAMED_UNIT(*) SI_UNIT(.MILLI.,.METRE.) );
#3160 = ( NAMED_UNIT(*) PLANE_ANGLE_UNIT() SI_UNIT($,.RADIAN.) );
#3161 = ( NAMED_UNIT(*) SI_UNIT($,.STERADIAN.) SOLID_ANGLE_UNIT() );
#3162 = UNCERTAINTY_MEASURE_WITH_UNIT(LENGTH_MEASURE(1.E-07),#3159,
  'distance_accuracy_value','confusion accuracy');
#3163 = CONTEXT_DEPENDENT_SHAPE_REPRESENTATION(#3164,#3166);
#3164 = ( REPRESENTATION_RELATIONSHIP('','',#32,#10) 
REPRESENTATION_RELATIONSHIP_WITH_TRANSFORMATION(#3165) 
SHAPE_REPRESENTATION_RELATIONSHIP() );
#3165 = ITEM_DEFINED_TRANSFORMATION('','',#11,#15);
#3166 = PRODUCT_DEFINITION_SHAPE('Placement','Placement of an item',
  #3167);
#3167 = NEXT_ASSEMBLY_USAGE_OCCURRENCE('1','=>[0:1:1:2]','',#5,#27,$);
#3168 = PRODUCT_RELATED_PRODUCT_CATEGORY('part',$,(#29));
#3169 = MECHANICAL_DESIGN_GEOMETRIC_PRESENTATION_REPRESENTATION('',(
    #3170),#3158);
#3170 = STYLED_ITEM('color',(#3171),#33);
#3171 = PRESENTATION_STYLE_ASSIGNMENT((#3172));
#3172 = SURFACE_STYLE_USAGE(.BOTH.,#3173);
#3173 = SURFACE_SIDE_STYLE('',(#3174));
#3174 = SURFACE_STYLE_FILL_AREA(#3175);
#3175 = FILL_AREA_STYLE('',(#3176));
#3176 = FILL_AREA_STYLE_COLOUR('',#3177);
#3177 = COLOUR_RGB('',0.313304153717,0.484529207832,0.410020903123);
ENDSEC;
END-ISO-10303-21;
